image_id,region,lon,lat,captured_at
501865417663914,Outaouais,-75.97926182768,45.830251594688,1530369879000
236424778257987,Outaouais,-75.973455563679,45.820399940238,1503753731000
557833969857206,Outaouais,-75.337123,45.725432,1684576339000
1152243065274215,Outaouais,-75.97925576887,45.830283296552,1530272921000
6099190576833487,Estrie,-72.35374,45.02029,1682168355000
373420785230955,Laval,-73.689391917941,45.608599380863,1703013055214
1184057105377550,Laval,-73.804563888889,45.550111111111,1497963579000
797063154563635,Outaouais,-75.979269407126,45.830236132063,1508504837000
136024955696095,Laval,-73.805368038131,45.551073760162,1653071951348
865542790972274,Outaouais,-75.969562484335,45.831050810279,1569154721000
461039871859827,Laurentides,-74.4541833169,45.85233889453,1530963333000
148284987309212,Laval,-73.804563888889,45.550111111111,1497963579000
9965341360204344,Chaudiere-Appalaches,-70.895265365868,46.304124574549,1693491634000
1081417283076660,Laval,-73.804508831898,45.550122356703,1709473943683
482225009650498,Laval,-73.644088730975,45.649838201114,1433071201580
204084949334741,Chaudiere-Appalaches,-70.871897752668,46.309422240751,1693492107000
542845924461730,Mauricie,-72.769386613549,46.808364691415,1658834562958
1436109133949322,Laval,-73.640802212267,45.653905895946,1709306215050
1005948554349118,Laval,-73.803457660233,45.549613841086,1724151475916
1074950834084858,Monteregie,-73.615540843153,45.419897750759,1605197903209
1186450652957744,Chaudiere-Appalaches,-71.021454078954,46.251242140543,1765121224815
318557110740219,Laval,-73.637952561524,45.653303435642,1693496099640
578348331047887,Mauricie,-72.769458092823,46.807779336775,1687705472000
1757910851447248,Monteregie,-73.618464299689,45.419935218733,1605195530095
254604346872591,Laval,-73.645371026624,45.649885586005,1654001676628
137867072457328,Mauricie,-72.778011635118,46.794795097866,1658835018480
3867375180259218,Monteregie,-73.61651269659,45.419836401659,1605195739428
1489354735846704,Mauricie,-73.958877848523,47.998831695238,1754168754000
1487548425415288,Mauricie,-72.769320493332,46.808246448148,1694810733000
787060573809469,Laval,-73.750639729889,45.639788861303,1756827706851
617980040457229,Gaspesie-Iles-de-la-Madeleine,-65.664041,48.242241,1691148622000
1479819116189030,Mauricie,-72.769173167511,46.80817131045,1695499529000
1976253339470690,Laval,-73.750674690584,45.63986002191,1722700566203
1510806053627582,Mauricie,-73.347976162576,48.050978088579,1754150458000
603588605314288,Gaspesie-Iles-de-la-Madeleine,-65.665796,48.244495,1691148693000
624082162549312,Capitale-Nationale,-70.7340547,47.613250299972,1662473575000
772406617503262,Laurentides,-74.023116021434,45.744690974095,1653672391717
1977546575967528,Laurentides,-75.0632293,47.1690066,1659450388000
3441739836107694,Laval,-73.685598827404,45.610457728853,1654001472553
1161431466202003,Chaudiere-Appalaches,-70.966401443577,46.343846654908,1765121858873
316840979806809,Laval,-73.753366158512,45.545604653665,1583851894722
826353429191256,Laval,-73.685123583413,45.610792026221,1693496342578
529243211417223,Laval,-73.753694886758,45.544305860115,1583861896675
358026567322619,Estrie,-72.200800181019,45.615444762801,1719321689671
4525745484158965,Outaouais,-77.2897741,46.1626124,1627560806000
214050420303584,Laval,-73.751250298603,45.542096776151,1544297290631
192025666300768,Outaouais,-77.260519599972,46.1625591,1627561391000
426796798489000,Laval,-73.750428137063,45.541290608021,1544297271779
2270375393446880,Estrie,-71.958395952509,45.390401727255,1764238820878
1379139830506520,Monteregie,-72.883594023455,45.356082655577,1764370370065
3866824943618556,Estrie,-71.957592623341,45.39214540403,1764519452774
3765632793564096,Laval,-73.751312666834,45.539337144396,1544297065797
176590151741091,Capitale-Nationale,-70.610916669798,47.639360078798,1685533039000
1210037464209887,Laurentides,-75.629558880065,46.610269487831,1755288516000
2937794366488801,Monteregie,-73.237676105556,45.54437694874,1407165574000
574768975673699,Estrie,-71.94653767961,45.39218970312,1748376079623
3335139910059973,Monteregie,-72.892847277755,45.357303550059,1694013926072
176777537657359,Monteregie,-73.238187665877,45.54408270199,1502226203103
1469305106769822,Monteregie,-72.908322638246,45.35964368968,1465732897591
834816599533414,Centre-du-Quebec,-71.656878045488,45.889130373478,1765055738984
479499089965655,Monteregie,-72.890519305159,45.356722298931,1558119393000
297411575254207,Monteregie,-73.215124969517,45.552186475926,1502226062387
1101906157880426,Chaudiere-Appalaches,-70.938832924868,46.680987839104,1690625812000
3938287353109751,Monteregie,-73.002086316392,45.287638916753,1719311691505
529375245114006,Monteregie,-73.210042708269,45.563641406299,1407164563000
464445621525509,Monteregie,-73.00216258658,45.287676035871,1558364815000
1291481872441321,Laval,-73.812411225985,45.578317012298,1756647139596
1055227210113408,Bas-Saint-Laurent,-67.5496474,48.19286,1757259691000
2827621394144368,Monteregie,-73.230661228077,45.546310084808,1407165543000
184849477779597,Monteregie,-73.02518,45.2956,1681147604000
1475662203853785,Laval,-73.812456775203,45.57842221033,1756648806724
2248524648979331,Estrie,-72.230555324469,45.403251484446,1764796420315
1335457073505412,Monteregie,-73.224903050057,45.548019286389,1407165503000
797017646605247,Bas-Saint-Laurent,-67.5482831,48.1846002,1757258980000
1440720560545944,Laval,-73.810036593108,45.577469494383,1758367292344
947641339323426,Monteregie,-73.229545645359,45.546632251324,1407165524000
791802519920798,Bas-Saint-Laurent,-67.5490122,48.1979769,1757258606000
432942505445584,Outaouais,-75.9025684,47.423243999972,1659625954000
2418604011891533,Chaudiere-Appalaches,-71.172108874176,46.570273450685,1765123561842
170444334996806,Monteregie,-73.210923013966,45.556895495831,1502225988342
1467842864540293,Bas-Saint-Laurent,-67.5276196,48.1957069,1757260104000
1430570647518061,Chaudiere-Appalaches,-71.199089476922,46.55326620772,1693489294000
363438826858923,Capitale-Nationale,-71.870401,47.156545,1722197470000
622987589885495,Laval,-73.70196954274,45.610097359135,1703016604250
1026256551834996,Capitale-Nationale,-71.87236,47.149579,1722197545000
221326090642485,Outaouais,-75.011521,46.084764,1684591910000
771387102428961,Laval,-73.70291014692,45.611860438512,1759061626271
145565550887873,Laval,-73.727146711166,45.554016795925,1548532917320
1017831166326052,Laval,-73.702506398475,45.610552273499,1722858583101
1157657644683814,Laval,-73.724116363098,45.551470940225,1553807550624
4111920975551241,Abitibi-Temiscamingue,-79.438216666667,47.489683333333,1531057316000
1652329709124546,Laval,-73.723997588079,45.551523407218,1773521434032
2360464014873178,Estrie,-71.651254329962,45.172370959708,1724523733956
175810207656046,Abitibi-Temiscamingue,-79.438186096647,47.508369446101,1531057387000
1929693201122686,Lanaudiere,-74.291097260671,46.295739066105,1752245640000
2799219583741133,Laval,-73.726895131139,45.55438936351,1516988089675
8951358884916564,Estrie,-71.641187671833,45.17296035799,1724523249138
969352544325446,Gaspesie-Iles-de-la-Madeleine,-65.299066604309,48.128668555598,1691313724000
196404009876372,Gaspesie-Iles-de-la-Madeleine,-65.27766,48.100882,1691314458000
493431655419916,Outaouais,-76.325142477843,46.372065519045,1596669240509
581242622842415,Outaouais,-76.325148335057,46.372025000019,1596346343044
1119272045814664,Monteregie,-74.054715106539,45.387666601446,1717512236633
514321986391899,Outaouais,-76.325220804526,46.371957000117,1596346340007
1388874775373398,Monteregie,-74.054027042585,45.388040072895,1698507532666
634476824616133,Laurentides,-74.306344694339,46.064077481378,1568982569000
1126193105009057,Monteregie,-74.055373071229,45.387060944983,1699700412233
852964311959775,Centre-du-Quebec,-71.846608356651,46.384898505909,1572611013023
794846204754833,Laurentides,-74.289604097115,46.063341740169,1558037486418
312081221672751,Monteregie,-73.757384736796,45.019576730222,1656456445857
1100313617604012,Monteregie,-74.056080094005,45.387639735854,1694971627700
528495683405818,Montreal,-73.762772189584,45.492753968052,1700069616058
1199124544000161,Laurentides,-74.308767559146,46.065943536223,1664643121344
459344765175813,Centre-du-Quebec,-71.854238100427,46.379466466236,1465818727000
1149460670670696,Estrie,-71.093000381181,45.79014137737,1764950864740
263664852723002,Capitale-Nationale,-71.525536430862,46.894569921073,1683287006000
1060300741830918,Monteregie,-74.054039084678,45.388092073069,1700322442650
1387331645545182,Monteregie,-73.757320376661,45.024759962686,1656456397714
1279998216044702,Monteregie,-73.812169205169,45.328393561689,1691177448400
313153350446621,Laurentides,-74.290128979625,46.063394536844,1535466305413
180560990635145,Centre-du-Quebec,-71.840694221418,46.389121654291,1572611035023
854579803141286,Montreal,-73.761337731853,45.495400367674,1700069979609
297950445152838,Monteregie,-73.837947560072,45.315347082522,1545928198162
1218297339219574,Monteregie,-74.053998020342,45.388059465822,1725206920016
967952807736498,Capitale-Nationale,-71.531761160237,46.894383691677,1685202860000
474806730524528,Centre-du-Quebec,-71.843552712064,46.387601789737,1407157955000
225745943459608,Laurentides,-74.308280749032,46.065794383281,1680868441687
311975660326913,Monteregie,-73.811807143279,45.328348816035,1558369700000
1197908157981174,Montreal,-73.760305356194,45.499320022753,1700070117832
151260810275825,Monteregie,-73.838142728458,45.315168630778,1407168361000
583180276456814,Monteregie,-73.838642529283,45.314978880439,1654088989457
272813808502358,Chaudiere-Appalaches,-71.253273409386,46.250469083405,1683452025000
186099356703217,Laval,-73.832454163101,45.520819093146,1557734963000
386740409147014,Laval,-73.776442226785,45.587382496096,1556813223947
295592906321151,Chaudiere-Appalaches,-70.676347404782,46.506564844563,1690645832000
1431080827978055,Laval,-73.750478973383,45.598568866504,1758367158126
1460499821477378,Centre-du-Quebec,-71.968438202664,46.06804082874,1703362058000
24970773025956200,Estrie,-72.372155895994,45.405530824786,1764516776723
660206092819672,Chaudiere-Appalaches,-70.660025768435,46.505999129297,1690645786000
1118210681994457,Estrie,-72.367525042844,45.403820150115,1505046116717
1193654484398314,Laval,-73.776162306668,45.587519465789,1556813309028
846868236431503,Mauricie,-72.752862608482,47.524932722142,1451684191995
1053532430097298,Laval,-73.750334467554,45.598601384333,1755171461587
1178199264122160,Laval,-73.750049356719,45.598669719429,1758369584857
1070299627466709,Montreal,-73.915261324803,45.430679302225,1697212163083
1728625147802305,Montreal,-73.911230642657,45.430234438331,1764354843030
1862890037533698,Saguenay-Lac-Saint-Jean,-71.138260352871,48.287767206508,1722171765000
1021497429499917,Estrie,-72.132189292722,45.661274936824,1719321753301
523065507220200,Montreal,-73.9109935,45.4412664,1723576304000
628109549208567,Outaouais,-75.31626,45.650775,1684575501000
1029823762030726,Monteregie,-74.064669624563,45.35009552481,1723818223616
831489361557795,Chaudiere-Appalaches,-70.558955036307,46.613275941337,1690914600000
796694198185403,Montreal,-73.911402364409,45.441591159832,1661259425736
393656909241795,Centre-du-Quebec,-72.753131285671,46.156874713759,1502211796386
1051247519583447,Chaudiere-Appalaches,-70.553343615477,46.609469702727,1690636288000
382051706970989,Capitale-Nationale,-71.945780672018,46.642384421704,1597331368000
1263255928136382,Montreal,-73.919611992186,45.446424333436,1700157637159
519243553751429,Laval,-73.629999611556,45.690355754699,1681116377715
2957124331212008,Laval,-73.630101125476,45.690588247585,1433070714894
1227093367978527,Chaudiere-Appalaches,-70.553694909243,46.611882564128,1690636608000
376900694612558,Montreal,-73.913333642608,45.443159896577,1661273665667
3996043860489904,Capitale-Nationale,-71.938542236495,46.646259449615,1416038898000
1489091944976265,Laurentides,-74.125781030067,46.090475056251,1709469767916
1258058055453058,Chaudiere-Appalaches,-70.552398419079,46.611038298486,1724686078327
276264540837394,Laval,-73.627064334966,45.68110609186,1433070902302
298315842976791,Capitale-Nationale,-71.938259418028,46.64626628838,1696359404000
1186671999979302,Laval,-73.713064495274,45.588765290278,1761386524897
1164452352294212,Laval,-73.712771530346,45.588667823041,1761392052435
1754480495337800,Mauricie,-73.655413,46.89307,1728325609000
757002440021544,Mauricie,-73.798837,47.831366,1754171995000
1052039015953407,Mauricie,-73.658312,46.884296,1692112424000
2077703192646939,Mauricie,-73.633346,46.897007,1728325291000
328777308841590,Abitibi-Temiscamingue,-77.38555763586,48.077184410853,1531240808000
318841796274136,Outaouais,-75.729841781656,45.491482571336,1504879835000
924403595057702,Abitibi-Temiscamingue,-77.377237662712,48.065115969331,1531240864000
377461506817777,Outaouais,-75.700507079542,45.488667751898,1405695649000
1149873596403061,Chaudiere-Appalaches,-70.828317031806,46.591774041701,1690646585000
1305476257767962,Outaouais,-75.298113059502,46.061193001191,1755194094000
4251780151519469,Outaouais,-75.700666657841,45.488683332692,1486038365000
710029527605444,Chaudiere-Appalaches,-70.825256020122,46.587747734134,1693509185000
1572650503573861,Laval,-73.843109298879,45.557254847968,1759061375688
285724620812912,Chaudiere-Appalaches,-70.826564549374,46.588948114616,1690916390000
1223179415065916,Outaouais,-75.30697,46.069713,1684583911000
489135792233855,Outaouais,-75.700054780757,45.488665052779,1486038361000
247003700504371,Capitale-Nationale,-71.201648319304,46.814478814518,1538929589936
5199973873357931,Capitale-Nationale,-71.207921696779,46.817273138764,1652048578898
340261008381612,Chaudiere-Appalaches,-70.826265027273,46.588802803194,1696440431000
131613835625011,Outaouais,-75.700205140672,45.488604539829,1440164259000
486980785753728,Capitale-Nationale,-71.202242514241,46.812288349354,1538946791756
308405340864726,Outaouais,-75.700180449302,45.504454173795,1447927122112
1112218371119750,Capitale-Nationale,-71.185512893744,46.806151838568,1759163054250
920522439793577,Bas-Saint-Laurent,-67.062776,48.801773,1719670420000
807855856518833,Outaouais,-75.700544499905,45.5044055484,1489319847000
1573031060604111,Estrie,-72.048249206371,45.537404469263,1765044373184
1423390671921895,Monteregie,-74.049365018509,45.357688350245,1704227753000
1049382166868030,Laval,-73.540890365512,45.672582342021,1699115171465
288527596312338,Monteregie,-74.049958602121,45.354385405295,1583783710623
1524448958980700,Laval,-73.733370344026,45.598790965019,1758964940042
1068041234117494,Laval,-73.726414615665,45.601021166298,1654277843273
412099795287909,Laval,-73.5422302,45.6728406,1719934377000
1091946286037286,Laval,-73.731629448154,45.600530281781,1758965394371
1068667888813383,Laval,-73.815879876946,45.589558467477,1756647336918
2323798648017068,Laval,,,1749909088442
1147955182344039,Laval,-73.811007566079,45.609079838471,1553715582185
525979065240001,Laurentides,-74.568752777778,46.183147222222,1590844676213
1082193647221579,Laval,-73.738375479635,45.609667541161,1755173373749
798389915943370,Laval,-73.815842904533,45.589442330645,1756648474518
329385106379787,Monteregie,-74.234420291213,45.282585098577,1666630104000
3148536505386472,Laval,-73.54088098365,45.672631209767,1654104317350
1594771958165076,Laval,-73.738084789528,45.609911632293,1758367457592
1402575913437575,Laval,-73.8110129161,45.609087276505,1548533264631
3046178918943165,Laurentides,-74.569286111111,46.185408333333,1590846956317
1582947112580758,Montreal,-73.549918204383,45.459974007223,1608409425133
484447316600913,Capitale-Nationale,-70.1383186,47.843014699972,1662569418000
1706922246161979,Laval,-73.811016066093,45.609083371437,1547667841353
720361236659161,Monteregie,-74.234362567144,45.282531715305,1700153530500
2832177863759785,Laval,-73.811009072645,45.609069966838,1553809028185
946142107390497,Estrie,-71.603300088705,45.085898883255,1724522455428
499309334815771,Laurentides,-75.332122220836,46.562300002492,1489333129000
256664760607183,Laval,-73.810242055241,45.608580748166,1693497044684
877869314621369,Monteregie,-74.234463040427,45.282635214917,1764269408500
1677314866171853,Estrie,-71.602055332253,45.083683987392,1724521506436
651417453426985,Mauricie,-72.757256546495,47.636048102023,1451683103303
3010563832593461,Laval,-73.810673723153,45.608634668501,1554579827343
498155591323696,Laurentides,-75.330222226611,46.562919440267,1489333122000
526321919473455,Lanaudiere,-73.573406199726,45.714771081557,1681116412216
1102968104891129,Monteregie,-74.251875998927,45.296713024514,1732738353750
610752267638559,Capitale-Nationale,-71.002725878824,46.861683663255,1681384223000
119538107770763,Lanaudiere,-73.573728838374,45.714672360586,1681036147746
551160361365453,Outaouais,-74.910832359954,45.943596407692,1746121422366
869414712194725,Monteregie,-74.251796979813,45.296072096019,1764269075250
956360958891957,Lanaudiere,-73.570289412215,45.715295638469,1680963735546
1091281715868189,Monteregie,-74.234390419256,45.282535375342,1732729231750
831888328544465,Lanaudiere,-73.573711696233,45.714708011892,1693241287271
620410540136275,Chaudiere-Appalaches,-71.18689362372,46.293992149969,1683452500000
948872569181859,Lanaudiere,-73.573991691131,45.714722196527,1447934494030
932436831294080,Chaudiere-Appalaches,-71.18693,46.303484,1683452623000
594313015704584,Capitale-Nationale,-70.251895720079,47.864280258595,1662553372000
1756848528010337,Capitale-Nationale,-70.250082699972,47.856022799972,1662552437000
814314223469969,Chaudiere-Appalaches,-70.298489538996,46.732200947845,1690903935000
905189341566829,Montreal,-73.831382141517,45.515710942044,1605886480184
619613858985872,Outaouais,-76.51755361235,45.776583180171,1592048984000
476773507643518,Capitale-Nationale,-70.251524316835,47.863931479619,1662552767000
145111975205953,Capitale-Nationale,-71.726752478871,46.777612379018,1683974460000
1729455984573899,Montreal,-73.826210797248,45.514763095611,1605886237027
176592682011171,Capitale-Nationale,-71.740173554291,46.787512606503,1683974405000
1131404054684067,Laval,-73.649984512038,45.671818420851,1703013482199
1596299701000178,Montreal,-73.82896760983,45.515172051317,1700152145332
238206251925400,Laval,-73.637222757175,45.693065421105,1680892200858
845664481608930,Bas-Saint-Laurent,-69.375212202562,47.532096688517,1765143574691
1340235430026796,Laval,-73.651207914393,45.695274863574,1709306410733
937426254423517,Monteregie,,,1714138853391
361411682171120,Outaouais,-75.551795,45.81301,1625934108000
1568815550393859,Monteregie,-74.368761777788,45.33006275133,1728144900566
25107624695566172,Estrie,-71.532106409394,45.392439935128,1764967634578
211373871758971,Mauricie,-72.187426998053,46.627453605752,1685197341000
138470868305465,Laval,-73.721924967155,45.549663121528,1572715953031
4310593525931353,Laurentides,-75.585932166573,46.568842726002,1755289074000
1039568147015920,Mauricie,-72.189869271582,46.629028880813,1685198334000
2048195595319973,Laval,-73.749517959259,45.530313837184,1557733896000
296351108789705,Laurentides,-75.598375171923,46.556940069623,1569069597000
732118272972909,Laurentides,-75.585807653752,46.561673271012,1755270138000
956183298463806,Laval,-73.722352509618,45.549888007395,1548356660973
812467907182337,Lanaudiere,-73.842596,46.900314,1692116140000
830447814521319,Laurentides,-75.599974963689,46.55685000273,1489334600000
528606731480820,Laval,-73.749989892768,45.528618090329,1583862140719
1087446418406492,Laval,-73.722872483543,45.54982940159,1521314349912
996582902473559,Outaouais,-76.776376602416,45.749982041313,1718199981200
528308819812998,Lanaudiere,-73.637337,46.587806,1728404148000
374236587364355,Laval,-73.722452639364,45.549861716966,1547667384177
1015876426764654,Outaouais,-76.776851426249,45.749981500931,1718201880600
823714627333551,Estrie,-71.517702396737,45.468536705885,1764948148720
1749191242441528,Estrie,-71.539752930333,45.457631678339,1764948064674
7271472182889537,Mauricie,-73.0317542619,46.181852662579,1711820253000
1162533008635404,Monteregie,-73.143475100333,45.25055621165,1762078274383
158916312908250,Laval,-73.750192907729,45.576912039697,1571866498982
232257945886412,Mauricie,-73.032938105149,46.181042127923,1679484135000
1798375621050740,Monteregie,-73.133848419489,45.246574163983,1762078312733
152610303964796,Laval,-73.749905965772,45.576675758239,1654278100286
302477064788553,Mauricie,-73.034263633836,46.180239723869,1448025091553
2917618408472848,Laval,-73.750178695977,45.576891412954,1572717299015
322332654268107,Bas-Saint-Laurent,-67.237775630053,48.729973804206,1719667863000
235004165087542,Laval,-73.779626699188,45.55880801031,1521399708899
862948468981097,Bas-Saint-Laurent,-67.233652,48.733399,1719669113000
1232503638076086,Montreal,-73.546648354026,45.519931550222,1700404418031
1222639549766746,Montreal,-73.533084162471,45.490265342731,1756586850032
212583574814069,Capitale-Nationale,-71.232225185816,47.510314039691,1682680392000
1015236963738864,Montreal,-73.548398042747,45.519892332084,1701440156896
229380696359520,Capitale-Nationale,-71.232966911328,47.510062255746,1682681654000
1559830874567829,Gaspesie-Iles-de-la-Madeleine,-64.563080899143,48.892166751395,1719862254000
273091121773962,Capitale-Nationale,-71.232616204,47.510238030367,1685543613000
830187265725481,Gaspesie-Iles-de-la-Madeleine,-64.577759,48.880879,1719847875000
1361206614806742,Capitale-Nationale,-71.233068385327,47.510079613964,1692636996000
1039225968351991,Lanaudiere,-74.058168619229,46.589411621466,1749998585898
302396431444453,Laval,-73.809663615072,45.607136499859,1550350399059
263044712239787,Laval,-73.808425681809,45.607106622299,1548335212773
2845055219095519,Laval,-73.808800947639,45.607422954029,1572720370726
1609214919577238,Capitale-Nationale,-71.234262896853,47.505671043265,1683369821000
871044605390791,Estrie,-72.127182409811,45.359934269511,1764795809345
1867538657179951,Estrie,-71.914887555157,45.628367789947,1765045891044
248824754173493,Capitale-Nationale,-71.232123499302,47.510161640716,1692635242000
342009621656460,Centre-du-Quebec,-72.273242483849,46.403571379441,1696347675000
1019237265917525,Chaudiere-Appalaches,-71.042319638458,46.450287947978,1693490261000
300439914998818,Outaouais,-75.610397576556,45.716296957696,1595688539660
147078504102328,Outaouais,-77.28747301191,46.987366200782,1596653994254
1649724869039037,Mauricie,-73.449142071134,47.754002492474,1754174600000
1470370020390497,Chaudiere-Appalaches,-71.025453425593,46.431882725377,1693490538000
914553599114417,Outaouais,-77.276351305188,46.984418399893,1596653992731
1126751887832501,Monteregie,-73.258316837304,45.379607988908,1437047194174
888778071702543,Outaouais,-77.280868504379,46.983908099895,1596653992126
203039148123487,Monteregie,-73.258222223468,45.380072216304,1437047199000
180618937303108,Centre-du-Quebec,-72.066082273888,46.210827104821,1572610074522
775333719786272,Monteregie,-73.257283695814,45.591343184906,1465813812000
268135575013032,Outaouais,-77.272930803204,46.981189800042,1596653988868
755210562023542,Monteregie,-73.244712346571,45.36587502944,1437048387777
2955133284733237,Centre-du-Quebec,-72.058865669888,46.218953858646,1465817902000
262859179870891,Monteregie,-73.240377491355,45.593718296885,1703351288000
1185388882159301,Laval,-73.746568736369,45.656206590161,1680865281098
143837327664060,Outaouais,-77.275608105419,46.98389430017,1596653992050
1468948257562346,Laurentides,-75.38292845878,46.420381507896,1755201501000
1357762778409044,Monteregie,-73.258221960136,45.591218714276,1679504778000
210236537576622,Centre-du-Quebec,-72.058932515722,46.218084534653,1572610110523
507313474040309,Laurentides,-75.661147253133,46.271583306373,1489325597000
1329277585144516,Laval,-73.746863497931,45.65651764289,1722690515259
939292470167502,Outaouais,-77.286445905096,46.986449981827,1596653993664
2029782947161845,Centre-du-Quebec,-72.059326751534,46.217886823362,1407158805000
1022009225851879,Laval,-73.746934073457,45.656344452756,1680963799243
185972753391985,Estrie,-71.39846331721,45.66652411354,1566681695330
1086392163042813,Laval,-73.62247645839,45.640058080182,1569332979000
372380847532866,Laurentides,-75.660261111359,46.272558333025,1489325602000
154698396544287,Outaouais,-77.277605528869,46.985396974727,1596653993246
293909142319418,Centre-du-Quebec,-72.059374116007,46.218627802687,1465984623000
1494441524733937,Laval,-73.746917509832,45.656312384119,1703016322788
967132974591863,Capitale-Nationale,-70.011193793637,47.730555253505,1692731008000
2652823941677626,Outaouais,-77.279122476028,46.984708602049,1596653992816
237988761413348,Centre-du-Quebec,-72.069306099316,46.208917393255,1406537691000
1256462331654591,Capitale-Nationale,-70.00978923214,47.731291680444,1684512388000
308341294125457,Estrie,,,1566667460359
175597737697957,Outaouais,-77.277823803125,46.985487999989,1596653993522
191896303632508,Laval,-73.708271436619,45.652686981913,1681115613560
689478636001964,Capitale-Nationale,-70.011503235455,47.730382924586,1692726293000
218215513150687,Outaouais,-77.277138020281,46.984967698004,1596653992826
959129188695266,Capitale-Nationale,-70.011996844311,47.731018672901,1684491148000
1289364162191612,Montreal,-73.9423528,45.4602194,1604334413000
1014960349753547,Laval,-73.708721170003,45.652468975484,1722017798779
1379841646143251,Laval,-73.690215614687,45.662937711399,1681115985940
318396679909854,Outaouais,-77.274124003166,46.982582800001,1596653989615
525887983542948,Montreal,-73.9400722,45.4610333,1570732410000
931605990939155,Outaouais,-77.274863209726,46.983272600268,1596653991307
341761465677692,Gaspesie-Iles-de-la-Madeleine,-65.480174,48.939386,1719872194000
1567834277246975,Montreal,-73.942438,45.460168,1723573373000
1000801497123672,Outaouais,-77.287698630203,46.980247627378,1596653987914
1120990322330053,Gaspesie-Iles-de-la-Madeleine,-65.480596,48.939993,1719838334000
1189025822165684,Montreal,-73.943733110071,45.463172239263,1604336114419
906652814599283,Gaspesie-Iles-de-la-Madeleine,-65.480198,48.939874,1719768015000
204849521466196,Outaouais,-77.286242905418,46.985718017806,1596653993653
286713876272737,Monteregie,-73.329826229416,45.515588079316,1407166177000
1316555032683217,Montreal,-73.9433421,45.4629661,1723571390000
1054114592522286,Monteregie,-74.118766139197,45.320341669873,1704226457000
491458176606230,Gaspesie-Iles-de-la-Madeleine,-65.47999836701,48.939766242181,1719755622000
239351317951449,Outaouais,-77.2866925087,46.987079000149,1596653994113
1550277939113141,Monteregie,-73.33018211131,45.515405553995,1691175649916
961290187971388,Outaouais,-77.285944305572,46.984960199797,1596653992924
1493073268030811,Montreal,-73.9437775,45.4632225,1723570318000
1774737743133863,Mauricie,-73.879352896418,47.897390189678,1754163351000
1066043014208105,Outaouais,-77.282017493611,46.983509699773,1596653991318
1060545738882190,Estrie,-71.736768802366,45.455608560239,1750689917868
610587481264220,Chaudiere-Appalaches,-70.499863303818,46.495465615029,1690644889000
741606011074400,Estrie,-72.46681,45.05169,1681142112000
1535955724036592,Estrie,-71.744401413854,45.453798553476,1750690041324
1202794903507625,Laval,-73.789268909906,45.536778564524,1521318865635
831009831889670,Chaudiere-Appalaches,-70.499682206958,46.519339487605,1690637857000
666164542191672,Chaudiere-Appalaches,-71.255691,46.000995,1683469796000
225623395994795,Laval,-73.869139987528,45.520929102101,1568889709000
1646605432467409,Estrie,-72.467227050498,45.052119260525,1682163289000
1055749422043646,Laval,-73.789597795187,45.536721435213,1654000882555
1518347375576387,Chaudiere-Appalaches,-70.484379326063,46.510894894801,1690644740000
613623436751174,Outaouais,-75.370851999972,45.894567,1452257674000
125085326282671,Laval,-73.869158875147,45.520709679692,1568889721000
110443602047612,Chaudiere-Appalaches,-71.250863158154,46.000400178062,1683469647000
1285723381822814,Laval,-73.788732286723,45.536649684186,1548438034019
594297158629439,Laval,-73.783141848932,45.535035813148,1572718364129
2287436341425468,Outaouais,-75.371932299972,45.8947535,1452259479000
187675629876634,Laval,-73.789190082387,45.536734326494,1527552111190
1407121380175334,Monteregie,-74.154838725323,45.379266167896,1710594232800
153624763328803,Laval,-73.78988830096,45.53659550965,1548420610169
1079003043368151,Monteregie,-74.155776263725,45.379323777163,1710608233616
1055093465674291,Laval,-73.789830912349,45.536490072725,1696532883169
480351404599807,Monteregie,-74.142078181266,45.381866447434,1720975487616
4074029535988964,Laurentides,-74.870676118424,46.100642150287,1602514826789
706507247997830,Mauricie,-72.767741660767,46.811927168167,1695492171000
385965920342503,Laurentides,-75.142917999972,47.009756199972,1659448489000
530221205025152,Laurentides,-74.867565745344,46.099244903557,1602514619983
637425102749992,Saguenay-Lac-Saint-Jean,-73.289288401461,48.252073115884,1754229172000
1056508432199912,Capitale-Nationale,-70.3607231,47.4804881,1692886892000
841760020839377,Capitale-Nationale,-70.343715351704,47.463727411883,1692897743000
535030876089670,Montreal,-73.580166313992,45.631576800542,1606937965151
545512120320735,Lanaudiere,-73.578403051255,45.954224376999,1654013734547
1060035675828518,Montreal,-73.581836436712,45.629872705493,1699112186425
494677944909853,Estrie,-72.107269042072,45.276925250125,1558121674000
1071718817071572,Lanaudiere,-73.5784236,45.9540308,1654003307739
1627502434295674,Lanaudiere,-73.571313889147,45.958137367999,1654003346726
632094352350197,Estrie,-72.103132,45.273483,1689168039000
288935606165264,Estrie,-72.102622225147,45.273071212693,1465735044782
204828037970953,Outaouais,-77.013492653085,45.840189806397,1602426028524
218227723140148,Outaouais,-77.003088178577,45.852848139312,1602426103023
1136607887072464,Laurentides,-74.729881725865,46.191121666303,1653425032905
1009564312912831,Outaouais,-77.013434193847,45.840812726279,1562441157000
264267378741305,Outaouais,-76.276583805271,46.823777528201,1531247634000
1452814911836871,Laurentides,-74.729928125253,46.188872127813,1655399039354
1097621934091990,Outaouais,-76.999981665151,45.859454856625,1562440455000
4075156469215385,Outaouais,-76.289633335016,46.829825002471,1531247594000
306170067745778,Outaouais,-76.999993030823,45.864481144213,1602426159023
625797782694351,Laurentides,-74.730644289165,46.187485232386,1680880235201
941200786961354,Estrie,-72.103446603131,45.142452715972,1689176295000
2202376739962770,Laurentides,-74.729970177866,46.188803057512,1680880264664
1311672449735912,Capitale-Nationale,-71.3250167235,47.123036568087,1692633407000
656457916037298,Estrie,-72.100462,45.144009,1689176281000
819707656266449,Capitale-Nationale,-71.325512935139,47.123380087834,1692638974000
586492450112728,Capitale-Nationale,-71.32033710185,47.129051016757,1682678539000
1021132713145905,Montreal,-73.9171867,45.498826,1723735456000
913448566387398,Capitale-Nationale,-71.329506497923,47.118542468378,1683368030000
256650963413105,Capitale-Nationale,-71.32799656848,47.120282975534,1682683332000
1771068353629471,Montreal,-73.917535436358,45.498759720592,1700153856992
737078931501052,Capitale-Nationale,-71.321969040356,47.126487614646,1685545658000
416866928133189,Montreal,-73.9174019,45.498782,1723742716000
1345060326058207,Chaudiere-Appalaches,-70.793175,46.64456,1711374810000
518004146046607,Monteregie,-73.175881068324,45.328368650459,1558366049000
1231974881184819,Montreal,-73.928647783154,45.491934303607,1700153949651
858462078497325,Capitale-Nationale,-70.222550609363,47.635824437016,1662548724000
845768100298049,Monteregie,-73.150341354721,45.329984667249,1719311784264
994258696157878,Centre-du-Quebec,-72.425196324554,45.847038475659,1745338280000
425231003479508,Centre-du-Quebec,-72.501413680962,46.306556009757,1715246511772
1907376230213431,Centre-du-Quebec,-71.533298499589,45.858117220495,1765056624808
1386837238698708,Centre-du-Quebec,-72.517198638093,46.295835844391,1715259743097
2004834176520566,Centre-du-Quebec,-72.501493020963,46.306687749094,1696348630000
1881704569296409,Lanaudiere,-73.944183,46.5546781,1750002365591
333566909027904,Monteregie,-73.470230059396,45.389913824219,1691176464350
1633358224119813,Estrie,-72.072085667564,45.700035428331,1719326161210
331530294980194,Laurentides,-74.849950524871,46.374439912995,1568997987000
2281360445331325,Laurentides,-74.848324994879,46.37302777666,1530440909000
479765166582697,Monteregie,-74.394276535007,45.490994633066,1568827497000
215430793461647,Outaouais,-75.855942697528,45.455634972335,1560095542500
2619690721724948,Estrie,-71.823088597953,45.220712676193,1764861651587
1447026980024813,Monteregie,-74.396164041172,45.483954657276,1720972457083
113947994997916,Laurentides,-74.849414710394,46.373103456567,1680880287253
468904161070162,Outaouais,-75.878419781582,45.469625313066,1562767593500
196201742843215,Capitale-Nationale,-70.2525889,47.843250599972,1662552272000
898108768606116,Montreal,-73.609808985946,45.418582899529,1605194735521
896200352744553,Estrie,-71.823083115561,45.220285533651,1764523320748
2438776312945943,Laurentides,-74.849633031634,46.373321987013,1655400081265
1042489714222248,Monteregie,-74.408328373976,45.490846915767,1720972401733
2640013886349196,Estrie,-71.822339966396,45.214190234226,1764861682567
1201246910324713,Outaouais,-75.850064510142,45.479099587406,1605543122439
1165235597830358,Centre-du-Quebec,-72.420848127811,46.346196422038,1715254836328
222004923624879,Estrie,-72.022333921585,45.090560237253,1689174461000
5875871892429363,Laurentides,-74.849408355475,46.372977053766,1653424020831
434160775917706,Centre-du-Quebec,-72.414663320172,46.353800208372,1715248627443
296996948728983,Outaouais,-75.878783228691,45.47069539501,1506875927864
454040745663055,Outaouais,-76.592305080948,47.106973821367,1531245960000
663189238909718,Centre-du-Quebec,-72.414691757866,46.353858061009,1696348262000
2940346572863810,Outaouais,-75.857423074135,45.475816408644,1567362595500
1201973936921255,Outaouais,-76.835463589941,45.984904987805,1602429730023
601007548613540,Lanaudiere,-73.135035492123,46.136244904398,1679484457000
835016930442480,Outaouais,-75.878714961747,45.471060927112,1506879534000
470212890718314,Outaouais,-76.596341473374,47.110735971363,1531245942000
485246382899749,Centre-du-Quebec,-72.261262957996,46.08242659749,1572609348523
926863371495396,Lanaudiere,-73.135034358193,46.136231766793,1448025385798
509608296717228,Laurentides,-75.29705555787,46.575441667525,1489332994000
1137614323418726,Outaouais,-76.83571128194,45.985184603683,1602437858523
211446760789608,Outaouais,-75.855845909548,45.45548356244,1562767410000
187732017688093,Centre-du-Quebec,-72.217064224155,46.462353774193,1696347267000
460978991644216,Centre-du-Quebec,-72.266349792481,46.078796116655,1465817156000
2094571327584841,Lanaudiere,-73.136065700083,46.136112644127,1711820577000
295256615544476,Outaouais,-76.821869163073,45.967923865451,1602429504523
204913379051916,Capitale-Nationale,-71.709369590359,46.752414854291,1685190125000
1598592183672901,Outaouais,-75.878668743692,45.470716390461,1562783481500
782743900020379,Chaudiere-Appalaches,-71.099198550992,46.81186226639,1711373036000
432626025574659,Mauricie,-74.4243637,47.8975367,1659537675000
300017678241708,Capitale-Nationale,-71.694782903166,46.754015803828,1429358905006
325153419007524,Outaouais,-75.861801554439,45.468694711096,1504367754641
315518393332274,Chaudiere-Appalaches,-71.094599071856,46.813541516657,1406542212000
619897214515502,Chaudiere-Appalaches,-71.099284856992,46.811890358589,1765136542714
1029924508473491,Monteregie,-73.407760119181,45.428079087656,1719311837117
1112857196526339,Chaudiere-Appalaches,-71.096200837108,46.813521596535,1711390136000
1496689864717595,Monteregie,-73.40782195193,45.428081794072,1762076934633
132935763186669,Chaudiere-Appalaches,-70.625532302148,46.90387553116,1690628849000
1600484524123867,Centre-du-Quebec,-72.366298189565,46.375617061729,1715250748202
1912214802667139,Estrie,-71.308769812039,45.401845837626,1764966784541
1475143356429582,Laurentides,-74.074445035073,46.046276664375,1709470371283
1235457147044024,Chaudiere-Appalaches,-71.0995881,46.8118081,1674216979000
224209172955643,Monteregie,-73.40789063373,45.428102419844,1562688506742
2163188744067615,Laurentides,-74.08535878628,46.058600941512,1709470099150
339761044160115,Centre-du-Quebec,-72.436030833333,45.823685833333,1606571096000
340152020942583,Outaouais,-75.489648333333,45.822936666667,1625927656000
3460848414045478,Capitale-Nationale,-71.688844,47.358375,1722194831000
1659177654852314,Monteregie,,,1713804075575
490497159034752,Monteregie,-73.407537651481,45.427796916246,1558117650000
400842697566693,Centre-du-Quebec,-72.437811944444,45.824716944444,1606571245000
518058369606562,Centre-du-Quebec,-72.438128888889,45.824911944444,1606571157000
277619760714746,Monteregie,-73.322180002728,45.568478995264,1617972101000
375063107168602,Abitibi-Temiscamingue,-79.249944489572,48.199647208205,1531062734000
719738669182021,Bas-Saint-Laurent,-68.652314076905,47.545832230958,1407061536000
294848308898404,Abitibi-Temiscamingue,-79.249944444444,48.199647222222,1531062734000
1404150037769696,Estrie,-71.73534544946,45.37225701494,1764968748598
1491778911925622,Estrie,-71.018068306446,45.805886986439,1764958474635
1217440316153340,Montreal,-73.885289026643,45.468491856245,1605630011833
1189519202108187,Montreal,-73.886944851154,45.466993660439,1605630338270
2566545256840885,Capitale-Nationale,-70.377778175,47.4330686,1696628828000
239618458685468,Outaouais,-75.08976,46.055393,1684679569000
1203291060950965,Montreal,-73.885218115944,45.467325162574,1700157030806
610730290943427,Capitale-Nationale,-70.9695197,46.8849281,1681384476000
218462444204936,Capitale-Nationale,-70.3750064,47.4325181,1692887838000
2424373274400163,Outaouais,-75.090559,46.050718,1684586751000
1078737484191944,Monteregie,-73.286177471667,45.368871745223,1762077392666
1490428188329416,Montreal,-73.893016700016,45.464395850011,1605630995494
833528221644789,Monteregie,-73.286307845687,45.368409891478,1719311447628
1778304622611475,Montreal,-73.885776801282,45.467108552001,1700298824683
1362662687467337,Monteregie,-73.285949640006,45.368663642635,1437050835152
3405390516418751,Monteregie,-73.286028456621,45.368438481501,1713820803274
971471564279945,Laurentides,-74.647096,45.862379,1684596979000
355194004220470,Monteregie,,,1713803988321
843485429572076,Laurentides,-74.650991684805,45.867350001849,1530872572000
246710614560309,Estrie,-71.92495,45.08943,1663411108000
1391916014980937,Chaudiere-Appalaches,-71.325138871501,46.115401514162,1683448562000
5904486892994682,Monteregie,-73.28628,45.36857,1681136323000
526738503547257,Lanaudiere,-73.499547,46.758405,1728415410000
867363101779105,Montreal,-73.55038469836,45.400856339903,1698504172215
1013769536517237,Monteregie,-73.998036014936,45.419138831363,1697817363983
330593006285771,Montreal,-73.550631871258,45.400424093849,1698504178720
1043721467723302,Lanaudiere,-73.918604115802,46.510225044381,1750004904791
204794272704783,Monteregie,-73.997880565427,45.419036848165,1704217945000
258359360127738,Montreal,-73.550281415547,45.400832418532,1698504170694
1117072658771435,Monteregie,-73.998213924479,45.419061831062,1541882784932
6700390276741784,Monteregie,-73.998143430104,45.419014652448,1698601193533
1571943583460819,Monteregie,-73.997856606419,45.419097665599,1727513033916
1360445131269734,Monteregie,-73.5471862561,45.400989180074,1698504147657
959162322910891,Estrie,-71.565480113313,45.334650922052,1724523703792
211001937298567,Monteregie,-73.998041910013,45.419185492137,1577374044512
1204657614449273,Outaouais,-74.980450133759,45.778859485321,1746122261100
313189457792281,Chaudiere-Appalaches,-70.596932022669,46.641150228678,1690914434000
2598259923660601,Chaudiere-Appalaches,-70.1233014,46.6382364,1693504491000
3251039465047954,Capitale-Nationale,-71.041099902461,47.386649831089,1755372690159
1140965387238644,Monteregie,-73.998192615061,45.419159124574,1714132907962
1748907198919987,Centre-du-Quebec,-72.570617668991,45.862822072155,1703353598000
1883882505469484,Cote-Nord,-68.24588450376,51.521714525611,1728066040857
736692058631147,Lanaudiere,-73.5872,46.844592,1728327713000
740542585439964,Chaudiere-Appalaches,-70.581614002011,46.666456725573,1725474376801
1328766037728477,Chaudiere-Appalaches,-70.12084088772,46.636591589559,1690905641000
467590417863772,Centre-du-Quebec,-72.57051033214,45.863044022043,1572608135523
1046229506988760,Cote-Nord,-68.238138635391,51.547975767605,1728066175429
1084547729445555,Chaudiere-Appalaches,-70.580815742378,46.668323071524,1711375700000
1945536139342268,Estrie,-72.284297608977,45.326742213116,1764772107374
545666504784024,Lanaudiere,-73.595341,46.842094,1728318102000
823296031611462,Centre-du-Quebec,-72.574186755576,45.861047264876,1465986528000
364590538555962,Centre-du-Quebec,-72.553858403488,45.877105534296,1572608208523
5264042730356472,Outaouais,-75.039919455066,45.67879783913,1655852344356
376847510304661,Centre-du-Quebec,-72.553532247498,45.878124378837,1407160641000
719161037260196,Monteregie,-73.609974082739,45.259095828211,1762443556000
1142308509573816,Centre-du-Quebec,-72.57427395,45.86001421,1406535898000
1667076620481871,Chaudiere-Appalaches,-70.119674822893,46.550029120553,1693503789000
234769332617643,Outaouais,-75.039793,45.678488,1684601003000
3826581760974528,Monteregie,-73.605489548994,45.264179522413,1762442960000
2145678522472130,Gaspesie-Iles-de-la-Madeleine,-65.856145399926,48.992908358803,1719690531000
320562529587444,Centre-du-Quebec,-72.552131516753,45.878609337269,1572608216023
467747342678828,Gaspesie-Iles-de-la-Madeleine,-65.850708,48.974007,1719785214000
296705879612096,Capitale-Nationale,-70.815561227849,47.099925075957,1692720901000
1871288363308166,Chaudiere-Appalaches,-70.119867028333,46.549778303339,1690906235000
490232672124361,Centre-du-Quebec,-72.570411377035,45.863047018555,1465815996000
1050794206084581,Capitale-Nationale,-70.815160239871,47.099635396847,1692908354000
319882173788176,Lanaudiere,-74.098721,46.830327,1692037870000
900901224310111,Capitale-Nationale,-70.815871933752,47.099496011543,1684486562000
1599170977242663,Capitale-Nationale,-70.815831450172,47.099544412967,1693948513000
1592786945230205,Estrie,-72.224120045234,45.229763361617,1764778990365
1312166319400200,Lanaudiere,-74.097689,46.834257,1692026842000
685060650398136,Centre-du-Quebec,-72.231225661222,46.091174631391,1703360872500
706395935582773,Estrie,-72.085905386594,45.437838677217,1764885976579
6280063648759544,Lanaudiere,-74.088746,46.858966,1692026186000
1243007346860279,Monteregie,-74.299453586073,45.471347138635,1720973967000
269646384855814,Centre-du-Quebec,-72.238994780473,46.098874211278,1465985263000
1037673654649889,Monteregie,-74.294120120199,45.479516707388,1720794536033
704884829247363,Laurentides,-75.552322775844,46.828371604806,1755370773000
175141811170333,Abitibi-Temiscamingue,-77.060491672179,48.966205547406,1531235766000
1252443615173222,Centre-du-Quebec,-72.238192624171,46.098854187089,1572609432287
743357631222502,Monteregie,-74.293752854405,45.47952740858,1725207822683
1135433553607716,Abitibi-Temiscamingue,-77.06984289245,48.959280806331,1531235805000
781722139755652,Laurentides,-74.221311224371,45.995450966568,1664642704554
1343646912915516,Centre-du-Quebec,-72.242124566469,46.09610660633,1684672826571
1058486175697785,Monteregie,-74.293291541703,45.479481014017,1725212709483
1410244609312360,Laurentides,-74.220861865596,45.99488256424,1558037145979
978764069552061,Outaouais,-76.926577680674,46.692836561167,1596668859166
213240577050974,Centre-du-Quebec,-72.238121402559,46.098906485547,1572609433023
790637751900775,Laurentides,-74.221316967526,45.994993316059,1653427089865
1124654885739783,Montreal,-73.693722028703,45.483870919703,1702822695517
113796597438769,Outaouais,-76.91937821723,46.707620225311,1596668863219
241427468292785,Laurentides,-74.220948056904,45.995439087467,1680868374620
414097071734553,Montreal,-73.532805752494,45.650318913911,1699120338705
563404472901267,Montreal,-73.674769482343,45.485990824623,1702819244284
1442877732743399,Outaouais,-76.924466112034,46.700787536341,1596668861353
125178532914578,Outaouais,-75.964106423277,45.680187170859,1501527365000
445966907892032,Montreal,-73.522250376797,45.655081043475,1711825868000
137865248369138,Outaouais,-76.922208630675,46.704722576052,1596668862343
1227403028309738,Montreal,-73.68630111096,45.489335985695,1702822762216
122475186523441,Outaouais,-75.96376515553,45.679970167333,1495890701000
562490936138620,Montreal,-73.531034512405,45.649412768959,1699118587670
829438826561046,Estrie,-72.070952182887,45.510338578055,1765044161176
530177181992535,Monteregie,-73.312286110194,45.303513892732,1437038778000
2451006431749198,Lanaudiere,-73.8113803,46.5930968,1628291995486
383318436258276,Outaouais,-76.921417214892,46.705975505307,1596668862571
349946150684335,Outaouais,-75.964262199972,45.6803297,1658023007000
271198814704328,Monteregie,-73.32217476939,45.300201881703,1437038726900
988664695772488,Gaspesie-Iles-de-la-Madeleine,-65.721712,48.302041,1691150429000
566713072688453,Montreal,-73.684224700729,45.487409379173,1700235375305
141862231243994,Chaudiere-Appalaches,-71.48339922,46.62885137,1407156653000
1137646735203024,Estrie,-72.3031909742,45.464080830126,1764769702465
199802459144357,Outaouais,-75.940462299972,45.6601416,1658023582000
856856522943350,Lanaudiere,-73.8104228,46.5915908,1628291316880
504800685713858,Montreal,-73.522326888419,45.655391372689,1699120239841
1095926071482694,Montreal,-73.690327359093,45.486912598926,1700236051512
1129416997533481,Chaudiere-Appalaches,-71.479862488969,46.630071457823,1465982462000
134350845339787,Chaudiere-Appalaches,-71.47497916959,46.631252424344,1465820092000
298930701801639,Capitale-Nationale,-71.32833545489,47.035434340131,1539025645049
214897150083878,Chaudiere-Appalaches,-71.475767158867,46.631472393611,1407156629000
513642406296363,Capitale-Nationale,-71.327953168266,47.035479632255,1539009804877
333713971764658,Chaudiere-Appalaches,-71.493097949973,46.625516480264,1407156678000
2728881737250546,Capitale-Nationale,-71.328274287658,47.03530098167,1692639362000
846190602636473,Chaudiere-Appalaches,-71.47179524,46.63247894,1406539871000
1281507206049784,Capitale-Nationale,-71.32838849065,47.03286759199,1682683693000
1509160513639595,Bas-Saint-Laurent,-69.023437369953,47.456417409116,1765202407898
318900739648135,Monteregie,-73.27102989232,45.286459668163,1437046002561
6455974837813340,Capitale-Nationale,-71.328117354062,47.035502186308,1692633047000
648516833826433,Estrie,-72.146820910634,45.151481564947,1689169362000
171985008136391,Monteregie,-73.271024999617,45.285716454091,1437045983000
953120612508772,Capitale-Nationale,-71.327950444982,47.035370403893,1683367683000
509355570196855,Monteregie,-73.271155575296,45.28628332725,1437046001000
746149751508621,Laurentides,-75.510562457339,46.665310145276,1755356572000
199655316415729,Chaudiere-Appalaches,-70.3029931,46.5855714,1690910987000
975327303786281,Estrie,-72.165559203793,45.134933036163,1689169575000
1000015801024550,Chaudiere-Appalaches,-70.24033239718,46.699483914209,1690904193000
644327083784850,Capitale-Nationale,-72.178320390797,46.675208012907,1685196656000
763817432028228,Estrie,-72.16597,45.1348,1663413653000
229000702324821,Outaouais,-76.985903645875,46.263041327886,1603023104023
285383580559818,Monteregie,-74.216436814942,45.343546061652,1666632381333
3000783186811075,Outaouais,-76.988158107172,46.264497495348,1602956480023
742312151612321,Estrie,-71.763726390969,45.793977318693,1765054830997
3555701024651567,Estrie,-72.153938,45.122803,1689171053000
2880217528794560,Monteregie,-74.216079223149,45.3430976005,1732738910250
1472428333149915,Outaouais,-76.97612024111,46.260225802202,1603023159523
849450541353305,Monteregie,-74.216286417353,45.34328329641,1764268643750
540086114064959,Outaouais,-76.97603993658,46.260239727614,1602956388523
303047992149601,Chaudiere-Appalaches,-70.1281964,46.8519381,1688651625000
2250236765141993,Capitale-Nationale,-70.6615034,47.7393392,1657717016530
1731944077165291,Capitale-Nationale,-70.6587161,47.7436219,1657718109486
1389997418342367,Estrie,-72.00040364144,45.72079873812,1719326402418
392389053010468,Capitale-Nationale,-70.658408333333,47.750511111111,1657720140738
198017609610206,Lanaudiere,-73.633227963299,45.700643680198,1680892241532
2076264692936435,Centre-du-Quebec,-72.547325861794,46.331744662263,1774897467000
1458423938088014,Lanaudiere,-73.651900816427,45.700365894639,1709306457616
1582341926047979,Lanaudiere,-74.054152633693,46.60208814378,1722676707874
2162730224499512,Centre-du-Quebec,-72.546789922338,46.330915264277,1774898163000
1764790813864597,Capitale-Nationale,-70.663210599972,47.739029199972,1657716880803
978807767868804,Centre-du-Quebec,-72.549017511332,46.33118351003,1774896851000
610044604255773,Capitale-Nationale,-70.721605015863,47.765310206948,1685533983000
901808007704224,Lanaudiere,-73.634263537303,45.698736524349,1680892192750
1595949751644221,Centre-du-Quebec,-72.548590807537,46.331788195826,1774896278000
205445265741681,Capitale-Nationale,-70.729694646716,47.770589951812,1685534553000
2383312382127114,Estrie,-71.055676269134,45.387229212864,1764965060585
1128697728332424,Lanaudiere,-73.651859917209,45.700451624927,1703013508597
1665882391082779,Centre-du-Quebec,-72.547031333872,46.330988585771,1774897840000
792938258822796,Capitale-Nationale,-70.72675540162,47.768368019143,1685534228000
292212529213086,Monteregie,-73.193662803096,45.572768866785,1502223334900
128270126508472,Lanaudiere,-73.651787288061,45.699199320374,1654001874594
1510596924105015,Centre-du-Quebec,-72.54791940009,46.332128022402,1774897249000
1477301173745828,Centre-du-Quebec,-72.5480621,46.3319643,1774897185000
451785279256061,Laurentides,-74.099069995335,45.9699211684,1568969019000
1246294009414232,Lanaudiere,-73.834632,46.806905,1692121618000
314864827583289,Capitale-Nationale,-70.398183242613,47.572681304215,1692901829000
1072614934170900,Monteregie,-74.232288330553,45.313426751146,1700154002000
837042024300330,Lanaudiere,-73.839967,46.800662,1692120323000
334730115741480,Mauricie,-72.830472603661,47.309767962431,1695496790000
3156225614521810,Capitale-Nationale,-70.399867330216,47.577916641904,1692723528000
184573854634810,Lanaudiere,-73.837202,46.803577,1692124358000
1467628000718006,Lanaudiere,-73.93325,46.695471,1692039067000
211201120506364,Monteregie,-73.254194448478,45.349241663399,1437048495000
1248783779118877,Mauricie,-72.834543463994,47.293553145925,1694808155000
1329721297656261,Monteregie,-74.245125100679,45.307578033136,1700154565500
205634098961448,Capitale-Nationale,-70.399492830786,47.579119217743,1684489152000
3565568747062519,Lanaudiere,-73.931101315017,46.693788803205,1692017668000
1371568836778439,Lanaudiere,-73.839951,46.800675,1692121058000
1037092377469255,Mauricie,-72.834989201861,47.294451383022,1695496857000
790870555748098,Capitale-Nationale,-71.253348445765,47.918389462545,1685541419000
1110485097166640,Montreal,-73.576910986909,45.452195785776,1605109120938
817948186370381,Lanaudiere,-73.931293,46.6939,1692128610000
788371769300106,Capitale-Nationale,-70.39930751906,47.579075624563,1684514128000
653392570013295,Mauricie,-72.834860718519,47.294542355435,1687702948000
1056066506298685,Montreal,-73.566107037894,45.45662922841,1605106465704
650900980271777,Estrie,-72.382199278381,45.162619391104,1689161293000
1021359062612850,Capitale-Nationale,-70.399183156133,47.579313234953,1693945885000
2048154908931338,Estrie,-72.381766431892,45.162471248257,1724509412564
228954973157714,Mauricie,-72.834917529752,47.293966395076,1683382835000
1064186491586826,Montreal,-73.576651070675,45.452424515131,1701450503224
186705603839150,Estrie,-72.38223,45.16246,1681144751000
3708860142684606,Mauricie,-72.834655499003,47.303841016258,1695494769000
377391698694645,Bas-Saint-Laurent,-66.73975,48.891145,1719673876000
1266718731341706,Montreal,-73.560828,45.4469037,1717182872000
254031453953587,Estrie,,,1682170243000
1115024383073905,Montreal,-73.57662468819,45.452284928261,1712406773508
1765284013876151,Montreal,-73.575905962208,45.444208434753,1701444742992
5418406481565154,Centre-du-Quebec,-72.643849647112,46.162421373223,1502211097657
1804883373476132,Estrie,-72.466789751049,45.402109656469,1764516100831
946718969201221,Outaouais,-75.909497694732,45.495096329399,1560095112500
144251480964370,Laurentides,-73.974628239764,45.821095581324,1535386852423
1725310424822247,Monteregie,-72.820434093158,45.423880585384,1762343209611
325020249052096,Outaouais,-75.909874851535,45.495133115053,1567362320500
1530094108257699,Monteregie,-72.82271879705,45.424248222097,1762343140476
219073520786554,Lanaudiere,-74.202888,46.838663,1692033981000
1098924844213105,Outaouais,-75.364787,45.812735,1684577285000
533334935416025,Capitale-Nationale,-71.766047075238,46.670352456222,1681474413000
496395651692265,Outaouais,-75.909782071464,45.495186199398,1561985820500
819998482318361,Outaouais,-75.3662888,45.8212434,1452252670000
575728198001953,Capitale-Nationale,-71.756367281501,46.672801235116,1685189462000
291806599221083,Outaouais,-75.899667974715,45.505563690025,1544625361000
1029071311614978,Monteregie,-74.412442570282,45.374980240558,1691946920000
1080718885796828,Outaouais,-75.899971187865,45.505258549946,1514119103000
1096074835422935,Lanaudiere,-73.519787,46.850957,1728319028000
248304881538416,Capitale-Nationale,-71.766018905896,46.670346770032,1696360325000
1140744360215483,Outaouais,-75.368144,45.837194,1684578015000
1275392703376454,Capitale-Nationale,-71.769497889796,46.670050234638,1681474399000
635208788472795,Capitale-Nationale,-71.7661664,46.6702781,1684846884000
3463341910648919,Capitale-Nationale,-71.7713914,46.669735,1684846862000
2029124927547082,Monteregie,-74.201245558965,45.329774361755,1732742699000
197495329889370,Capitale-Nationale,-71.766625,46.6702314,1684846882000
188454139808388,Lanaudiere,-74.148248361571,46.387682909015,1596828596439
6618776491494503,Capitale-Nationale,-71.7694281,46.6699214,1684846870000
1637424153135390,Chaudiere-Appalaches,-71.35806270012,46.672546761514,1406540162000
286732059757561,Lanaudiere,-74.148240973674,46.387668178487,1596828607467
330372598508597,Chaudiere-Appalaches,-71.361025565706,46.671898493739,1407156277000
557354523220650,Capitale-Nationale,-71.7711464,46.6697514,1684846863000
479712566695049,Lanaudiere,-74.148248776023,46.387671,1596828591594
1221394326521877,Chaudiere-Appalaches,-71.106434926733,46.528063168357,1765123290771
513259723360140,Lanaudiere,-74.148238869284,46.387678177961,1596828611795
581201489514153,Lanaudiere,-73.628179714177,45.695082874477,1433070608647
517496372618178,Estrie,-72.139371583227,45.002576162679,1436191605023
1142737787536482,Laurentides,-74.680133149505,46.157290368191,1746093318900
310683540610462,Estrie,-72.139376071665,45.002580778766,1563203407600
1065737365413787,Laurentides,-74.696328478503,46.159113854425,1746117996650
152157830225918,Estrie,-72.139095127311,45.000626524917,1563202745200
614306360634076,Chaudiere-Appalaches,-71.202413,45.987572,1683465704000
1346517795703720,Outaouais,-75.957040807906,46.203427601594,1489339470000
921273215113205,Estrie,-72.139574604911,45.000582756119,1377369809772
207385142138962,Laurentides,-75.34721,46.162468,1684684899000
1118258735894003,Monteregie,-73.369583018082,45.006996294921,1715026865514
141857174659905,Estrie,-72.139099133986,45.000626087006,1500726819358
1227298935221895,Montreal,-73.631629477227,45.61897234225,1699626959912
146765497476552,Estrie,-72.139239516487,45.000621307417,1563202745000
130822842363026,Estrie,-72.139663896016,45.000618516252,1436192550511
1974522509717030,Montreal,-73.637800634567,45.610403174489,1568985648000
934958457048228,Estrie,-72.139412813181,45.000610978979,1436190864508
1050845660149510,Montreal,-73.63756,45.61078,1720112418000
204143818215132,Estrie,-72.138924451513,45.000703778935,1563204730000
184554926788146,Estrie,-72.138904959438,45.000708229562,1563204730000
1688534981968915,Montreal,-73.632438545926,45.619773010089,1699627052121
422245113309047,Capitale-Nationale,-70.0427556,48.077301099972,1662566523000
183626096990867,Estrie,-72.139341774236,45.002600140649,1500727411256
754935726336560,Capitale-Nationale,-70.042872188838,48.076848760613,1684509585000
317541106398663,Montreal,-73.794770338918,45.517843554538,1557734534000
805229157374306,Mauricie,-72.353862833316,46.814546997217,1685195695000
1194291888723900,Bas-Saint-Laurent,-68.908045537524,47.389957996208,1765203085915
1347811175783785,Mauricie,-72.353017746488,46.817066689673,1685195667000
1552896288849414,Monteregie,-73.879335997251,45.314458300816,1685142541500
1259840465211551,Montreal,-73.79040520509,45.508777087001,1700238621601
940253617059723,Chaudiere-Appalaches,-70.790089903594,46.903796341821,1688637872000
294990952324979,Montreal,-73.805983394946,45.51926493788,1557734662000
288691214050236,Mauricie,-72.555994494704,46.304309574155,1696348884000
1251849288579775,Mauricie,-72.555374948165,46.303784457156,1597425440000
506364413964400,Mauricie,-72.578095424019,46.311973263663,1502138667633
867658085562884,Lanaudiere,-73.542287,46.589974,1728405148000
232283656155115,Monteregie,-73.12042,45.4322,1682181509000
746539144809305,Bas-Saint-Laurent,-67.0775512,48.7492435,1756755310000
1174566347006023,Monteregie,-73.072878244952,45.328710044585,1719311613360
324577726756238,Laurentides,-74.206022936114,46.030837887816,1709312024483
1186127486673100,Bas-Saint-Laurent,-67.0937413,48.756268,1756754832000
1237841413582987,Monteregie,-73.072160455929,45.328450526693,1682156165000
2056476301194028,Saguenay-Lac-Saint-Jean,-71.251475770659,48.207344771625,1685540282000
1724470838287952,Montreal,-73.909848789072,45.503719578021,1700153795428
1946411272506533,Montreal,-73.8801912,45.5097348,1723744275000
338963317653873,Monteregie,-74.18060853587,45.300621762934,1577374739511
1026987041826578,Capitale-Nationale,-70.429244249342,47.853680386964,1693938679000
880034544270301,Montreal,-73.880632971919,45.494995117598,1605731112030
215298001364700,Capitale-Nationale,-70.77613214463,47.906669482817,1685535123000
280891118423193,Monteregie,,,1714138704576
1296069271406502,Laurentides,-75.745011723879,46.533598084509,1755285080000
1086082942798735,Capitale-Nationale,-70.429022858768,47.853852643482,1693938632000
3155697821426702,Outaouais,-76.030484795063,45.781753814696,1647967335967
761016259436241,Monteregie,-74.178221301931,45.302384790877,1714154555647
1216572989578439,Montreal,-73.8801227,45.5022704,1723739170000
1056948921850743,Capitale-Nationale,-70.7718959,47.8977719,1661708932625
2968103096754273,Outaouais,-76.030363910075,45.781652752601,1495887263000
3897632280356769,Monteregie,-74.180652705953,45.300624822472,1584025730694
1141392931491925,Chaudiere-Appalaches,-71.200190988874,46.770020353165,1765135777779
5558759104168350,Outaouais,-76.030438099972,45.7812752,1658019632000
291094476009886,Monteregie,-74.176590855141,45.302982728371,1465577151312
2980642505552920,Monteregie,-73.075485282051,45.330531887517,1558365191000
344187571117378,Monteregie,-73.43312411412,45.568919311314,1653059457330
226009718857853,Outaouais,-76.030608338934,45.78003068154,1503751138000
1263113477916289,Monteregie,-73.433003532252,45.569212988717,1679504289000
4113396512016119,Monteregie,-73.432327435417,45.569088273991,1552836398324
435023305850451,Monteregie,-73.431651251451,45.569251688744,1712677841229
1148189779540963,Monteregie,-73.431530066787,45.569223108162,1712661979315
2043194812553519,Chaudiere-Appalaches,-71.396864,46.192035,1683449789000
1007093646749840,Capitale-Nationale,-70.89221976813,47.083008565652,1597316699000
208823897450305,Monteregie,-73.433984863472,45.569416963506,1465813331000
150525347647792,Laurentides,-76.041050999972,47.020310399972,1659693564000
627748971964993,Laurentides,-76.038079899972,47.022267599972,1659644350000
1167289097281428,Chaudiere-Appalaches,-71.389042,46.219212,1683450439000
3063454437263980,Monteregie,-73.474419099502,45.277996708951,1437037149308
2614289215545072,Outaouais,-75.524922236635,45.568556238968,1632078801829
770801115534616,Bas-Saint-Laurent,-67.7540678,48.4665712,1755962981000
313638290135375,Monteregie,-73.474106040841,45.278073560919,1531330633003
810387340632681,Monteregie,-73.474125163746,45.277979821924,1693932765172
1227408759455003,Monteregie,-74.307655132923,45.221139107071,1764434503750
1501992683499325,Monteregie,-73.473995016693,45.277844588008,1531501554000
1146011669790796,Gaspesie-Iles-de-la-Madeleine,-66.332360642617,49.048483552605,1719684162000
1669207883269278,Monteregie,-73.475325002897,45.279386114015,1437037144000
1912419699343531,Monteregie,-74.302966927709,45.222044299493,1764434175250
1279699743188041,Montreal,-73.549760682105,45.577882395911,1699805775808
814217000108447,Lanaudiere,-74.012888,46.810679,1692038189000
1000489491430908,Montreal,-73.54968015684,45.550171067241,1715536805000
1999993473803444,Monteregie,-74.302975041272,45.222030840381,1733251051750
1167177547764969,Montreal,-73.549935335501,45.550105548215,1715542769000
2372591306424611,Monteregie,-74.307771321613,45.221094180731,1733251374750
1111549393410174,Laurentides,-74.460754,46.2373868,1628107768497
1653717001757833,Chaudiere-Appalaches,-71.092736,46.312872,1683457005000
1076766127279862,Monteregie,-74.30922971788,45.214104629083,1733251719000
1309137310453695,Montreal,-73.549900644392,45.550174782412,1700413888174
854142516637692,Monteregie,-74.312285866692,45.217801786977,1733251932250
1431148970667402,Montreal,-73.549662049012,45.550027107541,1653854138580
25993956703593378,Monteregie,-73.0159098,45.5391297,1771183135474
1160810311607979,Monteregie,,,1714138692105
1184218642670695,Montreal,-73.549476643346,45.550168319245,1700408637603
1551016492636121,Monteregie,-73.015906456634,45.539130577776,1771183061383
25950970854570077,Monteregie,-73.0159107,45.5391311,1771183086138
1629376538408699,Monteregie,-73.0159084,45.5391363,1771182659617
610500607269142,Capitale-Nationale,-70.31584048868,47.914433660549,1661610387231
263500709494435,Chaudiere-Appalaches,-71.142843,46.164138,1683460596000
24909643735297417,Lanaudiere,-73.555107634966,46.822298080935,1757257051204
476253764142052,Capitale-Nationale,-70.3159464,47.916844699972,1661610501201
497336511710998,Outaouais,-76.010894428992,46.687363885928,1531248644000
1198366697859532,Laurentides,-74.052242148646,45.817988862588,1718964096954
532139062954396,Lanaudiere,-73.997677162633,46.558162486462,1722676651451
787341319384405,Capitale-Nationale,-70.3220077,47.912497,1661609748147
392724225184181,Outaouais,-76.016874958306,46.688624996096,1531248628000
1008302537238599,Laurentides,-74.04001163846,45.80534140979,1718965875056
281020261767227,Monteregie,,,1713804032949
629685928518505,Capitale-Nationale,-70.322708769222,47.911446692056,1661609588674
1381554485740041,Capitale-Nationale,-72.019095207879,46.753128375986,1685199947000
2146702118995314,Mauricie,-72.114078320322,46.5935936926,1692560501000
1173271277042323,Laurentides,-74.051852948925,45.81747045195,1718959913806
782954780170460,Monteregie,-73.142712526586,45.233796862201,1713819940192
1282547356067493,Laurentides,-75.582282209092,46.695360085608,1755359576000
140886625661704,Capitale-Nationale,-71.99601774377,46.765140908668,1685200042000
685888503011604,Mauricie,-72.128292729003,46.591155231246,1692560434000
121794843971973,Capitale-Nationale,-70.321184,47.913411899972,1661609901115
5372886176075737,Capitale-Nationale,-72.019251631284,46.753030352989,1416041597000
2397357383991592,Laurentides,-75.590995616191,46.703607033631,1755358508000
1838370443240123,Laurentides,-74.040032973416,45.805369769223,1718965874755
697480688696052,Mauricie,-72.110378695075,46.594688042375,1696358703000
787059930567426,Laurentides,-75.580781884151,46.703112108048,1755361760000
263086152228765,Centre-du-Quebec,-72.770632224614,46.096738084701,1502212441222
400536151681998,Mauricie,-72.113729758581,46.593946725479,1597333018000
198074492151470,Centre-du-Quebec,-72.433312972222,45.837856972222,1606236362188
805309485185664,Laurentides,-75.584588020412,46.708069014799,1755363050000
209081204222013,Estrie,-71.531531468713,45.00016987593,1467388530505
222775883618839,Lanaudiere,-73.424080317674,45.786889089364,1679488918000
2959767950969102,Estrie,-71.531350273848,45.00024138259,1467388529501
339530370941388,Estrie,-71.5313659059,45.000241657966,1405780623520
728797832701855,Lanaudiere,-73.423712006429,45.787134352363,1711825266000
479049499992328,Estrie,-71.531393187613,45.000225801468,1531064075238
721464016808930,Lanaudiere,-73.4233581,45.7869897,1711832444000
152169700224856,Estrie,-71.531206842399,45.000256381197,1405780493527
1382014432182320,Estrie,-71.531114798734,45.000308998416,1531063550575
819217934280566,Chaudiere-Appalaches,-71.374977080156,45.968451044267,1765058574951
605278237851530,Capitale-Nationale,-71.032248193196,47.675304035289,1661780161304
378622473465463,Outaouais,-77.20230504404,46.390070903935,1602959052023
822201305078198,Estrie,-71.531615531865,45.000096716033,1467388415024
1534185424372476,Chaudiere-Appalaches,-71.364429380386,45.955102019529,1765058450005
5647085565338279,Capitale-Nationale,-71.035475829613,47.67095227896,1661780455862
208297334854895,Capitale-Nationale,-70.614952777778,47.814094444444,1657737842176
578267603153841,Outaouais,-77.202248692484,46.389945313123,1602960479023
936963963809478,Monteregie,-73.256114881963,45.538707089852,1407165646000
565682191078607,Estrie,-71.53152740143,45.000170499299,1531064076830
1390405754668980,Estrie,-71.53157692183,45.000112256925,1531063545785
1896372110526976,Monteregie,-73.265189595102,45.536009311169,1407165673000
165710089383615,Capitale-Nationale,-71.033684316522,47.673801800536,1661780265621
1392120227809951,Abitibi-Temiscamingue,-77.303152791142,47.746416453004,1531242343000
795544767743334,Monteregie,-73.26315528,45.5366087,1407165669000
746124472732959,Monteregie,-73.258904931533,45.537871496364,1407165662000
966986794854720,Laurentides,-74.137311005051,45.960440133614,1709311410150
2833576933572028,Abitibi-Temiscamingue,-77.303101606195,47.744109722488,1531242379000
1484730855614206,Chaudiere-Appalaches,-71.349377724421,46.069163371743,1694777467200
1841171636061629,Monteregie,-73.256114966231,45.538707082627,1407165648000
1054045956053303,Laurentides,-74.130509284166,45.958370990352,1724153689850
775793304192623,Laurentides,-74.142775935653,45.959065253867,1680892039697
1282144315554713,Outaouais,-76.509972524488,45.630184761328,1539002683000
361967286204331,Monteregie,-74.424392491351,45.27659057137,1666812466333
158290682916656,Centre-du-Quebec,-72.610215370043,45.830056198114,1572607967523
1451018745739708,Chaudiere-Appalaches,-70.203999828306,46.501433694226,1690906614000
547695160854118,Estrie,-72.40769,45.06634,1682164763000
1192049424904171,Laurentides,-74.130442320479,45.958061568081,1653427400822
828683619484840,Bas-Saint-Laurent,-67.6686786,48.4459759,1755960185000
969020450510759,Centre-du-Quebec,-72.610093105783,45.830706631001,1407160905000
297253302920524,Chaudiere-Appalaches,-70.204030949875,46.501477812796,1693503368000
1378496432804776,Monteregie,-74.42464339586,45.276467795984,1700160753000
1610604092770006,Chaudiere-Appalaches,-70.203156165252,46.502132524055,1690910393000
211551587137163,Outaouais,-76.503901944444,45.658752777778,1539005558000
871063531169274,Monteregie,-74.439048045724,45.291437183131,1699821689750
193127496416395,Capitale-Nationale,-70.124394899972,47.7259224,1662571068000
1341090733430272,Chaudiere-Appalaches,-71.069880408513,46.694990872766,1690624300000
1365161934099759,Monteregie,-74.422196320872,45.283389387943,1700160600750
504451470912414,Outaouais,-75.648019858186,45.571487055838,1508593852000
1162796572211538,Outaouais,-75.69132950909,45.837377385774,1717524836500
838045920936974,Chaudiere-Appalaches,-71.07699691652,46.685371061463,1693510936000
1115757609408434,Monteregie,-74.422263829092,45.283419463403,1666800056333
3983600471919142,Outaouais,-75.691347865351,45.83719169781,1717524837666
1049060296506332,Chaudiere-Appalaches,-71.055336122646,46.686004972081,1690648089000
830098331843944,Chaudiere-Appalaches,-71.05552843117,46.686068279626,1690917684000
1341045786524187,Chaudiere-Appalaches,-71.060760519358,46.691379637838,1690648135000
1175240597578815,Estrie,-71.823562004471,45.369635968801,1764946760723
253269807704289,Chaudiere-Appalaches,-71.060817242408,46.691434874052,1696441578000
1044135163245415,Chaudiere-Appalaches,-71.062440337908,46.692875747972,1690625160000
620117386972602,Chaudiere-Appalaches,-71.06082870379,46.691455690871,1690917749000
1287151022823510,Laurentides,-75.632547073795,46.734413558045,1755364002000
684064773743920,Lanaudiere,-73.812127,46.898731,1692115611000
1214018615720934,Outaouais,-76.139753917226,46.15719288117,1407571208000
1304383651193224,Laurentides,-75.653891229551,46.742507300285,1755368083000
782636016976930,Lanaudiere,-73.81561,46.897108,1692114594000
993680892805675,Mauricie,-73.435078490042,48.124916244929,1754152060000
461974685104697,Outaouais,-76.141302075818,46.156255633841,1405878501000
535120521192184,Outaouais,-76.135854299326,46.16657023208,1407681707000
996976869096080,Mauricie,-73.422563214235,48.126590001091,1754151978000
803260475469283,Laurentides,-75.650704885035,46.735907150337,1755365103706
1253976491692432,Capitale-Nationale,-70.734375,47.193786111111,1597314951000
1187094805298369,Capitale-Nationale,-70.733942550379,47.194353539657,1684487014000
1808801709535339,Capitale-Nationale,-70.730006262924,47.200051368839,1693948034000
1080070596512094,Monteregie,-73.749955650308,45.359887963321,1685143414000
833628348091073,Capitale-Nationale,-70.733397806025,47.193992420759,1692721353000
1216326922379042,Capitale-Nationale,-70.733930670878,47.19402032709,1692907882000
2065395960481683,Monteregie,-73.720051545308,45.359007629552,1685143721000
953832479659139,Chaudiere-Appalaches,-70.510711345306,46.768584330165,1711387396000
718947482584980,Monteregie,-73.729862225918,45.343642816368,1654088647441
1477909099735805,Chaudiere-Appalaches,-70.520112350758,46.762239607542,1711376657000
954888431743802,Monteregie,-73.729803472325,45.34356773236,1437057147707
601467455243190,Monteregie,-74.283464251842,45.360250279591,1691946432300
565993711454113,Outaouais,-77.225982391287,46.443473704379,1602959811023
709480465382320,Gaspesie-Iles-de-la-Madeleine,-65.654557022503,48.340754255937,1751215425000
1021033919090270,Chaudiere-Appalaches,-70.518746702586,46.761138795066,1696174801000
377686760234858,Outaouais,-77.222534330344,46.441376804306,1602959970523
522036982498356,Monteregie,-73.729703562509,45.343440033064,1558116316000
1251058896499370,Bas-Saint-Laurent,-66.062163084151,48.614499652982,1751304331000
773908996849365,Outaouais,-77.222591893222,46.441574155391,1602959784024
675878184028030,Lanaudiere,-73.864007,46.863331,1692116678000
3007926642863955,Outaouais,-77.229548602182,46.44501404903,1602959912523
1479436812818159,Lanaudiere,-73.866582,46.860796,1692116913000
1144670976496719,Chaudiere-Appalaches,-70.598860549114,46.582310358873,1696439259000
632943015539845,Capitale-Nationale,-71.6631164,46.9107514,1683288504000
125452120559179,Chaudiere-Appalaches,-70.623417170695,46.743726086214,1688658975000
826423594943951,Abitibi-Temiscamingue,-77.315680553878,48.276849999404,1531239972000
1206639529806248,Monteregie,-73.373839079464,45.599866419869,1552846943108
2309447996179030,Chaudiere-Appalaches,-70.624143594611,46.743781028991,1724689919116
1510324263070334,Monteregie,-73.37207981177,45.594543136246,1693357526209
298196205289620,Abitibi-Temiscamingue,-77.314072877069,48.279911189357,1531239960000
143640751832665,Chaudiere-Appalaches,-70.605109896616,46.742516361461,1674219217000
199978552908002,Monteregie,-73.370657102709,45.585989840431,1693356756456
281933728113215,Mauricie,-72.3945197,46.6489164,1695503676000
1645158695902575,Chaudiere-Appalaches,-70.604527072619,46.742326785487,1674231362000
601708422167511,Monteregie,-73.371544839183,45.594930900285,1693358654637
299162715124061,Centre-du-Quebec,-72.319848363605,46.050271635118,1572609145022
1204278970230870,Mauricie,-72.394447135013,46.64963302334,1682601546000
1558720411364842,Chaudiere-Appalaches,-70.6235505625,46.743807024426,1711388192000
1528014081372626,Centre-du-Quebec,-72.323770264611,46.047020562274,1703360540500
965937947851743,Mauricie,-72.3943481,46.6495547,1692558761000
263796819734738,Chaudiere-Appalaches,-70.602698095054,46.742220704674,1690898908000
136761495152176,Centre-du-Quebec,-72.32923456472,46.042400137725,1572609105023
1001161451176347,Monteregie,-74.378635946068,45.250892972364,1700158206750
466084967840390,Outaouais,-75.819922218479,46.549391667816,1489335392000
765966749384911,Bas-Saint-Laurent,-67.2649829,48.0393861,1757272993000
1120494881782544,Outaouais,-75.819997220026,46.54929999852,1530358556000
1485551346205177,Bas-Saint-Laurent,-67.274524,48.0365479,1757272843000
209834077424649,Outaouais,-75.797403180423,46.553238392805,1569072338000
294804135540975,Abitibi-Temiscamingue,-77.12790555756,48.607619440781,1531238169000
2932282253717266,Outaouais,-75.797713883136,46.553163891281,1489335313000
1375272926163780,Abitibi-Temiscamingue,-77.12766111468,48.602377771073,1531238188000
1231121848871187,Estrie,-72.041172939793,45.168721141315,1764879272513
1310593030322102,Monteregie,-74.289581660331,45.483356417172,1729160928333
1652331972248024,Monteregie,-74.289676581571,45.48336211794,1717513032200
840714327414817,Estrie,-72.038552,45.159982,1689175576000
2191200838081910,Monteregie,-74.288933944823,45.482886316758,1764353460005
847897131427370,Estrie,-72.041118111572,45.168788007337,1764873132517
4048090241952712,Monteregie,-74.289947872374,45.48351344031,1544375090973
1741658286526973,Estrie,-72.040743325667,45.168615709679,1764534802639
272737074539515,Monteregie,-74.289512057309,45.483285033827,1407170087000
1180478440284598,Estrie,-72.039031406237,45.167725144797,1764872983558
800503710879550,Monteregie,-74.289769682958,45.483272806558,1558374134000
591268078932251,Monteregie,-74.289984726644,45.483346802694,1558113977000
211669691190031,Capitale-Nationale,-70.0973498,47.9283331,1662567823000
848164362438269,Laurentides,-75.466902778882,46.608563887996,1489327752000
1066454841468564,Monteregie,-74.186477156283,45.351264933477,1700340052345
952445608840466,Laurentides,-74.807390780859,46.35937095203,1568997346000
996261788274354,Chaudiere-Appalaches,-70.741925,46.74128,1696173672000
506619434105114,Laurentides,-75.476302783968,46.624080588533,1489327827000
1279997905739549,Laurentides,-74.806537439794,46.357621933578,1653424178856
1016904246128392,Chaudiere-Appalaches,-70.73010339614,46.749280505191,1696173731000
1309673773550356,Monteregie,-74.186443748469,45.351286937874,1732742371750
916292389428714,Capitale-Nationale,-71.292340029159,47.855375676871,1683371402000
1672131946882916,Estrie,-71.975485179294,45.714731229631,1719326055905
1703483243629267,Mauricie,-73.202380116755,48.071780024873,1754226069000
3596080927352190,Laurentides,-75.475828171046,46.620292322423,1755372978000
928183888579404,Laurentides,-74.8069108,46.357814599998,1655399927233
24212798388366112,Monteregie,-74.186889102809,45.351870258552,1667066494500
1887405858467912,Lanaudiere,-74.332411195169,46.334735917604,1752177960000
1288621459288888,Lanaudiere,-74.332621068982,46.33449200841,1752177039000
1085594847037279,Mauricie,-73.599288003966,47.682487382251,1754173092000
973193744121244,Estrie,-72.3851,45.13542,1682169877000
180083211558822,Lanaudiere,-73.427519351181,45.840309847043,1681118740725
833031115066472,Chaudiere-Appalaches,-70.64629512737,46.955596708071,1688638434000
1062979735939619,Lanaudiere,-74.334669166281,46.337740247917,1752176529000
3678879265741969,Lanaudiere,-74.329782058067,46.326169051905,1752177719000
280048311313717,Chaudiere-Appalaches,-70.63788133599,46.940023069462,1690629190000
172139961383753,Outaouais,-75.959609799972,45.916421399972,1596668198011
899271647594519,Chaudiere-Appalaches,-70.639982602737,46.94730058918,1406543460000
546032003051045,Outaouais,-75.945371379286,45.906556501191,1596668195784
1101479470974126,Monteregie,-74.159859651208,45.39015457831,1710594464733
1620039372492607,Chaudiere-Appalaches,-70.641362849439,46.946696261586,1765137937757
1052414203063024,Gaspesie-Iles-de-la-Madeleine,-64.990954,49.020715,1719844276000
2765470636976208,Bas-Saint-Laurent,-67.611970223215,48.168960361027,1751116063000
762500624461348,Outaouais,-75.967404588717,45.920152399351,1596668199231
505332293837133,Outaouais,-75.943301308145,45.906530897639,1596668195575
5740466012688178,Chaudiere-Appalaches,-70.720931525774,46.778007232216,1674218759000
828421841925793,Chaudiere-Appalaches,-70.721234956912,46.778011499807,1690898504000
793791561257232,Outaouais,-75.955257499234,45.909995118504,1596668196816
1422321912005114,Chaudiere-Appalaches,-70.721572171792,46.77819184504,1711388593000
4006577822759539,Outaouais,-75.955114202336,45.907495629893,1596668196392
170011541611375,Outaouais,-75.956114322907,45.913341827292,1596668197425
230291448427963,Laurentides,-74.052663468063,45.786530508358,1572721830715
729558658463297,Laurentides,-74.900936599972,47.3913492,1659452263000
333264941554990,Laurentides,-74.046291251966,45.776451104593,1572721467642
202123555081331,Outaouais,-75.942048957343,45.906451995289,1596668195329
302724664847498,Centre-du-Quebec,-72.372987516253,46.005752754453,1572608924022
523143778813671,Laurentides,-74.043300040574,45.776833109518,1572721449766
469279634142666,Centre-du-Quebec,-72.381289379288,45.999390054708,1407159953000
240851317815585,Outaouais,-75.947280704596,45.905837398227,1596668194587
230544382198482,Bas-Saint-Laurent,-68.846758522593,47.654402693573,1406549972000
1386046086563404,Estrie,-71.901635024939,45.101181199044,1764869964567
699851986536958,Estrie,-71.277569681762,45.632146592187,1764949362711
935151153942639,Bas-Saint-Laurent,-68.851624673781,47.657338740622,1406549951000
797515611192565,Centre-du-Quebec,-72.379874288796,45.999985020496,1465816736000
1027639104873462,Chaudiere-Appalaches,-71.321527926746,46.023942480629,1683476465000
1200424688859498,Estrie,-71.901642066612,45.101191415213,1764862882546
2991219851107560,Monteregie,-73.185637607599,45.564247998838,1407163012000
485733352701029,Centre-du-Quebec,-72.382423173669,45.99793132168,1572608882523
1813864592599165,Estrie,-71.901450304081,45.109011531416,1764533600709
511900423507141,Monteregie,-73.205944612367,45.563494729759,1502223508847
3919282178163318,Abitibi-Temiscamingue,-79.370833320422,47.118241668982,1531054440000
1495211560822039,Abitibi-Temiscamingue,-79.371256520053,47.119217081201,1531054444000
311080500589249,Laurentides,-74.625600005392,46.093344419918,1530628868000
807691950767818,Capitale-Nationale,-70.74611,47.58373,1662470894000
702937615178282,Chaudiere-Appalaches,-70.55230764968,46.549509646295,1690637479000
556343728664741,Laurentides,-74.484213890784,45.853700004806,1530698467000
103497509425108,Outaouais,-75.260342,45.884622,1684662995000
143491591029954,Laurentides,-74.625875010844,46.093030563418,1530614807000
621444960402784,Gaspesie-Iles-de-la-Madeleine,-66.103495468711,48.694897056446,1751311065000
465274754764947,Monteregie,-73.261764269666,45.41317475511,1505302472929
492688392038362,Monteregie,-73.262213650905,45.41310048367,1544031862822
227116356689654,Chaudiere-Appalaches,-71.362810027288,46.052502114199,1694682301000
1204316847418065,Estrie,-72.237834276595,45.589909318222,1719321949297
361207122048965,Outaouais,-75.421745,45.818561666667,1625928601000
1408665832825397,Lanaudiere,-73.757108280996,45.858001546718,1546117593470
1169637100492887,Chaudiere-Appalaches,-71.368544974064,46.048084609361,1683477601000
6961349057327160,Lanaudiere,-73.75708448814,45.858158578812,1709308343950
847971139515914,Laurentides,-75.249572299972,46.405979199972,1452269194000
1416366935779499,Chaudiere-Appalaches,-71.352595680709,46.052054677089,1683478358000
266904796456566,Lanaudiere,-73.769785128322,45.852184428407,1709308759650
829154744363647,Lanaudiere,-73.757194984025,45.867976225368,1546117491981
384374071011316,Lanaudiere,-73.749799989396,45.867667028196,1709308131016
2393270467512009,Saguenay-Lac-Saint-Jean,-72.081787980689,48.410229173572,1694799313000
208097948679145,Saguenay-Lac-Saint-Jean,-72.087466973765,48.403832463586,1683376682000
6306405136123468,Saguenay-Lac-Saint-Jean,-72.080825662542,48.412520719427,1687692346000
1169276034349824,Monteregie,-74.217012900854,45.460034625613,1720794119033
1413682339563273,Monteregie,-74.216006895675,45.478783210707,1700334438122
1377351429560526,Monteregie,-74.215913177099,45.478887043308,1666719331333
1231164164616390,Monteregie,-74.216031056595,45.478651743346,1729434921558
261164136752994,Capitale-Nationale,-71.454966579433,47.044235965313,1692640287000
202397341723425,Monteregie,-74.216932062039,45.459931439882,1558371980000
1319000398683356,Capitale-Nationale,-71.453369574714,47.044703819845,1683284178000
977780130988881,Bas-Saint-Laurent,-67.609563216417,48.195233414041,1751115639000
188436107654195,Monteregie,-74.111234286955,45.271941670505,1700341414479
1188251236068424,Monteregie,-74.215836131527,45.479019597428,1764264372250
567181102256410,Mauricie,-72.629849432007,46.609151954532,1687706821000
241566201062121,Lanaudiere,-73.756856212264,45.953226285472,1546114847039
1549957312940341,Monteregie,-74.110770377048,45.271900709852,1764271470250
1439557453493965,Mauricie,-72.631020257173,46.609948879485,1694812130000
571180002366439,Monteregie,-74.216850775716,45.459933679809,1729433873158
3850060801773312,Lanaudiere,-73.756551869515,45.95318706403,1546116776203
5761205797253383,Bas-Saint-Laurent,-69.461699239828,47.780044230226,1406547999000
1666617753764591,Mauricie,-72.628656714459,46.608315999824,1683387818000
290203256142170,Lanaudiere,-73.751153120876,45.951940171891,1546114802702
705392924876773,Monteregie,-74.121537367105,45.271738366766,1700341365358
468276571849784,Capitale-Nationale,-71.189824299972,47.6370603,1661791794853
2227225734468166,Monteregie,-74.130336668381,45.271368779773,1764271307500
312136347991426,Capitale-Nationale,-70.546006665205,47.341542107222,1692906799000
480085370646441,Capitale-Nationale,-71.207437738255,47.635441536124,1661365853184
952668749153876,Capitale-Nationale,-70.54754468268,47.342721379191,1692905006000
642716177958484,Chaudiere-Appalaches,-70.414748916932,46.840299869743,1690630824000
789196333415922,Gaspesie-Iles-de-la-Madeleine,-64.754534,49.073418,1719864639000
686978156649610,Monteregie,-73.663735137954,45.346411909092,1691177050783
1319119629914416,Chaudiere-Appalaches,-70.419682209307,46.840199393541,1725464302298
2195978477423182,Gaspesie-Iles-de-la-Madeleine,-64.755854,49.06283,1719864076000
317852989826067,Monteregie,-73.660231031784,45.347205386063,1406532133000
1121506665017800,Outaouais,-76.000883305987,45.643905615246,1504024918000
472099797356710,Outaouais,-76.000646536394,45.643936259643,1605711662917
385638985974291,Monteregie,-73.373836874751,45.37757911901,1558368095000
2109401469201685,Laurentides,-74.342563610608,46.088366540708,1568983344000
500296268069129,Outaouais,-76.028752667163,45.643315944564,1602421140500
795483734812146,Centre-du-Quebec,-72.369022358638,45.979291653267,1655493495110
202707784865429,Monteregie,-73.360042928394,45.375931295477,1558368035000
1379922262369835,Outaouais,-76.015005559582,45.646436108807,1538987671000
215201550145719,Monteregie,-73.893182175853,45.291209815725,1558369988000
121598657588154,Monteregie,-73.378212393524,45.388305045374,1685213555798
2952686428346038,Outaouais,-76.001241898854,45.648690975559,1602420984500
172363298096393,Outaouais,-75.940466651663,45.633013859362,1489342771000
524590515573747,Monteregie,-73.889772588778,45.290830730265,1558115791000
175073341158651,Monteregie,-73.890822230361,45.290938889357,1437035731000
483840526192454,Outaouais,-75.940700713306,45.632465877928,1602420679500
1767351813434797,Outaouais,-75.941347125055,45.630024841888,1604323265066
486774689207277,Outaouais,-76.330351158429,46.276398537252,1596655985579
114172380720579,Outaouais,-75.941335859606,45.63006387123,1518085892000
1341694222884301,Outaouais,-75.94150357455,45.628972751047,1518099785000
5457286517678474,Outaouais,-76.341478840451,46.282791172851,1596669214116
453012242456201,Centre-du-Quebec,-72.53818848543,45.891149777552,1407160544000
386595179106260,Outaouais,-75.940140099893,45.633056126814,1405882760000
298446845283660,Outaouais,-76.358682112735,46.282366998795,1596653397021
1188685724887309,Centre-du-Quebec,-72.536660539742,45.891969327749,1572608282023
226229492188074,Outaouais,-76.339199299846,46.281710099998,1596655987188
510169746660740,Centre-du-Quebec,-72.535179019413,45.893298239046,1406536064000
467249114504435,Outaouais,-75.940134746566,45.633078700272,1407685053000
1073923080691272,Estrie,-72.410112133584,45.162412451464,1724509841059
1361773897823784,Monteregie,-73.900230556669,45.413235902043,1717605122350
3903030483079938,Outaouais,-76.342875621502,46.283320000494,1596653399630
250780084778097,Chaudiere-Appalaches,-70.7157231,46.616645,1711375125000
1056798542407900,Monteregie,-73.899642725813,45.413417609671,1699699105233
263936669668313,Estrie,-72.429144283344,45.166524455109,1689160500000
774832399888113,Outaouais,-76.341879728034,46.283799025905,1596652119658
809627190065844,Chaudiere-Appalaches,-71.226468766431,46.36228597117,1683453898000
316880824326903,Mauricie,-72.893129041829,47.196997318044,1695494243000
3720800364696843,Outaouais,-76.35568630415,46.280521699898,1596653394851
568985432296304,Monteregie,-73.8998397,45.4133705,1721748803000
255531363597333,Chaudiere-Appalaches,-71.224188497962,46.360694090667,1683453326000
1319170928805751,Mauricie,-72.893161306663,47.197148514743,1694808653000
1743582225815859,Outaouais,-76.353619798673,46.279673600114,1596653393130
854538568744217,Monteregie,-73.896235851334,45.415014097824,1464006152569
619095280246201,Mauricie,-72.892960331012,47.19722494036,1683383328000
1453057046821544,Estrie,-72.278485935527,45.17842636697,1764773447420
322520529382470,Outaouais,-76.341211303357,46.282668299888,1596653397327
858950643069415,Lanaudiere,-73.934854280712,46.674908259837,1722676919752
728212566497606,Mauricie,-73.21900285467,47.993532002751,1754141434000
3409721725954843,Mauricie,-72.892192639674,47.195014214192,1687703434000
491315522285167,Outaouais,-76.357192902624,46.281446700189,1596653396250
1075937143936794,Lanaudiere,-73.950770273526,46.674054114756,1722677081681
1430587607789828,Mauricie,-72.892602464286,47.197083731808,1695497355000
1435682050820226,Outaouais,-75.87991477917,46.770952151954,1755281875000
950193552948201,Capitale-Nationale,-70.372216374564,47.769242802843,1693937941000
1078629613503231,Monteregie,-74.148652761448,45.267437932763,1700341135897
317956126574129,Outaouais,-76.354436468892,46.279744402985,1596653393680
647236704041429,Gaspesie-Iles-de-la-Madeleine,-65.249337,48.109636,1691314717000
1073636324977506,Outaouais,-75.869738810209,46.783092193889,1755276376000
192223256081382,Outaouais,-76.779554539222,46.104239485878,1602954400023
1114417862852456,Capitale-Nationale,-70.372115,47.769315,1693939590000
937442933700256,Outaouais,-76.342913721333,46.288344935421,1596669216317
834173346073181,Monteregie,-74.152484437706,45.267594476098,1764271069000
1123744289671523,Laurentides,-75.490361042751,46.686702324036,1755357183000
1720699048132954,Outaouais,-76.777531197649,46.102025876694,1602954344522
706080171362979,Capitale-Nationale,-70.3784931,47.7790014,1693939506000
151197270305197,Outaouais,-76.777470745948,46.101921053626,1602954189522
259446732594394,Outaouais,-76.778179649383,46.103635153003,1602954160523
188710260214264,Capitale-Nationale,-70.677024120746,47.956809719715,1661699403174
2326789717475258,Capitale-Nationale,-70.670389452052,47.964584076284,1661699024912
1231161091042908,Capitale-Nationale,-70.67691903135,47.955548696434,1661699513178
1082468769387706,Chaudiere-Appalaches,-70.404450218024,46.655581165149,1690911361000
1404510990942565,Abitibi-Temiscamingue,-78.6423584,48.1795492,1626981025807
595037738827283,Capitale-Nationale,-70.6715709,47.950155899972,1661699870527
600539801835975,Outaouais,-75.279859,45.923021,1684663489000
912310179373531,Capitale-Nationale,-70.617260780721,47.710162672051,1597239059000
2743037005871558,Mauricie,-72.368865,46.8682231,1695488302000
1050491989461066,Mauricie,-72.729405268582,46.689975509922,1694811376000
1957860964579584,Mauricie,-72.368902155725,46.868265433944,1682598918000
457982763056141,Capitale-Nationale,-70.671178999972,47.9445452,1661700143430
308798460762354,Abitibi-Temiscamingue,-79.263341665484,48.053572219114,1531061978000
1780654029028705,Mauricie,-72.729621379439,46.690163288252,1695500147000
312454546982680,Abitibi-Temiscamingue,-79.269374377282,48.068802410909,1531062042000
1627479924319877,Capitale-Nationale,-70.671413299972,47.941774,1661700261807
1350838365532599,Mauricie,-72.729717112962,46.690364512674,1695491584000
142374577941137,Estrie,-71.628883920123,45.009708557058,1531065485978
1895765930810397,Mauricie,-72.729504007421,46.690084954949,1687706084000
737331464034037,Capitale-Nationale,-70.671844699972,47.961721099972,1661699225857
168010131849292,Estrie,-71.628377854541,45.009791594462,1405788942030
109682324537935,Centre-du-Quebec,-72.354653936378,46.021126474705,1572608997523
222237939424013,Estrie,-71.628203500616,45.009833998604,1531069467051
1227792831062241,Estrie,-71.628464330139,45.009773244051,1531069464694
763351815623146,Centre-du-Quebec,-72.353905926499,46.021833925861,1703360212000
173788971416933,Estrie,-71.628421683796,45.009781967844,1467387129501
1237226094318023,Monteregie,-74.139489682743,45.403315678147,1721331055800
1146886312475560,Estrie,-71.628753225687,45.009735620209,1467548873015
1019201702470901,Monteregie,-74.139448575623,45.403086506388,1699877919883
1786422925565802,Lanaudiere,-74.271270976981,46.223689013117,1752257409000
305776967930685,Estrie,-71.62861130806,45.009735086774,1467387128521
172484048095139,Outaouais,-76.595013927316,45.718194457748,1539007607000
1424888162084401,Lanaudiere,-74.275956998648,46.226061001112,1752252347000
1106004434878778,Laurentides,-74.615486028073,46.078610106891,1746118642983
492754361846469,Estrie,-71.628745219225,45.009734767723,1405781956514
297078412121281,Outaouais,-76.595030559694,45.718086115911,1539011205000
1460533121351279,Capitale-Nationale,-71.302118738801,46.792013076526,1681476502000
777719277937776,Lanaudiere,-74.269365956883,46.221713023565,1752252699000
1444634846076435,Capitale-Nationale,-71.390991387111,47.938175539739,1683371846000
1588025648068393,Laurentides,-74.615593672889,46.078559258089,1545763524286
494189881821800,Estrie,-71.628938202502,45.009692200687,1531065486757
517279842964378,Outaouais,-76.593487604061,45.715368788645,1602947765023
231770492080561,Capitale-Nationale,-71.301361147698,46.792504571356,1604322316451
162375905824275,Laurentides,-74.615534920038,46.078574674179,1531054914521
199168298596938,Laurentides,-74.615564771178,46.078561855496,1531058951317
167167159621705,Capitale-Nationale,-71.302128293,46.792087504371,1682605539000
965612114251032,Outaouais,-76.593609925711,45.71562676076,1562432197000
1562028604980576,Lanaudiere,-74.276631481189,46.227796253204,1752252175000
305069207956846,Laurentides,-75.303222220807,46.812277778172,1489329163000
252926066338480,Capitale-Nationale,-71.32828813646,46.782619324625,1540141819097
461386109170734,Outaouais,-75.6512167,47.335681,1659631684000
296503655415301,Laurentides,-74.615596727714,46.078547037073,1531405998444
308777784204769,Laurentides,-74.615465996671,46.078601122142,1532032602994
3153528034944557,Capitale-Nationale,-71.301438092257,46.792457537656,1683391818000
909229043369436,Outaouais,-75.6437082,47.319431399972,1659632159000
1195688657543070,Laurentides,-75.305219444078,46.820222223114,1489329203000
3224397994378165,Laurentides,-74.615519292017,46.078654315271,1746092789800
312555547053041,Capitale-Nationale,-71.302327001056,46.792281453039,1538425386660
811591179727646,Laurentides,-74.615578000492,46.078536320238,1531398269924
462451351507561,Laurentides,-75.318443560292,46.828891959733,1489331204000
1328823204861462,Laurentides,-74.621921975889,46.061627715674,1746118725083
1006103784527686,Centre-du-Quebec,-72.458242953929,46.337435545452,1715247280136
1680133029095653,Capitale-Nationale,-71.319799511033,46.787570171139,1681476452000
466094921284555,Laurentides,-75.318396579881,46.828887297978,1489331201000
1586380532142650,Centre-du-Quebec,-72.447322986577,46.336794049672,1715247957403
185376940100340,Outaouais,-75.938519771722,46.440170561992,1530347021000
3319669108345362,Capitale-Nationale,-71.301346501884,46.79233003411,1674296591000
1494916014579245,Chaudiere-Appalaches,-70.4885097,46.5838364,1690634828000
133892868722335,Capitale-Nationale,-71.319062933717,46.787674983919,1540144403027
1091702719584398,Chaudiere-Appalaches,-70.488799954566,46.583879522454,1724687303410
250935953439263,Outaouais,-75.937547817338,46.448013747867,1530346764000
149390991458856,Capitale-Nationale,-71.301476929582,46.79257678868,1685453828000
307817448356158,Chaudiere-Appalaches,-70.485112113217,46.584131681872,1690635050000
753928800612751,Mauricie,-73.841306869843,47.951139445678,1754158961000
256952112823976,Outaouais,-75.936688722374,46.442190963267,1530346959000
721219469153456,Capitale-Nationale,-71.302030749793,46.792043747695,1654207971988
1309125903145701,Chaudiere-Appalaches,-70.494971873052,46.587102260955,1690635455000
1121292618922355,Capitale-Nationale,-71.31960919603,46.787765976836,1711814756000
696489698597246,Capitale-Nationale,-71.301913495896,46.79262957262,1674215968000
921922993115197,Lanaudiere,-73.584939,46.795295,1728483796000
298525846016324,Capitale-Nationale,-71.302260740251,46.792726973363,1690649633000
1373254696685306,Gaspesie-Iles-de-la-Madeleine,-65.732078926317,49.229072224099,1719772240000
479381758437370,Lanaudiere,-73.589186,46.794654,1728416242000
485386782663295,Lanaudiere,-74.109618320109,46.298224149463,1508351239481
1738399706583643,Capitale-Nationale,-70.418067819101,47.458549233463,1692886674000
3511169265830865,Capitale-Nationale,-71.301740238531,46.792498537377,1695507413000
26445133055077957,Gaspesie-Iles-de-la-Madeleine,-65.725575757404,49.210531288059,1719772024000
1164521488216933,Gaspesie-Iles-de-la-Madeleine,-65.737715150548,49.225707624736,1719773031000
2538961639743238,Outaouais,-77.245956434186,45.950935443999,1602443939523
224138525729618,Lanaudiere,-74.109933796398,46.298186265943,1508351682603
6469653499793088,Chaudiere-Appalaches,-70.480009577005,46.909251351984,1690630420000
1229938632374098,Monteregie,-74.105548305878,45.442939218301,1764086746500
215310370140298,Outaouais,-77.245414809615,45.951004874978,1602442269023
302668474909320,Outaouais,-77.25817530913,45.954085552382,1602443865523
678961080681991,Monteregie,-74.102182645778,45.420175644284,1699721651033
1436592700532160,Monteregie,-74.105382460614,45.44175536053,1699721916750
511660666539432,Outaouais,-77.25810210786,45.954222950103,1602442352523
231850886382968,Estrie,-72.115832342627,45.050282011047,1689172040000
1011951726741312,Monteregie,-74.10605689742,45.443558564509,1700322975016
942092806623176,Outaouais,-77.233717748087,45.950091707124,1602442199523
320797259431730,Outaouais,-75.999461022369,46.344805421446,1503771846000
286945953140218,Outaouais,-77.390352090371,46.522571202849,1596669580138
1976999979132965,Outaouais,-77.235395277405,45.950732649352,1602444000023
1087796172670797,Monteregie,-74.105804981323,45.443152171412,1666730366333
607529243540195,Outaouais,-75.999260947773,46.345084582108,1530349403000
292269542602017,Outaouais,-77.389408286054,46.522819404268,1596669580060
1485253788874567,Monteregie,-74.105901049202,45.44331291466,1700329485349
551501522503909,Outaouais,-77.381328845274,46.525725972958,1596669581241
153143523361093,Outaouais,-75.996268228615,46.349051427716,1530349303000
307790124049081,Monteregie,-73.396291316693,45.200875618768,1437038151775
214343276938279,Monteregie,-74.105828294365,45.443160582222,1568831847000
158346082963688,Outaouais,-77.384571611529,46.524358096193,1596669580040
327541302221408,Outaouais,-77.39890259992,46.519303899989,1596669577896
1403121243797180,Capitale-Nationale,-71.208124062729,47.749469852589,1683370854000
3660246974080990,Outaouais,-77.385275911253,46.524063296603,1596669580062
1378720846304145,Capitale-Nationale,-71.209405038211,47.742142929774,1685542720000
444584890527713,Mauricie,-72.698450060629,46.619603382467,1656690713192
4099134570124597,Outaouais,-77.405268214591,46.517240397966,1596669576541
212695024897376,Laurentides,-75.342208,46.124972,1684671631000
388255405679363,Outaouais,-77.399870591525,46.519026602824,1596669578917
1388533134854924,Outaouais,-77.394148619369,46.520827892885,1596669578972
834836917111896,Outaouais,-77.406996386296,46.517258799658,1596669578009
463128424979094,Abitibi-Temiscamingue,-77.08694706316,48.736120514231,1531237662000
1100617801309275,Centre-du-Quebec,-72.1596401,46.050026,1703361128000
198629502078814,Outaouais,-77.397884593508,46.519564901635,1596669578861
218610169665537,Abitibi-Temiscamingue,-77.089060328298,48.738465513289,1531237652000
887696275147342,Outaouais,-77.400788605342,46.518629697047,1596669577972
239236692303021,Chaudiere-Appalaches,-70.199917547041,46.80419147814,1688651968000
310050620496601,Outaouais,-77.38060581248,46.526227792086,1596669581078
460936599885941,Mauricie,-72.9247171,47.2029667,1628515546036
582443613172066,Monteregie,-72.935961388889,45.355523055556,1518521893000
1132130497266997,Outaouais,-77.392681667095,46.521669315085,1596669579918
307098361731056,Lanaudiere,-73.660092,46.886805,1692112471000
568454725274747,Monteregie,-72.923576508902,45.333227361578,1682179548000
1759459334811151,Lanaudiere,-73.660844,46.871232,1728326013000
218248999804736,Outaouais,-77.407804005595,46.516952998304,1596669576368
842961767688419,Mauricie,-72.9119601,47.2071967,1628515978463
6030854796983816,Monteregie,-72.935814713953,45.360181576805,1682179952000
309951138223275,Lanaudiere,-73.660198,46.881822,1692112390000
24341394178788259,Lanaudiere,-74.295100436229,46.277985706179,1752246034000
4197938663603480,Outaouais,-77.401632713434,46.518225997488,1596669578010
317901617319861,Capitale-Nationale,-70.951703720629,47.011937927394,1692719691000
1625009301023208,Outaouais,-76.058312999951,45.545409906445,1590247232523
683201343713308,Capitale-Nationale,-70.952004574389,47.012216407882,1692910604000
1134226170387859,Outaouais,-76.036388457416,45.540538577432,1404561368000
483031486344115,Outaouais,-77.387636388554,46.523233404609,1596669580376
185054161288170,Outaouais,-76.035836720949,45.54055002521,1696017469991
24961979743497626,Estrie,-71.930637326565,45.761601743933,1765047678045
3360181710958817,Capitale-Nationale,-70.953020421553,47.012683276981,1684481725000
815882225720239,Outaouais,-77.403428983941,46.517516506599,1596669577972
161842509228584,Outaouais,-76.046489046285,45.542137779452,1557069474000
1828402934722562,Bas-Saint-Laurent,-67.8085474,48.4064486,1755970731000
304829291217262,Centre-du-Quebec,-72.134348719885,46.169410806195,1572609815023
5444726342276715,Capitale-Nationale,-70.403803699972,47.9771785,1661621355375
309563947507807,Outaouais,-76.03605475123,45.54032607054,1590247158023
3985295848216911,Centre-du-Quebec,-72.147368630558,46.161468216717,1572609769523
1137869283361118,Outaouais,-76.052435349544,45.543976400954,1556997375000
662942312219569,Capitale-Nationale,-70.333093275757,47.607349383959,1692901492000
1022475929249992,Monteregie,-73.35653894952,45.40824409785,1719311372653
522004142127318,Centre-du-Quebec,-72.147429676682,46.161912612473,1407159116000
1724849334618909,Estrie,-71.990583270465,45.095991275891,1689174289000
192388787080735,Capitale-Nationale,-70.334447031371,47.606482921481,1684513898000
269556072546273,Chaudiere-Appalaches,-70.633855164273,46.371178161824,1693493221000
478872231368953,Outaouais,-77.2479845,46.0051143,1627519169932
1050925605715540,Monteregie,-73.35565857185,45.407550115724,1562688683304
1232377330788048,Capitale-Nationale,-70.333794539602,47.607105549018,1693945653000
1451950258518216,Monteregie,-73.356857161449,45.408234795525,1562688681293
217865336438165,Laurentides,-75.546919431677,45.982161117829,1489323717000
3870652183047578,Monteregie,-73.356159064129,45.408473498393,1437055132143
981987336416914,Mauricie,-72.3923872,47.3563957,1628626639511
508072940554611,Laurentides,-75.548994454845,45.983399991622,1489323729000
254063960429729,Capitale-Nationale,-71.6284597,46.9239131,1683288946000
1014135585946723,Laurentides,-75.4323344,46.2122947,1452264529000
295519149836561,Lanaudiere,-73.885465,46.876252,1692125463000
1118188536543854,Monteregie,-74.428843080602,45.339666392446,1728145242150
165589082138390,Centre-du-Quebec,-72.579962770424,45.855309070023,1406535874000
200492239692247,Capitale-Nationale,-70.272594745252,47.499198530225,1692898653000
836795261599513,Centre-du-Quebec,-72.522819869492,46.285417921371,1715246481278
594790362615730,Chaudiere-Appalaches,-71.350182,46.231296,1683451496000
1411587542531888,Outaouais,-76.950602545032,46.251017144031,1603023307022
1117182719827076,Mauricie,-73.365919,46.639216,1728411466000
4134187586602023,Outaouais,-76.944263926924,46.235809480683,1602956052023
145824797459602,Outaouais,-76.950420100947,46.25079535545,1602956170022
951937402298180,Monteregie,-73.346567081924,45.588553942609,1617970975000
665940004574064,Outaouais,-76.944543330174,46.235829382361,1603023415522
532305319544515,Monteregie,-73.480913187153,45.447232802867,1729615756639
798379857457019,Outaouais,-76.443966698648,45.838226033623,1592046984000
198679302071355,Outaouais,-76.944288748356,46.236182947718,1603023413523
1741324489668131,Monteregie,-73.343715938448,45.577143980589,1703350911000
462909198146451,Monteregie,-73.492455791745,45.449905256668,1465731012152
884954695418422,Outaouais,-76.944198144054,46.239853725722,1602956083023
127707319342514,Monteregie,-73.346939003106,45.588305000357,1617971622000
222996555924870,Estrie,-71.905787248758,45.401532738226,1566659356372
488025175840446,Monteregie,-73.344487067937,45.586403670106,1617970807000
1503170283642229,Monteregie,-73.481376071917,45.434903219682,1719056536682
1828091571402852,Estrie,-72.059619016948,45.328037255993,1764537395281
274474237711739,Estrie,-71.907983426206,45.401653881251,1566659517108
3933571886919480,Monteregie,-73.481516224496,45.434655686853,1736106041319
1384730633440910,Estrie,-72.07874020415,45.312715519287,1764537287947
1747156025966496,Estrie,-71.907588498748,45.41940643814,1764970911690
1307833126280916,Monteregie,-73.492464441416,45.449326925401,1531502235000
242619394312823,Bas-Saint-Laurent,-68.726224689327,47.587918062352,1406550546000
1052570949429634,Chaudiere-Appalaches,-71.118481222276,46.824660126671,1728136257735
202997979201799,Capitale-Nationale,-72.125900547663,46.591995793744,1692560446000
1037156367040213,Estrie,-71.907973651953,45.40061422597,1566659673036
1340348407058205,Outaouais,-75.820280224115,45.474098711237,1747146548583
950527873443025,Lanaudiere,-73.3423581,45.9042397,1711821570000
746474720392918,Chaudiere-Appalaches,-71.135416870589,46.845745413143,1681382992000
311815024766000,Monteregie,-73.49513191034,45.42364261657,1693933357222
1036698024022600,Capitale-Nationale,-72.1266181,46.5917547,1696358649000
1721693871504540,Outaouais,-75.820463637175,45.474136117233,1508675633000
767522770632323,Estrie,-71.904208088854,45.401800316646,1566659219682
190758323292067,Chaudiere-Appalaches,-71.1273531,46.84953,1681383454000
1368962430533611,Lanaudiere,-73.3430281,45.9032,1679485559000
583866755977379,Capitale-Nationale,-72.126354854419,46.591892617344,1597333062000
3614479452201553,Lanaudiere,-73.335461487196,45.909899441998,1711832936000
1914621016160167,Estrie,-71.993798860308,45.448719304301,1764518926750
168004781793095,Outaouais,-75.820447501462,45.474127657335,1528807876000
764256484288591,Estrie,,,1566645154351
2693536450986611,Estrie,-71.9986983,45.4485858,1764855983603
4045179642479389,Estrie,-71.907912420782,45.419761059287,1764856554598
296840012949180,Chaudiere-Appalaches,-70.927292644635,46.370796846453,1693491168000
885501457338538,Estrie,-71.997279536402,45.448684948985,1764945222702
734333637997416,Capitale-Nationale,-71.285403415454,46.819756557846,1674051625000
1343851042681510,Outaouais,-75.82041080485,45.474096577356,1592663228000
1857487214438856,Outaouais,-75.820219522087,45.474081459947,1508675559000
1627171481028266,Lanaudiere,-73.464534434758,46.174749019915,1681036144944
2419567541520248,Outaouais,-75.820058216442,45.474094161474,1519917622000
188299016956144,Outaouais,-75.347852099972,45.8797074,1452254688000
5190602284396359,Outaouais,-75.346979099972,45.8823901,1452253790000
210318158416327,Monteregie,-73.13569,45.38617,1663426986000
1305086120892982,Centre-du-Quebec,-72.430730386627,45.957600497952,1703359887500
455464619485064,Outaouais,-75.351411499972,45.882403199972,1452253615000
478024103472556,Centre-du-Quebec,-72.430655092817,45.957693601666,1572608683523
24935642129366848,Bas-Saint-Laurent,-67.794806053345,48.418220505044,1755964558000
1103355230141520,Centre-du-Quebec,-72.439174599484,45.950495169145,1406536870000
1020802772280106,Gaspesie-Iles-de-la-Madeleine,-65.625343,48.214717,1691160785000
1051298390162505,Bas-Saint-Laurent,-67.7960764,48.4177505,1755970511000
744696778389212,Bas-Saint-Laurent,-67.8088462,48.4343129,1755972731000
926198596233674,Lanaudiere,-73.519917,46.659014,1728480812000
1418564622415453,Monteregie,-73.969286768292,45.313186717981,1685142103500
1037049657440083,Capitale-Nationale,-70.373523285274,47.384650662411,1696694471000
1371270891667873,Chaudiere-Appalaches,-70.49305281397,46.82613882582,1725465975456
157799907389941,Monteregie,-73.984720969936,45.306403175715,1685142015000
823949732235337,Estrie,-72.189299631171,45.165043381162,1689176983000
10069922313122884,Capitale-Nationale,-70.373614361396,47.384562995388,1755076009780
1260924415246403,Chaudiere-Appalaches,-70.489457391367,46.824005673095,1725465627977
483831796018451,Lanaudiere,-74.251447182739,46.383724436011,1501287306136
558008049751733,Capitale-Nationale,-70.373501477087,47.384617416489,1692893997000
1205816966799033,Chaudiere-Appalaches,-71.164232504374,46.826320041686,1685451625000
564174099226267,Monteregie,-73.966023239701,45.318488512494,1684513347000
1622612124917273,Chaudiere-Appalaches,-71.168350888267,46.82397491647,1685451923000
1092307485777769,Capitale-Nationale,-70.373622625083,47.384557015278,1755104778138
1212315913285885,Capitale-Nationale,-71.310234927879,47.521248107066,1722189130000
275368261964546,Monteregie,-73.973179228877,45.300646586853,1691177929866
128457280187492,Lanaudiere,-73.3792381,45.84866,1679488644000
1120356679992955,Capitale-Nationale,-70.377493337351,47.383668969468,1755100025501
182014570460849,Outaouais,-77.369975735083,46.52862900125,1596669584257
1196422474162515,Outaouais,-76.878680541141,46.029264808828,1602433051523
1683804211807732,Outaouais,-76.878004306431,46.029317542182,1602432743023
254318487486814,Gaspesie-Iles-de-la-Madeleine,-64.860465,48.351399,1691330089000
1126769951168735,Outaouais,-77.364518073241,46.527093499951,1596669581892
4359467277667523,Estrie,-72.167067270764,45.468052063753,1764539859056
1492516511140069,Outaouais,-77.367724894645,46.528123473815,1596669582848
1685809665218292,Gaspesie-Iles-de-la-Madeleine,-64.861593,48.351439,1691330083000
563875474584088,Abitibi-Temiscamingue,-76.964322224862,47.365508334842,1531244401000
794281563127775,Laurentides,-75.554777998848,46.680323001375,1755354199000
1553461568904327,Estrie,-72.167233581781,45.468084400385,1764972339591
324521073264184,Lanaudiere,-73.932953,46.801634,1692126449000
163689808939567,Outaouais,-77.361918606798,46.527226100027,1596669581927
1620161572273312,Laurentides,-75.551792999168,46.679338000921,1755353812000
962926467821580,Abitibi-Temiscamingue,-76.963422222327,47.363469443263,1531244409000
972795486790872,Outaouais,-77.354238023593,46.528580794597,1596669583395
1102442291848973,Laurentides,-75.550878455993,46.677290231137,1755353422000
753308153187005,Estrie,-72.46096,45.27515,1682172838000
482506486196583,Outaouais,-77.358991998683,46.528758098232,1596669585386
219270029635955,Capitale-Nationale,-72.132260427132,47.033569802658,1506015310980
955924108531106,Outaouais,-77.351821659279,46.529846691405,1596669587577
168882128378825,Capitale-Nationale,-72.131948447239,47.033352161341,1506015270109
898480980715821,Outaouais,-77.360704812756,46.52807910001,1596669582807
842859184128280,Monteregie,-73.989886245847,45.392315008569,1722786303800
1322947345787844,Monteregie,-74.330651309303,45.454708963142,1736516277883
1034227137829316,Monteregie,-73.9605707,45.414190264179,1700299845950
318706086312953,Outaouais,-77.368453094294,46.528385599567,1596669582799
299256128483362,Estrie,-71.414297069148,45.655959115883,1566681395401
1000409511841647,Monteregie,-73.9612095,45.4147386,1723577864000
561153789667512,Lanaudiere,-73.572804,46.707047,1728478300000
962572481237584,Outaouais,-77.374416746969,46.52888299365,1596669586600
245181737401337,Outaouais,-77.372656697389,46.528765400057,1596669585972
1079395093769856,Lanaudiere,-73.586249266667,46.701742691667,1728477879909
1870164610544348,Estrie,-72.197290972917,45.481992560729,1764799448981
823991376573119,Saguenay-Lac-Saint-Jean,-71.137223,48.161186,1722174252000
1959459370875985,Outaouais,-77.365372078926,46.527228598154,1596669582046
529157088103123,Outaouais,-77.361188004679,46.527566000094,1596669582763
785856178972101,Outaouais,-77.442923411931,46.485745322431,1596671423923
2445296055863884,Chaudiere-Appalaches,-70.455387071615,46.587616677273,1725479038980
502349067623376,Estrie,-71.851141484969,45.464516833066,1566843159457
139188024916940,Estrie,-71.845280213196,45.467482179678,1566843261661
2640187706281509,Outaouais,-77.371760198144,46.528700399972,1596669584360
299851834952857,Outaouais,-75.183301781957,45.630877850212,1447929605531
153600140058803,Outaouais,-77.450526371538,46.483996820338,1596671419803
1262158157818025,Gaspesie-Iles-de-la-Madeleine,-65.725709,48.31019,1691150936000
159744419425471,Outaouais,-77.356403309951,46.528818100044,1596669585978
322556756185509,Outaouais,-77.447240238152,46.483867197395,1596671418807
304620212027859,Gaspesie-Iles-de-la-Madeleine,-65.729727220415,48.314098736323,1691151438000
4324176587807006,Capitale-Nationale,-71.12442,47.34607,1662461129000
797600840861889,Outaouais,-77.354865206483,46.528682299787,1596669584319
552015812454127,Outaouais,-77.453285659323,46.484810388352,1596671422334
757640695714393,Lanaudiere,-73.420309252751,46.123249786755,1681069643461
1419761669787335,Bas-Saint-Laurent,-67.1361404,48.7640011,1756754394000
260096206720937,Estrie,-72.175103,45.229102,1689177337000
1361749524218442,Outaouais,-77.45900433991,46.486714483917,1596671424957
269999331475748,Outaouais,-77.462921097707,46.4881088,1596671427355
1282124963615631,Laurentides,-75.301825370826,46.297262529579,1755200029000
291526562696283,Outaouais,-77.442503003205,46.487961299975,1596671426381
1260516858665229,Outaouais,-77.2254264,46.3725221,1627494207556
843521426261339,Outaouais,-77.444689105018,46.484241699953,1596671420613
487344399141492,Abitibi-Temiscamingue,-79.302558116762,48.516173140115,1565820089710
1123706548682646,Outaouais,-77.2225869,46.3682251,1627494480612
184253636885975,Outaouais,-77.461308495786,46.487561100029,1596671426290
124612456325083,Abitibi-Temiscamingue,-79.3025597,48.516174200203,1565820053261
1072276128419439,Bas-Saint-Laurent,-66.794470761362,48.78201761588,1756040659000
1657635571445257,Outaouais,-77.201462,46.3758199,1627492935424
240396691220169,Outaouais,-77.456024130843,46.485902008368,1596671423797
1418357509233970,Bas-Saint-Laurent,-66.7980698,48.7741312,1756041188000
701275185415522,Lanaudiere,-73.596310853522,45.81484222505,1709307017350
1038646573748778,Gaspesie-Iles-de-la-Madeleine,-65.177989487688,48.34471908836,1691319961000
308154804100989,Outaouais,-77.458284472868,46.486524220054,1596671424964
1535610687598005,Bas-Saint-Laurent,-66.7811035,48.7764921,1756040232000
542547644034956,Lanaudiere,-73.596929972859,45.814693526578,1654002431564
6556829187730301,Gaspesie-Iles-de-la-Madeleine,-65.172866,48.351226,1691320081000
313104267155789,Outaouais,-77.44049822629,46.488287611921,1596671428062
336761251905917,Lanaudiere,-73.596915923745,45.814712753294,1654014586590
323858749261972,Centre-du-Quebec,-72.33929379123,46.034036586282,1572609062022
456107145692722,Outaouais,-76.306879680493,46.245574597117,1596655970693
297343168649569,Outaouais,-77.46373943452,46.488301611182,1596671428157
1153866236961226,Bas-Saint-Laurent,-69.223318060445,47.46033373017,1765200100741
827162435788543,Lanaudiere,-73.943201,46.783129,1692019064000
958063828281981,Outaouais,-76.311641560414,46.230930057661,1596655966666
311206090376937,Outaouais,-77.443320913491,46.484726213393,1596671422311
2308568439565961,Estrie,-72.06245024786,45.174512051299,1764883191509
1021645885634570,Lanaudiere,-73.942403,46.783049,1692127204000
1130535641629933,Laurentides,-73.8461571171,45.836201167167,1709309032066
1780734792364600,Monteregie,-74.255868173127,45.330613272553,1700162911250
4352183618126740,Estrie,-72.065291397234,45.16304977876,1558122160000
5279220452148259,Outaouais,-77.442066663636,46.488083205356,1596671427114
4068574963209552,Outaouais,-76.300067899572,46.25491550506,1596655973635
1435457920671599,Abitibi-Temiscamingue,-78.0160093,47.1997817,1627249131900
555562933482204,Monteregie,-74.255929598918,45.330604346419,1728144274600
4256975060988056,Estrie,-72.065419091819,45.162037548779,1465735483726
135118085332560,Laurentides,-73.845622482488,45.836283364738,1546118026694
1439736736821515,Lanaudiere,-73.946971,46.786883,1692126994000
961922701559156,Monteregie,-74.256272615845,45.330300021904,1692015859700
741101596556168,Outaouais,-77.468226594962,46.488556093541,1596671428442
291004315993102,Laurentides,-73.834321682023,45.837445269275,1546117990228
821381601815574,Outaouais,-76.306567485718,46.239092376296,1596655968706
302767938044347,Outaouais,-77.442991497682,46.485231614705,1596671423244
154777999948974,Laurentides,-73.845894252278,45.836174147471,1546113531328
480251076428184,Laurentides,-73.834555895783,45.837331229139,1546113565556
755482505127269,Outaouais,-77.451192163342,46.484167721019,1596671420527
117134547094050,Outaouais,-76.30351047491,46.249995427186,1596655972914
514668409630847,Capitale-Nationale,-70.752227336869,47.170738222799,1597315411000
321703642648296,Monteregie,-73.502508826536,45.550508972018,1551043512384
1324154011764538,Monteregie,-73.5061914,45.5456681,1679503960000
1157243925271685,Capitale-Nationale,-72.063515776165,46.603487119329,1711816970000
219597834097569,Chaudiere-Appalaches,-71.035491265425,46.632256147207,1693510466000
310057693843517,Capitale-Nationale,-72.057397457345,46.604575005794,1447940933687
527721912885617,Capitale-Nationale,-72.063775,46.60338,1679480659000
1189082021720868,Estrie,-72.47114,45.17905,1663418173000
866550587926438,Capitale-Nationale,-72.06443953573,46.595382546457,1696358856000
911598873855012,Estrie,-72.498335789414,45.166523589391,1724509871155
1015083119024364,Outaouais,-75.888236097586,45.680533322957,1495880489000
1377776563117002,Capitale-Nationale,-72.057823054901,46.604379342535,1695505237000
2008429446175908,Estrie,-72.497639731887,45.169028047415,1689160114000
1895244074009313,Outaouais,-75.90246810215,45.680388540469,1647964067007
3154653938140284,Monteregie,-73.496983298191,45.407664400277,1654087464405
205131632290964,Capitale-Nationale,-72.056856321198,46.604726505953,1683389767000
788266428995919,Outaouais,-75.901167799972,45.680461999972,1658009344000
200175475259247,Monteregie,-73.453394614472,45.194573102597,1531330281444
746258597038500,Capitale-Nationale,-72.056607475952,46.604695246128,1682603396000
135115422001421,Centre-du-Quebec,-72.215115161248,46.11522969355,1572609519523
337371757752896,Centre-du-Quebec,-72.203947310254,46.123171701314,1572609561523
224352855717364,Monteregie,-73.458515607063,45.201574709054,1531501251000
1482114205733346,Capitale-Nationale,-72.0756381,46.6006514,1711838407000
321668236944040,Monteregie,-73.457922754271,45.201223446699,1693932454185
774451936769042,Capitale-Nationale,-72.071174852896,46.601880961702,1448019858549
1146368012528907,Estrie,-71.775474233191,45.007349098031,1467550617524
754372055278194,Monteregie,-73.458367126814,45.201216181248,1437037486487
1130988484175493,Laurentides,-74.536290788875,46.112804036508,1664643974626
1321879788214302,Estrie,-71.775813400629,45.007366901442,1530719460453
963857554902896,Chaudiere-Appalaches,-70.424058860723,46.363625004709,1693497835000
1123233718156801,Estrie,-71.775311356482,45.007283936156,1467386340534
1184595692374562,Laurentides,-74.542320001105,46.1134465095,1653425819910
435066487512780,Abitibi-Temiscamingue,-78.631086112164,48.231800000358,1531066489000
229870251870608,Estrie,-71.77551696416,45.007315640034,1530719462888
4229422863790632,Laurentides,-74.540989509724,46.113511901787,1558038340750
825629092377651,Laurentides,-73.74016149661,45.735454748367,1693240455217
699569961596963,Centre-du-Quebec,-72.440453485509,46.399208028416,1696351331000
3779532465488518,Abitibi-Temiscamingue,-78.639777808341,48.230719583451,1531066467000
216440096737196,Estrie,-71.775874750402,45.007405076118,1467550619508
316836253294902,Laurentides,-74.543154150713,46.11371515233,1548193226835
1384270771951904,Estrie,-71.775427268576,45.007310896233,1467386340004
5415114691873276,Laurentides,-74.536157496267,46.112610075997,1655398194198
538959291254693,Centre-du-Quebec,-72.101114963556,46.00754576616,1655492371201
129228042607881,Estrie,-71.775613189516,45.007333053108,1405786187003
147677327344584,Estrie,-71.775790633056,45.007371789934,1405782731521
345440663600156,Estrie,-71.775562698994,45.007371897427,1531066726809
3839550059477559,Lanaudiere,-73.560219014632,45.70177324831,1433069990969
711448495392289,Outaouais,-75.329098959704,46.008053880451,1755193256000
840629433242781,Outaouais,-75.428777774388,45.609755541481,1504973763000
1918573038733037,Estrie,-71.832234743964,45.281708712266,1764520356794
1236314487668900,Gaspesie-Iles-de-la-Madeleine,-65.618358060132,49.158262483341,1751378068000
1334522553742177,Outaouais,-75.330760299972,46.008480599972,1452262349000
1116220822189753,Monteregie,-73.301276153233,45.359562194635,1546616215502
1484915365189610,Outaouais,-75.400947215693,45.608316665847,1489321033000
851309623530933,Gaspesie-Iles-de-la-Madeleine,-65.610278859671,49.154959540763,1719770229000
969567507515274,Outaouais,-75.333402,46.006494,1684667449000
815562736008919,Outaouais,-75.401372255487,45.608338888873,1489321034000
320891209455730,Monteregie,-73.930329366738,45.134186002214,1493642366769
1468297227373648,Laurentides,-74.053652722433,45.998778402382,1709470904916
1451766809355009,Chaudiere-Appalaches,-70.453442105884,46.843294500322,1725464601532
5411693712237961,Monteregie,-73.94131799497,45.122983447348,1493641994222
540781868054402,Outaouais,-75.32394,46.019815,1684667611000
779367426301270,Monteregie,-73.93787300212,45.126495507325,1493642111000
6485394631491399,Outaouais,-75.333536,46.00666,1684583097000
290818025954608,Monteregie,-73.943886883933,45.12036454725,1493641907120
964141637984922,Mauricie,-72.718509484213,47.503099163238,1694803522000
178183505174058,Mauricie,-72.708974476199,47.507400739897,1683381507000
771820164419686,Mauricie,-72.708429961054,47.507449025423,1687697069000
1605453183994668,Monteregie,-74.1594971,45.2352973,1764962029000
1208552700025020,Estrie,-72.45195,45.0695,1682163637000
475393790242201,Centre-du-Quebec,-71.95008452177,46.310201057483,1572610620523
3972998022782110,Centre-du-Quebec,-71.951122476322,46.310006340949,1407158352000
789132125600915,Laurentides,-75.838935699972,47.305099099972,1659630464000
1510996510129268,Estrie,-71.715483137874,45.82633163703,1765055171103
453247102443134,Centre-du-Quebec,-71.950129922016,46.310174614173,1465818362000
209788682229608,Bas-Saint-Laurent,-66.842016,48.855403,1719673119000
186513004300756,Capitale-Nationale,-71.4715814,46.938635,1683283294000
1466900927047942,Capitale-Nationale,-71.471735,46.938785,1683282120000
203772365793824,Capitale-Nationale,-71.469286018879,46.936804167196,1692641106000
1029308541440281,Monteregie,-74.129301429288,45.376205345538,1692016598850
1077032106660068,Monteregie,-74.129369007426,45.376239919852,1699877647400
1082228303462354,Monteregie,-74.129220838405,45.376224463752,1728143720433
127550726273921,Outaouais,-76.302052018889,45.470988275278,1621068950000
1675630179588595,Monteregie,-74.129189902748,45.376220108651,1691945766683
288787009454103,Lanaudiere,-73.513105139074,45.70785232821,1433069683612
351696799972692,Outaouais,-76.302047744167,45.471038231389,1621068832000
239741878498361,Monteregie,-74.111823028777,45.385443074471,1692299812609
1122037849340279,Lanaudiere,-73.519215016307,45.695644185583,1568994865000
1263183554872192,Lanaudiere,-73.518742707622,45.695876825918,1699115450982
1264231024782317,Lanaudiere,-73.5188611,45.6956833,1568995036000
1080703262905377,Monteregie,-73.99291,45.1272838,1664403693000
237417544812424,Laurentides,-74.898224411856,46.435430330021,1568999252000
796742876521754,Estrie,-72.49590998801,45.322854406848,1762258600022
1036403741596547,Lanaudiere,-73.5190067,45.6956734,1719934902000
263444973373842,Monteregie,-73.99277805543,45.127188898635,1664402820000
684183544633941,Mauricie,-73.81489244127,48.003852618384,1754158565000
378477597633286,Lanaudiere,-73.518838740109,45.695890889838,1654103991366
240986928861062,Chaudiere-Appalaches,-70.891573732398,46.596428242824,1690647308000
908325354350975,Bas-Saint-Laurent,-67.37954,48.713325,1719666827000
133044589846293,Chaudiere-Appalaches,-70.89176096399,46.596379694225,1690916888000
1679635412230978,Laurentides,-74.017582140676,45.869040161595,1535742408160
1855755841519503,Laurentides,-74.01472258734,45.859652273888,1709472044400
868308288219437,Chaudiere-Appalaches,-70.887650683081,46.596905421284,1693509510000
224697786826579,Lanaudiere,-73.93319,46.843618,1692020457000
1104508291817242,Laurentides,-75.64339751542,46.845416891328,1755369628000
1255013995050999,Chaudiere-Appalaches,-70.891241030332,46.596490733561,1696440725000
1349686582612713,Lanaudiere,-73.940866,46.830634,1692020136000
261718783514204,Laurentides,-74.01508090174,45.859280865618,1696530540165
152162934300470,Capitale-Nationale,-71.487320580342,47.019744670392,1683283921000
1674401732769164,Centre-du-Quebec,-72.10063780801,46.190074168289,1572609943023
1148663216572979,Outaouais,-75.716696698439,45.811895951853,1717524427000
1491799661352481,Capitale-Nationale,-71.481057930816,47.010501048209,1683282729000
1292707894456418,Centre-du-Quebec,-72.10086767,46.19021578,1407158952000
468655902206350,Capitale-Nationale,-72.1971857,47.1659991,1628636240831
9324810417644307,Outaouais,-75.718206516434,45.810723258695,1717524290000
931605289046454,Outaouais,-75.71649666631,45.811916350998,1717524428333
227395442086343,Monteregie,-73.003785996141,45.376667482595,1544031163182
785888089477925,Estrie,-72.31284,45.21222,1682171325000
496283211515195,Monteregie,-73.003666104186,45.376450539299,1558119056000
328718368613201,Outaouais,-76.338260211948,46.321867886921,1596652126118
1571804263768679,Monteregie,-74.015708210047,45.389681851249,1722449062583
2058172834579817,Monteregie,-74.012942415758,45.389809990865,1721750564250
214340541362596,Monteregie,-73.016005029438,45.374564905018,1694014259154
468857534337639,Outaouais,-76.338475297601,46.321273116383,1596669224514
1495468380785044,Outaouais,-76.334683413,46.346851907246,1596652133344
1121957568322219,Laurentides,-74.429495077918,45.931663343182,1553812401106
1244186032651145,Laurentides,-74.429828575727,45.931721759564,1548441363408
784781885746200,Outaouais,-76.335001296,46.33906858849,1596669227657
1382809928739744,Laurentides,-74.429775464505,45.931679653284,1531829721000
169642138497536,Laurentides,-74.429294678161,45.931604662764,1554576339202
151652656931618,Outaouais,-76.334665101116,46.345784412045,1596669229270
1893103500862834,Laurentides,-74.429306923724,45.931589196943,1550592489086
216185136736078,Laurentides,-74.42943733192,45.93162976533,1552147706421
139919841404884,Outaouais,-76.333537101842,46.344815205112,1596669229446
1140797259773480,Laurentides,-74.429517350326,45.931627820327,1532799393853
2233559953783443,Bas-Saint-Laurent,-67.2247938,48.6641876,1756745253000
256974633368663,Estrie,-72.47018,45.20932,1663417738000
462077948214195,Centre-du-Quebec,-72.247573921111,46.413064988232,1531508417332
156615256434756,Laurentides,-74.429352309441,45.931666652297,1547672920853
231490465401534,Outaouais,-76.335093198937,46.340852188892,1596669227670
271383321336611,Laurentides,-74.429637816184,45.93168945413,1551103771963
1333986243653617,Centre-du-Quebec,-72.247526722155,46.41219531501,1531508754349
1160779101054661,Outaouais,-76.334031104853,46.345428409275,1596669229204
273439567808790,Laurentides,-74.42982267292,45.9317110445,1531841674896
268342118362613,Outaouais,-76.769234754788,47.231591163578,1531245230000
478730576737249,Centre-du-Quebec,-72.29859455423,46.061904854611,1572609220523
325466149182154,Outaouais,-76.337061706404,46.329684489083,1596669225913
2617697795198015,Laurentides,-74.429397349018,45.931613969456,1553687532803
986686852173889,Centre-du-Quebec,-72.287469180554,46.064671708327,1572609252023
776334873246028,Outaouais,-76.761913166455,47.23019898597,1531245250000
785304432113069,Outaouais,-77.472381902665,46.838914500017,1596667895564
766210960723621,Outaouais,-77.489381594401,46.839618599693,1596667895564
1430236043987285,Abitibi-Temiscamingue,-79.473772594277,47.607957515132,1531059333000
805235707062646,Outaouais,-77.471658505332,46.83936719998,1596667895462
322261743700372,Capitale-Nationale,-70.488049073832,47.546162742304,1692723233000
520440995655276,Abitibi-Temiscamingue,-79.470388434947,47.609378309692,1531059353000
490527632186330,Outaouais,-77.479510705299,46.83838420097,1596667895648
792334392285642,Capitale-Nationale,-70.488066121629,47.545752720065,1684488858000
1285327415755592,Chaudiere-Appalaches,-71.356175,46.162987,1683449300000
111882177631302,Abitibi-Temiscamingue,-79.479024989947,47.602975000345,1531059291000
3919277884791921,Outaouais,-77.499977894413,46.848435092939,1596667895467
298613401640481,Abitibi-Temiscamingue,-79.367347695486,47.202912320454,1531055003000
309816545033959,Capitale-Nationale,-70.489845107715,47.544142130709,1693946218000
1439544403052905,Outaouais,-77.493575598416,46.84155869939,1596667895467
339498567542445,Abitibi-Temiscamingue,-79.367352998716,47.200512942184,1531054983000
1593227861399721,Monteregie,-74.254381227433,45.400243530212,1736515120350
1286011319331850,Monteregie,-74.240292151249,45.397452590435,1736515050116
480636766382760,Outaouais,-77.484598091305,46.839707899483,1596667895696
2828281327487301,Outaouais,-77.498484613516,46.846790210477,1596667895641
841856044258930,Lanaudiere,-73.747369,46.635593,1692104927000
825273788403308,Outaouais,-77.474556100393,46.838968199998,1596667895182
522540963445089,Capitale-Nationale,-71.589521325613,47.520864880258,1722191075000
1245695206615748,Lanaudiere,-73.746512,46.6367,1728396780000
177808897472995,Outaouais,-77.495175598592,46.843683599548,1596667895639
1585854349029719,Lanaudiere,-73.740813,46.630723,1728403052000
3020394324913414,Outaouais,-77.480769102851,46.839212400237,1596667895568
114012914083643,Outaouais,-77.475528097689,46.839127000328,1596667895467
253623333506103,Laurentides,-74.224698099998,45.848619705677,1636467593368
180285527331139,Outaouais,-76.600350911019,45.754544938055,1602947987023
528616161480873,Outaouais,-75.942777781479,46.559724991747,1531249362000
543951279933750,Outaouais,-77.476499702229,46.839212900006,1596667895897
372655614147326,Outaouais,-76.604896695097,45.762463272757,1602948023023
781133339209083,Outaouais,-77.473160788572,46.838697603214,1596667895351
297076289974955,Monteregie,-73.758258142817,45.049329424257,1656456208571
508029817050986,Outaouais,-75.94402223287,46.557894421089,1531249371000
1260478405342357,Centre-du-Quebec,-72.120850759369,46.027015947137,1703361263500
1641085736092943,Outaouais,-77.477246591862,46.839000002122,1596667895510
377757976813367,Abitibi-Temiscamingue,-78.400472216988,48.227572219025,1531067095000
137421935085118,Outaouais,-77.47098839999,46.839742000007,1596667895992
293237492437156,Abitibi-Temiscamingue,-78.400472216979,48.227572219048,1531067095000
205916981191946,Outaouais,-77.480131673441,46.838731492128,1596667895933
1006740400151791,Outaouais,-77.490297998577,46.83986509988,1596667895303
384036810863652,Centre-du-Quebec,-72.423564679694,45.963687404068,1703359917500
1150629482215634,Capitale-Nationale,-70.388230599972,47.9793936,1661621034427
2824189921226547,Outaouais,-77.492096900347,46.840359101631,1596667895862
494759908391563,Centre-du-Quebec,-72.42363562371,45.963712140398,1572608713523
544102631075371,Chaudiere-Appalaches,-70.796521277791,46.824462846464,1674218328000
825379904852320,Outaouais,-77.499143097861,46.847355498087,1596667898778
470507541669408,Capitale-Nationale,-70.380997222222,47.979233333333,1661620695610
1911805146046729,Mauricie,-73.482449465712,46.905241930656,1757183233071
691612168978466,Monteregie,-73.371479926581,45.566025573181,1693358300379
491450398726124,Outaouais,-76.656986032038,46.291780626653,1596657369910
307147055223975,Lanaudiere,-73.988327,46.906689,1692024109000
391803396957037,Lanaudiere,-73.077634103293,46.164532765271,1711820389000
25443531761901915,Mauricie,-73.494905176255,46.908179029658,1757181810026
493210245516308,Capitale-Nationale,-70.372216451823,47.978476596468,1661620256739
322037586859459,Monteregie,-73.373034190008,45.543617014628,1693357776841
921960661984488,Outaouais,-76.659714103,46.294291190285,1596670262109
606979087601215,Lanaudiere,-73.08324497066,46.162706954279,1679484285000
898931411583475,Centre-du-Quebec,-72.0174936,46.0480767,1703361816500
1119033035242044,Outaouais,-76.658127122717,46.294617283061,1596670262624
3770185436636793,Bas-Saint-Laurent,-67.49991,48.628807,1719663862000
1016652572969169,Monteregie,-73.372011961497,45.553801780447,1703350665000
1715712572206969,Gaspesie-Iles-de-la-Madeleine,-65.182945,48.145445,1691315378000
916103965908747,Estrie,-72.291384544591,45.294879747738,1558121087000
552234742431707,Laurentides,-75.666097215447,46.263394446014,1489325554000
479406439966950,Estrie,-72.314059001751,45.297483603309,1465734441823
1029038045559447,Capitale-Nationale,-71.059889729178,47.909679300548,1722178085000
254951900700249,Capitale-Nationale,-70.294481867656,47.669752323924,1692732303000
163503045624895,Monteregie,-73.094503517021,45.403053162396,1558118757000
201634666022925,Capitale-Nationale,-70.2950931,47.6704381,1684489784000
956516591839797,Monteregie,-73.103559568305,45.409771760893,1543505780918
824632701488097,Outaouais,-76.876767350932,45.908752197911,1539078384000
600470502041680,Capitale-Nationale,-70.290095408294,47.671461162927,1684513584000
799970477603674,Outaouais,-76.873266452053,45.909796254722,1562434131000
618753140124805,Capitale-Nationale,-70.284024017536,47.672843916768,1692901142000
518067089230061,Outaouais,-76.877085544185,45.908920150866,1602428588523
1211554239296838,Outaouais,-76.879765059527,45.927629895594,1602438832023
728467469089618,Capitale-Nationale,-70.29436247312,47.670718272936,1692724041000
272788104541158,Outaouais,-76.879356684118,45.927932707722,1602428797522
1298690618552904,Capitale-Nationale,-70.283268221993,47.67105506633,1695321741708
371679690931549,Outaouais,-76.895106835092,45.909615801333,1602439243023
1233641110619773,Capitale-Nationale,-70.2991314,47.6800714,1693940320000
1001764753561756,Outaouais,-76.697631831399,45.834066042837,1603035513023
1218507912922124,Monteregie,-74.170204584857,45.402146347921,1720975143266
1002350394349181,Chaudiere-Appalaches,-70.553134674778,46.42269410347,1693496275000
513085199886650,Outaouais,-76.697578177156,45.834035589391,1603035157522
1451385715424428,Monteregie,-74.186615123621,45.40604403735,1666637632000
312279156977027,Outaouais,-76.697627449341,45.834127860936,1602948493022
265057419746391,Chaudiere-Appalaches,-70.567676537915,46.416778399701,1693493511000
1756207514894423,Monteregie,-74.186567463474,45.405777248921,1700339422196
3032394053710043,Outaouais,-76.694991646441,45.824697216601,1539010815000
797439541666162,Lanaudiere,-73.660870069566,45.88913301645,1654014213517
710356814525512,Monteregie,-74.182874732987,45.419207706183,1700339322870
306238951037833,Outaouais,-76.69780098716,45.834173317022,1562433305000
115912897797017,Lanaudiere,-73.66060459155,45.888992882973,1654002781569
355955786942031,Monteregie,-74.186621323015,45.406290901872,1700339419138
491675081981561,Outaouais,-76.690879028292,45.830369809445,1602948467523
801014478592946,Monteregie,-73.509931066194,45.488174867366,1713804121537
316644483368356,Outaouais,-76.697633016215,45.834110727924,1603035296022
3639689916141566,Monteregie,-73.485672611147,45.50574249406,1551039628001
1414178596526203,Gaspesie-Iles-de-la-Madeleine,-65.773028096049,49.221661225546,1751383228000
1020175766960804,Estrie,-71.803585828646,45.150268821881,1764528482696
500898687709650,Laurentides,-75.495725064841,46.560422199744,1489327489000
4238072452883092,Outaouais,-77.418334487203,46.6487490999,1596437199606
1588746532095625,Monteregie,-73.486750139343,45.505428426808,1755378859024
465236746448783,Gaspesie-Iles-de-la-Madeleine,-65.772813,49.221642,1719774918000
1064005615849536,Laurentides,-75.500424292412,46.560256253896,1755351449000
1127725047737263,Outaouais,-77.422428625771,46.64751740033,1596437196501
1451549505200982,Monteregie,-73.489776540847,45.505783835911,1507324129682
242727788365389,Saguenay-Lac-Saint-Jean,-71.263841148111,48.077285704587,1685540781000
1249852842084134,Outaouais,-75.945187885334,45.540260604789,1518864324000
1310706853155519,Gaspesie-Iles-de-la-Madeleine,-65.693255,48.263828,1691149607000
1195931590842997,Monteregie,-73.489675622551,45.505880378755,1502227483399
1556398861229940,Outaouais,-77.432123064089,46.646423610133,1596437194115
589257637596432,Gaspesie-Iles-de-la-Madeleine,-65.750407845959,49.224945755369,1751382769000
3714645528660820,Outaouais,-75.962453109265,45.542417335015,1520182793000
1315757002386642,Gaspesie-Iles-de-la-Madeleine,-65.699652,48.271215,1691149803000
977509103250164,Capitale-Nationale,-71.926626583471,46.825713929423,1685200479000
463779659566376,Outaouais,-77.4124094,46.6486808,1627420971638
755294197228899,Monteregie,-73.489751516943,45.506016553406,1755372869036
1037176761950449,Gaspesie-Iles-de-la-Madeleine,-65.77300878777,49.221296994974,1751386686000
1163703930720573,Outaouais,-75.957851385342,45.542697790119,1509196550000
2817445541841264,Outaouais,-77.41678330095,46.648390602146,1596437197560
1992165474951228,Chaudiere-Appalaches,-70.553039934754,46.824203887909,1724691644606
873303214270266,Centre-du-Quebec,-72.0994711,46.0170421,1703361332000
313875836782503,Outaouais,-75.962425040418,45.542413888363,1509196627000
159531866118966,Outaouais,-77.438758283839,46.645425400716,1596437191468
583908723783292,Mauricie,-72.490442776858,47.75251523001,1694802299000
1624090027782534,Outaouais,-75.87253327615,46.308358274469,1489338395000
1266580287855985,Chaudiere-Appalaches,-70.553065930914,46.824183570017,1724691644339
1664423323742636,Outaouais,-77.421325412925,46.647380100225,1596437196074
1279759262896914,Lanaudiere,-73.462876715987,45.759845580161,1680952025924
1073952430695971,Centre-du-Quebec,-72.0924267,46.0149347,1703361536000
1536993456632198,Outaouais,-75.958105591719,45.542780500708,1528814679000
1543056726222806,Mauricie,-72.496209742035,47.744050215882,1683380114000
2003218600482728,Chaudiere-Appalaches,-70.553116012792,46.824144828466,1724691643838
1062176898224980,Lanaudiere,-73.453940369981,45.75187553988,1711825415000
267019918450628,Outaouais,-75.945205075439,45.540343338801,1520183200000
134468625303502,Outaouais,-77.420437993544,46.647370299921,1596437195561
500961972185740,Mauricie,-72.490790526396,47.752372965163,1687695836000
1248640408891280,Outaouais,-77.419697301465,46.647801701452,1596437196831
2215950045450611,Lanaudiere,-73.857851,46.698506,1728398438000
790549098245656,Outaouais,-75.945180595389,45.540358401934,1520178681000
492048342130616,Outaouais,-77.42557948606,46.647456999764,1596437196013
1050016958735433,Laurentides,-74.51703346924,45.922302338259,1557920500049
1725180727914492,Lanaudiere,-74.172419,46.832616,1692037263000
3329302530538103,Chaudiere-Appalaches,-70.98285249235,46.62903405196,1693510220000
1222152038205879,Laurentides,-74.517130511486,45.922293976307,1548537323206
241538941079956,Centre-du-Quebec,-72.059124415828,46.24131450424,1572610200022
1033485101539024,Outaouais,-77.4312218,46.6465684,1627420284055
297377996278650,Lanaudiere,-73.857694,46.698654,1692103350000
1417696379137664,Capitale-Nationale,-71.796353861001,46.686533952598,1711839285000
3674867616082751,Lanaudiere,-74.196724,46.838816,1692032017000
150711757033682,Laurentides,-74.517631070738,45.922122152353,1547673389606
953815998763552,Monteregie,-73.490839905343,45.467767576922,1531503177000
1997041337111318,Centre-du-Quebec,-72.0499642519,46.248049316763,1572610238523
483918926163080,Outaouais,-77.431101910942,46.646616494276,1596437194465
201631034915130,Capitale-Nationale,-71.7830011214,46.685903921685,1540817322105
659883372744655,Lanaudiere,-74.172416,46.832626,1692029867000
163765928940414,Laurentides,-74.517008371268,45.922248806591,1545921129470
934202885168349,Monteregie,-73.501168194736,45.476546405045,1713821841004
163527405777121,Outaouais,-77.424476173639,46.647540099623,1596437196473
299596485020285,Centre-du-Quebec,-72.054403023907,46.245731327352,1407158705000
128194892617295,Laurentides,-74.517509418815,45.922173649799,1532633181180
1761594334268235,Lanaudiere,-74.173369389788,46.835718137319,1692030185000
241564188424093,Capitale-Nationale,-71.782867822001,46.685915761133,1681472161000
685504946205424,Laurentides,-75.388213512359,46.510141660725,1569062830000
1893155701542230,Monteregie,-73.493695049915,45.479196067599,1755303760029
480584633248597,Outaouais,-77.426600850853,46.647318591561,1596437195240
1514738802201950,Laurentides,-74.517703468682,45.922082943847,1532798959730
1791879201224019,Capitale-Nationale,-71.796498897256,46.686656422145,1695506066000
460730888352437,Laurentides,-75.385236117488,46.510683355215,1530369646000
694710745677880,Capitale-Nationale,-70.85054,47.52416,1662466454000
139415578212373,Laurentides,-74.517729277907,45.922176773637,1531842042623
398240776175318,Capitale-Nationale,-71.782960626117,46.685955010077,1711816087000
525132755532182,Outaouais,-77.417496686152,46.648640097877,1596437199893
1856596311161677,Laurentides,-75.388306259206,46.510126154305,1569062831000
1223571608075206,Laurentides,-74.517065028496,45.922236592305,1546108982176
9029501193758422,Capitale-Nationale,-71.796407098436,46.686551990282,1682604199000
791531215514957,Capitale-Nationale,-70.859664899972,47.5388972,1662466582000
1085393765319893,Laurentides,-74.517455128459,45.922200581533,1548441806639
926991901491339,Outaouais,-77.412790517233,46.648854598897,1596437199663
188752300774628,Capitale-Nationale,-70.87522,47.5252,1662469544000
253871127207409,Capitale-Nationale,-71.7966164,46.6865681,1683390548000
140946628062415,Laurentides,-74.517644232408,45.922122037146,1553687112494
878581130195155,Capitale-Nationale,-70.8532423,47.5268024,1662466367000
470960914354675,Capitale-Nationale,-71.782509413449,46.685797278313,1448018985447
578980554422067,Estrie,-72.089756,45.093405,1689171634000
847171499207977,Monteregie,-73.45413882311,45.062061371339,1531329728320
1129860282579306,Chaudiere-Appalaches,-70.513417710869,46.581739693986,1725482942249
372006510889052,Estrie,-72.080975406564,45.094158056713,1558122446000
824091698504341,Centre-du-Quebec,-71.862079465921,46.373902315584,1572610954523
1524840271201601,Monteregie,-73.462065313028,45.08262998293,1531329814485
1325993222429691,Chaudiere-Appalaches,-70.533024871219,46.600528859972,1724686859472
1076549153354630,Centre-du-Quebec,-72.640257956829,45.805274740605,1703353294000
1951107752399232,Chaudiere-Appalaches,-70.522074839206,46.585666186519,1725483116216
843920056215005,Centre-du-Quebec,-71.86576677894,46.371817256947,1407158036000
156221469709211,Monteregie,-73.462233038293,45.082777397033,1531500795000
233329565231800,Monteregie,-73.86771999381,45.313039589863,1545928387539
4534241673271609,Centre-du-Quebec,-72.645429996456,45.801111859515,1572607820023
1308147390135554,Chaudiere-Appalaches,-70.522235180367,46.585518532894,1690643027000
488961288981049,Centre-du-Quebec,-72.64413108686,45.80272542428,1407161043000
1191853607909922,Laurentides,-74.084048806305,46.019079445011,1558036291872
1069951564198272,Monteregie,-74.20030422213,45.405773930356,1700339516515
2650526598580340,Laurentides,-74.074674256474,46.021030934035,1558036251434
1483885116132993,Chaudiere-Appalaches,-70.514102203357,46.584125726012,1725483148405
190755822908733,Laurentides,-74.091434498849,46.018558759191,1557922849034
440812008778662,Gaspesie-Iles-de-la-Madeleine,-64.638134,48.928305,1719847371000
2420075408382493,Estrie,-72.350950396731,45.484035857965,1719318957753
180199593984802,Outaouais,-76.355637224866,45.549410938932,1556466227000
190238259628652,Outaouais,-76.355735600198,45.54966841682,1590248289023
157365763016744,Outaouais,-76.356093380957,45.549617701468,1561312354000
750300272315758,Capitale-Nationale,-71.81017760248,46.690338061054,1540817404007
489379495997755,Capitale-Nationale,-70.9319949,47.414815099972,1662465142000
842460416620990,Outaouais,-75.640799884229,45.481494415499,1486035818000
973441593994920,Estrie,-72.074968741691,45.005822368622,1716127536000
1267377277478182,Estrie,-72.07843,45.024317,1689172390000
475908933735459,Outaouais,-76.355233795104,45.549656685114,1556998348000
650098173621311,Capitale-Nationale,-71.8173781,46.6931497,1681472254000
1176864369400524,Outaouais,-75.641416655586,45.481377800981,1486035813000
232769332118426,Capitale-Nationale,-70.865630555556,47.104858333333,1597316526000
126560016923928,Capitale-Nationale,-71.810082498205,46.690366099148,1679479815000
373348010671099,Outaouais,-76.355536741748,45.549570600295,1404562565000
4127254454003917,Outaouais,-75.669883338161,45.491011103763,1486038119000
1179531979180236,Monteregie,-73.75779675722,45.345196136878,1545927005612
175609337690458,Outaouais,-76.337716435967,45.54267012006,1557068580000
299839265074525,Monteregie,-73.75777650114,45.34519556844,1545927005680
475660736988939,Outaouais,-75.641354540059,45.481447477101,1486035813000
508335367019385,Outaouais,-76.337747722636,45.542758950763,1590248222522
567509394216941,Monteregie,-73.750639746078,45.343621176312,1545926935947
382769909571337,Abitibi-Temiscamingue,-79.268049865733,47.827616575863,1531060683000
1353376781714761,Outaouais,-75.661620762032,45.491480434889,1405974405000
1123585121456801,Monteregie,-74.019206625775,45.312829428976,1407168913000
326953175515033,Outaouais,-76.355467794247,45.549481233052,1435940175755
333141321486781,Abitibi-Temiscamingue,-79.268049895987,47.827616753327,1531060683000
335552447996424,Outaouais,-75.669974996027,45.490949999407,1486038119000
303425941276881,Laurentides,-74.189874659398,46.019319536118,1568971345000
144291514347694,Outaouais,-76.355488967671,45.549483612535,1561303861000
1031722130690996,Monteregie,-73.750629596334,45.343624005146,1545926935914
234555241759319,Outaouais,-75.648783941893,45.492437475771,1405974521000
2531125820408769,Outaouais,-76.3568779,45.5580566,1627661243617
145408924237182,Outaouais,-77.387362107025,46.870418499313,1596667951573
1224627961349157,Outaouais,-75.648008334883,45.492566666759,1486037934000
3945608095521583,Outaouais,-77.402308596117,46.868895400337,1596667951538
232594722547822,Mauricie,-72.912685130489,46.236391774107,1679483753000
801893934811286,Lanaudiere,-73.926924,46.77255,1692127629000
554669572990510,Centre-du-Quebec,-72.298734195924,46.001780544604,1655493128076
1182979378791792,Outaouais,-77.383320595098,46.871538800057,1596667952333
3700398866875675,Mauricie,-72.922685097852,46.230363715774,1711819932000
550253039295466,Outaouais,-77.389914396407,46.87011270026,1596667951536
830192321941758,Lanaudiere,-73.926035,46.770467,1692018755000
803144176973902,Mauricie,-72.910422713332,46.237660957477,1448024725677
307843980870291,Outaouais,-77.394465292949,46.86975260063,1596667951573
227623689958339,Chaudiere-Appalaches,-71.072820817264,46.049946744945,1683461823000
798913678684368,Bas-Saint-Laurent,-66.897394,48.830158,1719671805000
819412172323056,Outaouais,-77.406572905623,46.868161898602,1596667951117
138898262424581,Chaudiere-Appalaches,-71.079245,46.06103,1683461695000
320863863020349,Outaouais,-77.409341606408,46.867625395082,1596667951077
1797795147054885,Outaouais,-77.396026602453,46.869708199533,1596667951471
558762339575757,Lanaudiere,-73.602185512337,45.733501945403,1681152284826
266842484925402,Outaouais,-77.403833991708,46.868606101051,1596667951470
644458281200311,Monteregie,-74.065233923714,45.282962059261,1700341720544
940029210149906,Outaouais,-77.382004407384,46.871778898202,1596667952486
114022550748377,Outaouais,-77.388611103679,46.870194099751,1596667951512
1351600986659487,Monteregie,-74.072759696536,45.276230928228,1764271755500
829569588227861,Chaudiere-Appalaches,-70.0260097,46.9215064,1688651125000
217549966583072,Laurentides,-74.432503488231,46.119800543246,1548193631897
2148129435566960,Capitale-Nationale,-71.06766,47.727803,1722180759000
149298124320072,Laurentides,-74.431612414109,46.118218432204,1653426180825
330087078684513,Outaouais,-77.405204901299,46.868339499723,1596667951033
800448577543437,Outaouais,-77.407955404239,46.867964899064,1596667951158
135909675619544,Laurentides,-74.430250789755,46.117330023425,1664643602626
803029144523257,Laurentides,-74.431907625026,46.119926181257,1680868289335
268340302659946,Lanaudiere,-73.93244,46.743177,1692018211000
210279497374802,Outaouais,-77.380708095351,46.8718407015,1596667952270
3451054078543944,Capitale-Nationale,-70.618727644941,47.350582988911,1684487686000
3154260221535348,Lanaudiere,-73.932096543031,46.742718184084,1692128168000
1843196279177020,Outaouais,-77.384618989845,46.871170002551,1596667952437
270218772478615,Capitale-Nationale,-70.619320371874,47.350613866963,1693947383000
1095253406117392,Laurentides,-75.495250042929,46.533131968043,1755202355000
487239790837199,Capitale-Nationale,-70.617931364628,47.35204039918,1722549079000
425909126140948,Laurentides,-75.4959898,46.5360723,1452334073000
253875806528675,Outaouais,-77.391309305855,46.869999299481,1596667951621
1789680894797739,Mauricie,-72.269210162478,46.464956947807,1696352452000
1327209248218464,Chaudiere-Appalaches,-70.673060126248,46.885123977966,1690628556000
420245596674844,Outaouais,-76.300277160966,46.020071686896,1662215144000
998014267643682,Capitale-Nationale,-70.612026474022,47.359915810049,1597314063000
1161057799514637,Monteregie,-73.465540219215,45.396071986278,1764367807874
922977686382410,Estrie,-71.629996283039,45.10491119975,1724521111107
290180703653504,Chaudiere-Appalaches,-71.230158723639,46.639157392442,1693488087000
315765096704904,Outaouais,-77.397638393619,46.869642800415,1596667951532
602993505361355,Capitale-Nationale,-70.618216164191,47.351602630326,1692722030000
492964422051247,Monteregie,-73.462426816591,45.401190714125,1558117216000
272256361308448,Outaouais,-77.399216595263,46.869445800345,1596667951464
1302048336857853,Monteregie,-73.457397002989,45.40187301811,1558368459000
221182229775640,Outaouais,-77.385979788522,46.870792502083,1596667952320
2825698011077875,Monteregie,-73.466149559597,45.396125867162,1407167169000
1635038130320620,Mauricie,-72.515052307049,46.773776717824,1692554825000
717646724311460,Estrie,-71.291284256545,45.769130113286,1750694079350
402352598715595,Outaouais,-76.225605,46.126723299984,1662209954000
743795376293711,Monteregie,-73.4580036,45.40899742,1407167117000
2198183370389342,Mauricie,-72.516039728372,46.773213194306,1695489425000
1022387452113788,Mauricie,-72.5160264,46.7731881,1692557670000
308585514159378,Outaouais,-76.226052904993,46.126609300052,1596655924771
999019728052999,Mauricie,-72.51836292429,46.771443969939,1695502678000
226656312159406,Outaouais,-76.229100095461,46.126449799398,1596655923922
1251849288579775,Centre-du-Quebec,-72.555374948165,46.303784457156,1597425440000
829303267679688,Outaouais,-76.218470895572,46.125226699936,1596655922540
457441355525937,Capitale-Nationale,-71.269977513521,46.808799548079,1506978213689
1729456664226289,Centre-du-Quebec,-72.202422,46.0729067,1703360982500
573366986967556,Outaouais,-76.232784892678,46.127520601053,1596655925263
787595355449367,Capitale-Nationale,-71.269673508039,46.807420481622,1539203350047
2966532520300462,Capitale-Nationale,-71.269950895411,46.807672105901,1538483050433
972177900461519,Laurentides,-74.67552,45.72112,1684598359000
332716732565369,Mauricie,-72.488908944612,46.83825003617,1695489001000
790248873438014,Chaudiere-Appalaches,-70.465991381116,46.629251736101,1724688815070
298849371792346,Outaouais,-76.137953077429,46.12836837902,1405878974000
1683286215444952,Mauricie,-72.4888414,46.83829,1682599723000
821342028763010,Outaouais,-76.134921990898,46.139708868927,1405878797000
1656803871751220,Monteregie,-74.291761922992,45.449764237225,1720974284566
190738940556712,Mauricie,-72.489082311358,46.838091246656,1692554407000
3954472671255073,Capitale-Nationale,-71.34842899889,46.863521997575,1463578706583
1746672789136447,Chaudiere-Appalaches,-71.1446414,46.7380481,1690623741000
976788509740799,Monteregie,-73.213321151451,45.415593987358,1544031741445
770904414831599,Chaudiere-Appalaches,-70.467393953078,46.628533670867,1690633915000
750398779798914,Capitale-Nationale,-71.092977018667,46.856754272363,1681383670000
169635295589124,Laurentides,-75.9841502,47.1695325,1659642884000
1656859858158657,Chaudiere-Appalaches,-70.464311303535,46.637866214952,1690633828000
489587238825809,Monteregie,-73.220385109221,45.417698575432,1558118346000
493299221787890,Monteregie,-73.213214080615,45.415488283683,1543506077881
1117884819146595,Capitale-Nationale,-70.503236111111,47.681572222222,1661511472174
1536172423456244,Outaouais,,,1684593022000
1711794372847781,Bas-Saint-Laurent,-67.4187442,48.25891,1757263236000
300681609088015,Chaudiere-Appalaches,-70.4355564,46.6963631,1688657865000
1991616321669073,Bas-Saint-Laurent,-67.428206,48.245705,1757262847000
1347522742848591,Chaudiere-Appalaches,-70.441032740011,46.691014162065,1690903354000
1087817233548739,Bas-Saint-Laurent,-67.420834,48.2426345,1757262392000
243584555231762,Chaudiere-Appalaches,-70.439157392093,46.671335859882,1690632711000
887429686294731,Lanaudiere,-73.8084562,46.5903826,1628291139295
1216857068996655,Chaudiere-Appalaches,-70.424158125983,46.679555914489,1690632827000
1501947367071306,Centre-du-Quebec,-71.900620890511,45.809419563235,1719326502952
841438759787110,Centre-du-Quebec,-72.476525979622,45.919147741717,1406536261000
977024343798978,Lanaudiere,-73.7881745,46.6177532,1628341989209
160031132797646,Centre-du-Quebec,-72.476286211068,45.919431614707,1572608498023
1049601545646465,Monteregie,-73.916082462786,45.2958341137,1654089239522
467741132420815,Mauricie,-72.7017324,47.3864724,1628611041481
200643118565017,Monteregie,-73.809816682757,45.329551102788,1558116079000
204421621513593,Outaouais,-75.850563626276,45.510031408429,1406290670000
1248314385651483,Laurentides,-74.181818011202,45.849081586779,1636485639776
281742783436685,Outaouais,-75.599331359018,45.836269108586,1489322580000
604297242538378,Cote-Nord,-61.791607871263,50.130330420912,1752065815541
299563994944478,Monteregie,-73.110106077305,45.308120872969,1558365575000
1426808914557718,Capitale-Nationale,-70.576334785615,47.391006341016,1692904601000
864695714988248,Capitale-Nationale,-70.576511393533,47.39074458667,1722549270000
579571617123570,Monteregie,-73.312478189709,45.460162383766,1653333808584
872882921220894,Capitale-Nationale,-70.5784864,47.3893414,1693947190000
116340137726998,Monteregie,-73.307954899972,45.459634999972,1661423542000
268092558969477,Laurentides,-75.156579,46.137034,1684585127000
472870803999040,Monteregie,-74.169394949996,45.270300998155,1506273979080
1013582254169592,Monteregie,-73.30130498948,45.452155065083,1759351392000
1817315192197198,Laurentides,-75.172475398018,46.141332581919,1755197628000
313552004908156,Monteregie,-74.169623281451,45.270227982202,1700341045851
2207079223014082,Chaudiere-Appalaches,-71.172093961069,46.129942525497,1683460832000
317937603183480,Outaouais,-76.278555808339,45.674288649495,1508865067000
776545710832923,Mauricie,-72.644144798053,46.61876804265,1687706725000
1425668597784009,Outaouais,-76.298963788395,45.664888948197,1508865471000
798305755367277,Mauricie,-72.649913940129,46.625952445371,1694811956000
396364356053486,Monteregie,-74.169974977738,45.330941654008,1700340202525
763711457681641,Chaudiere-Appalaches,-71.449235999316,46.640934127855,1407156550000
307958197506965,Centre-du-Quebec,-72.663520990895,45.786437916438,1572607744523
1035411244148792,Lanaudiere,-73.658628,46.838721,1692109621000
4263704010316175,Centre-du-Quebec,-72.659233063333,45.790488403056,1465986868000
1340235220752873,Monteregie,-73.589098396319,45.395063644881,1764365294505
8705312886192699,Lanaudiere,-73.657248,46.83977,1728391445000
498278171486987,Chaudiere-Appalaches,-71.440079666806,46.644284136873,1406539931000
960581534712666,Chaudiere-Appalaches,-71.448415023166,46.640954934626,1406539911000
1360941421126297,Lanaudiere,-73.65885,46.838656,1692109618000
959888008622962,Estrie,-72.080364,45.176234,1689170217000
1089780076098527,Lanaudiere,-73.647573,46.853025,1728316925000
1052081509118936,Chaudiere-Appalaches,-71.459001870042,46.690827251842,1696341602000
6538329539612958,Chaudiere-Appalaches,-71.44529830693,46.698829311308,1696341506000
4256405491348036,Monteregie,-74.351448580932,45.239561132366,1764441701000
210582973888704,Centre-du-Quebec,-71.899553662253,46.347798729024,1407158160000
379016306905911,Centre-du-Quebec,-71.90453247657,46.343704066203,1572610794023
1625472521172543,Outaouais,-75.056398261637,45.879770279257,1655820852507
1574181773597507,Monteregie,-74.350798905234,45.239535870934,1764441021250
385080283473178,Outaouais,-75.052610613018,45.873034816792,1655851219411
1331270014720985,Monteregie,-74.367767095696,45.229758611569,1733256976500
1034580347745831,Monteregie,-74.377050750054,45.239570995325,1700161713750
146685017474149,Outaouais,-76.906711401086,45.929755885382,1602440065523
758105548159031,Outaouais,-76.907346565542,45.9296101323,1602440243523
218161956512029,Laurentides,-74.42706402078,46.113209380034,1548193663559
942599633159537,Outaouais,-76.913067436192,45.908352851157,1602426675522
1274697447652392,Laurentides,-74.569187133326,45.785654800522,1746090490400
1262485064773440,Lanaudiere,-73.753477,46.638253,1728396992000
1768143080310239,Chaudiere-Appalaches,-70.571026666678,46.95792732505,1690629586000
3728031540818472,Chaudiere-Appalaches,-70.921404980579,46.848257768585,1711389660000
4406528906299630,Chaudiere-Appalaches,-70.597365950128,46.963524321777,1765138073740
471240347429153,Laurentides,-75.428877778603,46.708052781289,1489328434000
255143926908180,Capitale-Nationale,-71.449172807625,46.920932881348,1683281955000
150105530407321,Chaudiere-Appalaches,-70.924626907802,46.844975729108,1406542652000
600852312235663,Capitale-Nationale,-71.4493847,46.9218464,1692641243000
559033482816295,Chaudiere-Appalaches,-70.9183947,46.84968,1674217565000
254454826414201,Outaouais,-76.805684895555,46.430675597918,1596671361529
460228781943850,Chaudiere-Appalaches,-70.919084225657,46.849158769706,1406542672000
3867761243273778,Bas-Saint-Laurent,-69.10508111846,47.690460322094,1406549135000
6107177955975035,Chaudiere-Appalaches,-70.929080541767,46.841614730504,1406542636000
460781435219451,Outaouais,-76.791091311006,46.431587100468,1596671364878
1012858232688939,Laurentides,-74.000690769822,45.93545351016,1652371515401
725283070308870,Mauricie,-73.749366133639,48.099878987981,1754157491000
1227724157632614,Monteregie,-73.6359028374,45.361278303819,1654088357271
237186541510624,Outaouais,-76.78351931726,46.431061000336,1596671362725
1060980951095455,Monteregie,-73.636122668154,45.360947035877,1407167757000
1292088566015919,Monteregie,-74.319225943958,45.203829159964,1764435950500
320355139463162,Outaouais,-76.784155710945,46.431167501429,1596671363879
1173494544039843,Chaudiere-Appalaches,-71.245862675239,46.127081280886,1694780079800
904130190148320,Monteregie,-73.63529228071,45.361622155818,1558369167000
965678814238439,Estrie,-72.233103445306,45.291413052408,1558121271000
887023358820631,Outaouais,-75.789612344366,45.637963233855,1508600553000
1283446629464319,Monteregie,-74.319398377749,45.203979530135,1733253241750
1653272709412221,Chaudiere-Appalaches,-71.239909930925,46.127882873691,1765119912850
2041482152657892,Outaouais,-76.809575062046,46.429618347848,1596670270025
1697262117570747,Outaouais,-75.775095669939,45.653433879173,1717521070500
1631189321157388,Monteregie,-74.319283626461,45.203859660207,1733253039000
1186270698462613,Outaouais,-76.799203817352,46.431752900367,1596671366210
1848123062394245,Outaouais,-75.768952064073,45.65313692853,1717521033250
852351950734530,Monteregie,-74.313621886274,45.209611635693,1764435384250
1155445554868155,Outaouais,-76.795283804133,46.431742399917,1596671365047
504700985797476,Outaouais,-75.767474477517,45.653169068768,1717521026333
2855614458036234,Outaouais,-76.805275896687,46.430994900036,1596671362723
1964084721107935,Bas-Saint-Laurent,-67.3090759,48.1956763,1757265386000
301046709284533,Saguenay-Lac-Saint-Jean,-71.900378936589,48.415330668324,1694796295000
238302264752589,Outaouais,-75.789544995646,45.637987845851,1405945183000
1403799483286068,Outaouais,-76.788759004436,46.431164699969,1596671362684
1111699166765949,Centre-du-Quebec,-72.465214433417,46.331186822551,1715246899810
783906703026079,Saguenay-Lac-Saint-Jean,-71.881238988911,48.413921618062,1683374859000
1389228345131038,Mauricie,-72.4524197,46.4494797,1711818187000
777495419827032,Outaouais,-76.787987245971,46.43105780954,1596671362799
405898605583231,Mauricie,-72.449198123926,46.447268414612,1711837210000
3287377668172104,Laurentides,-74.232565296066,46.012787004954,1664642773563
769144333965277,Outaouais,-76.804682195996,46.429363611479,1596671359636
1312073235854031,Mauricie,-72.451596094651,46.449681901399,1448021014190
795486464772277,Laurentides,-74.232202230057,46.011996036545,1653427014822
163330939063447,Outaouais,-76.782822376002,46.43090129754,1596671361625
2214023572393423,Laurentides,-75.661507113953,46.611393638955,1755271279000
322375346330105,Mauricie,-72.455066555464,46.448827229031,1597424201000
1379824985744104,Laurentides,-74.234881080959,46.017098675289,1558037233223
974566437799393,Bas-Saint-Laurent,-67.458714,48.597951,1719663505000
772666490118940,Outaouais,-76.780103878288,46.430538195379,1596671360543
3736849616539653,Monteregie,-73.59375696359,45.36353715816,1531331219125
386666599202369,Outaouais,-76.79403415776,46.431712297801,1596671364890
461281209980300,Bas-Saint-Laurent,-67.465357,48.659285,1719664351000
1117960635463836,Outaouais,-76.140427999972,46.8589551,1659695004000
1100906783753041,Monteregie,-73.59381034093,45.363564011761,1546617616113
253068559929015,Centre-du-Quebec,-72.119493883966,46.17846949155,1572609867023
2269873603216769,Monteregie,-73.126519523993,45.13030589742,1713804112612
3025614504348596,Outaouais,-76.060577928105,45.959972507384,1530364691000
314888211623677,Monteregie,-73.126434202367,45.129959442459,1713819481280
1635317546853489,Laurentides,-74.789884558887,46.31323606958,1655399679328
1049995843573514,Mauricie,-73.539559,46.90176,1728323911000
470473928818339,Estrie,-72.296940667724,45.198345479412,1724509629681
742593407546356,Monteregie,-73.12743,45.13351,1681137343000
1030224704521952,Laurentides,-74.789602957881,46.314896802323,1653424402899
344967524896105,Monteregie,-74.084455710547,45.275848588694,1700341612836
3122193628088121,Estrie,-72.296992,45.198227,1689161982000
114312271761933,Lanaudiere,-73.961403352685,46.805647270681,1692019616000
1556447321794515,Monteregie,-74.081710827642,45.276776722092,1700341630644
1404328786608833,Outaouais,-76.16375000045,45.511720086347,1565898763936
1515721346481828,Outaouais,-75.534273698202,45.690374119233,1717530170000
1032138088992545,Chaudiere-Appalaches,-70.37491991103,46.639019987637,1725470544302
278583090641161,Outaouais,-76.163847199136,45.511760272343,1565898983794
1570111417725265,Outaouais,-75.528470370568,45.695264254376,1717530099333
143101044445124,Laurentides,-75.503005547805,46.489775004544,1489326977000
133414022151553,Outaouais,-76.163702859177,45.511702798339,1505050969000
292735965688921,Outaouais,-75.539739008151,45.709230591605,1489321792000
1237137973385655,Outaouais,-76.163763751762,45.511711125627,1505050631000
402870364585500,Capitale-Nationale,-70.674570260179,47.733641450536,1597226884000
1000577697444105,Mauricie,-72.359384968224,46.528470520713,1597334141000
549798179801812,Capitale-Nationale,-70.676352777778,47.730533333333,1597240396000
133099732796552,Capitale-Nationale,-71.011689374477,47.704491981752,1661776376150
452720513420131,Laurentides,-76.066153999972,46.997523499972,1659645050000
3717825558493307,Lanaudiere,-74.006074,46.903026,1692024322000
357170442803571,Mauricie,-72.355680733601,46.527678432854,1597397134000
1126901754850027,Capitale-Nationale,-71.004221499972,47.703780799972,1661776066718
335693171476777,Outaouais,-76.512561188442,46.249023482614,1596653367674
886891778900038,Mauricie,-72.355155555556,46.527633333333,1597423377000
787997742347783,Capitale-Nationale,-71.007873099972,47.703557899972,1661776251535
1175307300101546,Estrie,-71.133472270365,45.43402911811,1708272633480
282595706831967,Outaouais,-76.521015485435,46.251809084396,1596657643329
108756038213703,Mauricie,-72.341986111111,46.526827777778,1597334559000
1383106512082287,Monteregie,-73.662466182566,45.405432723889,1545926191279
1175101059599306,Outaouais,-76.523346097374,46.256943590171,1596657645131
3968901983191154,Monteregie,-73.669114802748,45.400485891808,1493651221920
310993613799067,Outaouais,-76.061949530724,46.182467569994,1503837331000
951884542246286,Outaouais,-76.512075989847,46.24870498287,1596653367621
1016553193051332,Capitale-Nationale,-71.06967002541,46.887805599053,1686572728000
148136940661916,Monteregie,-73.662503413302,45.4054110613,1545926191414
792897504976972,Laurentides,-75.643972220774,46.140819447361,1489324888000
1237786090009314,Centre-du-Quebec,-72.046116972398,46.250918282736,1407158672000
280746947107439,Outaouais,-76.524319242757,46.258128305399,1596657645132
1376461686233090,Capitale-Nationale,-71.077746720309,46.861514157434,1686576949000
235276172243226,Capitale-Nationale,-71.078973595842,46.885584493222,1681387894000
1181405408998936,Outaouais,-76.523813719,46.257862398519,1596657645091
6517225855034873,Gaspesie-Iles-de-la-Madeleine,-65.468732589915,48.031280338652,1691312576000
687968722712583,Chaudiere-Appalaches,-70.718583553112,46.318870578047,1693492799000
2879949762226623,Abitibi-Temiscamingue,-79.24468067863,47.913275935295,1531061247000
3030108253959574,Capitale-Nationale,-70.584246329945,47.726280673015,1657557417250
6214578451982367,Capitale-Nationale,-71.077919649427,46.861567862604,1686572250000
492052025333080,Outaouais,-76.52355130525,46.257458287938,1596657645224
1071763940467361,Gaspesie-Iles-de-la-Madeleine,-65.468674402679,48.032487663346,1691309239000
167796421930688,Abitibi-Temiscamingue,-79.245622960638,47.913058803729,1531061241000
467098828386999,Capitale-Nationale,-70.606825530813,47.709792804986,1657551895913
296337015370623,Estrie,-71.872523897668,45.423651664069,1566842809314
216546463326373,Outaouais,-76.522790104351,46.254484511727,1596657645131
365387778511919,Capitale-Nationale,-71.556532165327,46.713135092303,1597325687000
583992672992182,Outaouais,-76.310371619534,46.160189911815,1596655945538
190880563321870,Capitale-Nationale,-70.607666666667,47.709427777778,1657551522896
837548586857821,Outaouais,-76.522954104406,46.255391721002,1596657645129
843379267103401,Capitale-Nationale,-70.607886111111,47.709652777778,1657550169959
3155603728055849,Capitale-Nationale,-71.546858333333,46.717475,1597321927000
1868959756617442,Outaouais,-76.303791301447,46.1569803008,1596655944229
1124587738047907,Outaouais,-76.521559036925,46.252526432381,1596657644221
1107276673508817,Capitale-Nationale,-70.441551413852,47.96712576117,1661623301529
238099871413877,Outaouais,-76.315076639047,46.166118101278,1596655947244
200205109633412,Capitale-Nationale,-71.5568664,46.7130964,1685277588000
126045583505342,Capitale-Nationale,-70.592552777778,47.721833333333,1657555787477
154828249929438,Outaouais,-76.52564265867,46.258439387652,1596657645072
351423547579604,Centre-du-Quebec,-72.339985992505,46.381450444959,1715250076073
774926786510180,Outaouais,-76.317010472006,46.167676987847,1596655947646
250005120815421,Capitale-Nationale,-71.548198129874,46.717509311105,1681475441000
119976730800552,Capitale-Nationale,-70.595283333333,47.713730555556,1657553663005
477258173543337,Outaouais,-76.510902805838,46.246926708682,1596653365094
1444007652904427,Centre-du-Quebec,-72.321133438704,46.39158013659,1715248751200
1685464508562301,Capitale-Nationale,-71.5565881,46.7132781,1681475402000
3092356154422008,Mauricie,-72.366508333333,46.554697222222,1597396782000
1410037289357820,Outaouais,-76.315042595125,46.16438838405,1596655947089
661504965840172,Estrie,-72.19919688394,45.28195625673,1689163170000
1097956330833253,Capitale-Nationale,-70.592741666667,47.718630555556,1657554987319
4547510518606125,Outaouais,-76.52757958806,46.259885808572,1596657645686
1334544747413782,Capitale-Nationale,-71.544163437191,46.720226843308,1685277649000
923720999678643,Estrie,-72.190157280993,45.271833085117,1724514670998
259497152529670,Outaouais,-76.312943631219,46.161461927508,1596655946031
127601416028176,Chaudiere-Appalaches,-70.956559999548,46.825713610099,1406542550000
2912618345692538,Outaouais,-76.518122695013,46.251135678924,1596657643311
3967277893354575,Capitale-Nationale,-71.558932780015,46.711950786114,1416037180000
182696000386591,Outaouais,-76.312234557107,46.161082076089,1596655945740
437950845427781,Capitale-Nationale,-71.567409477601,46.735088965506,1711815474000
925322879154873,Estrie,-72.215181588296,45.255899863911,1724509876461
468632784392136,Outaouais,-76.520330489271,46.251048696619,1596657643399
273958752027722,Gaspesie-Iles-de-la-Madeleine,-65.634382,48.190393,1691147725000
149848861180621,Capitale-Nationale,-71.599110006854,46.847589656095,1682594588000
1882169542141230,Capitale-Nationale,-71.567650072826,46.73490213714,1679479117000
519466969200051,Outaouais,-76.306005711448,46.158264299191,1596655944228
1192200108139272,Estrie,-72.215384,45.255497,1689163018000
638869590950989,Capitale-Nationale,-71.599766852496,46.832487813536,1683975395000
824486118162403,Outaouais,-76.314881716484,46.165614071161,1596655947294
1159773707795663,Outaouais,-76.329390099167,45.547346742778,1538999494000
747366047086009,Capitale-Nationale,-71.589171915794,46.854807872455,1683287552000
1182698645536203,Outaouais,-76.300467942457,46.156111271703,1596655943596
780230862859163,Monteregie,-73.864608801464,45.29968592377,1407168449000
243241180882198,Capitale-Nationale,-71.599486000636,46.847321000494,1463523438604
885142719240240,Capitale-Nationale,-71.599608337061,46.847507334718,1683289943000
1198913760821035,Capitale-Nationale,-71.598141636585,46.852861242248,1685202288000
483141210880003,Estrie,-71.923910940374,45.789463107932,1719326268117
928726231730609,Capitale-Nationale,-71.903318074918,46.886886291673,1685192585000
1578284272654892,Capitale-Nationale,-71.903129297543,46.887101119375,1682596074000
1146652305819190,Capitale-Nationale,-71.330521562132,46.766329144555,1605288788000
151670603684511,Capitale-Nationale,-71.333267784921,46.76789280438,1605288541000
218306933461090,Capitale-Nationale,-71.337095230583,46.768375623737,1605287936000
1078092949349618,Outaouais,-77.067867176646,45.883428021189,1602445655023
173475554682469,Outaouais,-77.067844813616,45.876643673783,1602445685523
210917830627693,Outaouais,-76.242853365874,45.526919230377,1561303503000
585604633121941,Laurentides,-75.344125399972,46.2246315,1452265519000
500513914704571,Outaouais,-76.242972495701,45.526824692015,1561312713000
1071448830423508,Laurentides,-75.3589544,46.2266733,1452265309000
260608575745365,Monteregie,-73.969287802022,45.094469124042,1493641046060
1151168551976594,Outaouais,-76.243594810449,45.526924535774,1556997995000
1041966743629244,Gaspesie-Iles-de-la-Madeleine,-65.133093480461,48.407911220123,1691323990000
2576938449269760,Monteregie,-73.960820829325,45.103100931778,1493641333080
1352455682288175,Gaspesie-Iles-de-la-Madeleine,-65.133287,48.407865,1691323924000
240987617782950,Outaouais,-76.240923666216,45.527032032525,1590247896023
1389242025663095,Bas-Saint-Laurent,-66.15654705068,48.691793240899,1751308376000
258749656029746,Outaouais,-76.261599696372,45.526400116263,1590247961023
299619688269311,Monteregie,-72.880746547258,45.438149923119,1518875044000
1997076907765434,Bas-Saint-Laurent,-66.157058633155,48.706611701455,1751309120446
281707551279648,Capitale-Nationale,-71.415639183475,47.975565649743,1694788210000
175647284432656,Monteregie,-72.881018999722,45.437125,1513224775000
3389038574672894,Laurentides,-75.267983,46.192756,1684683863000
179605368326574,Capitale-Nationale,-72.010668096729,46.904743563898,1682596645000
617386763684606,Capitale-Nationale,-71.417387908045,47.978406958685,1687687962000
4639995782893446,Lanaudiere,-74.263520859696,46.343716626481,1752174829000
821875515960485,Capitale-Nationale,-72.0156431,46.90578,1685193094000
946783173081034,Chaudiere-Appalaches,-70.7243031,46.5230864,1690915756000
617959794679814,Lanaudiere,-74.286251974128,46.348288911356,1752175353000
808689917615863,Chaudiere-Appalaches,-70.720872295711,46.526029467864,1693508475000
1250297085687819,Chaudiere-Appalaches,-70.777072102531,46.77809149975,1690626575000
2608041629496284,Lanaudiere,-74.272884773471,46.344621406755,1501511578080
1390618798218631,Chaudiere-Appalaches,-70.725796975644,46.521912850264,1696439827000
767794499169192,Cote-Nord,-63.299608372056,50.739536132486,1749564354702
807111173343607,Lanaudiere,-74.274703241888,46.34437367764,1501512807371
1008630151427291,Cote-Nord,-63.299372574689,50.739393693029,1749548313280
1025843979709566,Cote-Nord,-63.297962165785,50.711129512509,1749548447614
172360044808090,Outaouais,-76.582121460408,45.632225801673,1562431743000
1044997236867946,Lanaudiere,-73.943662,46.877137,1692022856000
5451364894934054,Capitale-Nationale,-71.307522681257,46.882340398291,1539009132706
666587188727808,Lanaudiere,-73.93988195692,46.887049861522,1692023424000
467540745538399,Capitale-Nationale,-71.307117874493,46.882383889435,1682677491000
484023220552292,Laurentides,-75.448405,46.118842,1684669797000
1092875642993334,Lanaudiere,-73.423221763764,46.880870862671,1757186686481
1701258250333469,Capitale-Nationale,-71.309039253561,46.884356698151,1683367031000
246511904545149,Capitale-Nationale,-71.30948329282,46.884394799198,1682684310000
1121287756079822,Lanaudiere,-73.430045848119,46.878603499417,1757187728789
30900483232931066,Bas-Saint-Laurent,-67.5874454,48.0187027,1755375599000
623596539620512,Capitale-Nationale,-71.308353770816,46.882259117016,1683285477000
669853879555528,Cote-Nord,-68.547096700172,49.570461970134,1751911940927
174007908927568,Capitale-Nationale,-71.312845192901,46.889546558362,1685546600000
777866010366983,Capitale-Nationale,-70.833970702293,46.981648574281,1681385749000
5451360624936410,Capitale-Nationale,-71.311977118994,46.888170368046,1539026270498
726163483428380,Laurentides,-74.681475695617,45.974208173721,1746120002083
1417517825745241,Laurentides,,,1684594855000
670237621272468,Laurentides,-74.3811604,45.881978300001,1690829341483
1276234187627030,Bas-Saint-Laurent,-67.0117442,48.6999489,1756757127000
1039044290639504,Monteregie,-73.924616946074,45.029071600397,1664405156000
1816952525366719,Capitale-Nationale,-70.350084589151,47.695807736432,1693937438000
1116601473738191,Chaudiere-Appalaches,-70.430148141416,46.593053381388,1725480730346
608796707626193,Saguenay-Lac-Saint-Jean,-72.235346610448,48.112540293601,1683378157000
2555111938155992,Chaudiere-Appalaches,-70.435433774266,46.587848141855,1725479602851
1780068735935721,Chaudiere-Appalaches,-70.424008301889,46.593456829727,1725480668411
1292616028011765,Saguenay-Lac-Saint-Jean,-72.235449841809,48.112393849795,1687693727000
956325488765416,Saguenay-Lac-Saint-Jean,-72.23422533775,48.11461230486,1694800647000
590445403417549,Monteregie,-73.5086917,45.5962147,1717595631000
498887503136505,Monteregie,-73.508840573802,45.596257253905,1717592190000
1847056062770666,Monteregie,-73.5089111,45.596325,1569852607831
798816441087012,Lanaudiere,-73.582385528617,45.757743136247,1654002194554
6006171892844539,Outaouais,-75.12873,46.006505,1684675332000
735594315440167,Monteregie,-73.508151356805,45.594984464241,1717594719000
1784345375501717,Outaouais,-75.128746718002,46.006534304698,1755195292000
941063183886781,Laurentides,-75.247655,46.234727,1684683289000
1189439843099100,Monteregie,-73.509880808761,45.59114783334,1751660750428
590054416783580,Monteregie,-73.509802881948,45.591298731069,1569761849000
248121681205648,Capitale-Nationale,-71.112353009461,46.904098430952,1683978148000
468649984212276,Laurentides,-73.936680456806,45.725512768443,1568911179000
544603293713891,Bas-Saint-Laurent,-69.258281499606,47.691260386747,1407063676000
1114797105672573,Capitale-Nationale,-71.112094692981,46.904053893716,1501873801584
649078147192880,Lanaudiere,-73.744163352628,45.73649206427,1693240431255
187352503207542,Bas-Saint-Laurent,-69.258762417625,47.69127955361,1406548692000
680149124163634,Capitale-Nationale,-71.108980126232,46.905821672731,1692911532000
1295308014682279,Lanaudiere,-73.738850090779,45.730657798229,1693240525199
3806008579645566,Estrie,-72.000285806846,45.380954744691,1720898975924
148271184137304,Capitale-Nationale,-71.112292520025,46.904173269234,1597319653000
3419857008342626,Capitale-Nationale,-71.111804038873,46.904380014355,1684518047000
1014603216491064,Monteregie,-74.139338602526,45.268468309447,1700341184325
176025018736124,Capitale-Nationale,-71.112439671691,46.904175884199,1683977520000
1527839141321216,Monteregie,-74.136352729861,45.269472000012,1700341247860
6136223396465264,Capitale-Nationale,-71.108729680095,46.904785936735,1684480871000
506913510462739,Outaouais,-76.21132404744,45.685420047193,1508864039000
461000438507193,Lanaudiere,-73.6897735,46.1979076,1538936211367
597756659212887,Capitale-Nationale,-71.112317013822,46.90420126576,1692718944000
1057431836015589,Gaspesie-Iles-de-la-Madeleine,-66.046712331453,48.739714247881,1751312541000
3095189410784741,Capitale-Nationale,-72.1895681,46.9661031,1685194245000
741159341880099,Lanaudiere,-74.317501521721,46.359036573767,1752178473000
1439677787366252,Gaspesie-Iles-de-la-Madeleine,-66.046691003548,48.754626006247,1751311925000
3665294923706684,Capitale-Nationale,-72.177543928812,46.978574539061,1682597296000
1102772555089270,Lanaudiere,-74.293075121225,46.362267178274,1752178996000
643138910591789,Capitale-Nationale,-71.739319479914,46.875438395737,1685201586000
492345828635518,Centre-du-Quebec,-71.980133213012,46.291092255608,1572610505523
851612343222984,Chaudiere-Appalaches,-71.113863218894,46.511101302659,1693489658000
199884932962780,Capitale-Nationale,-71.739334394545,46.87545302847,1685191572000
1339307493118210,Centre-du-Quebec,-71.989821895226,46.28492639782,1572610468023
253263010491817,Capitale-Nationale,-71.749759113062,46.879205553616,1682595329000
1372215070139571,Monteregie,-73.479987115973,45.579393681515,1712410630573
213059206918862,Centre-du-Quebec,-71.98927377777,46.285814602246,1407158481000
480255163285798,Capitale-Nationale,-71.720203069875,46.878522248355,1416046474000
1306771760213040,Monteregie,-73.456322190851,45.592624922521,1693255316651
1195372121530137,Monteregie,-74.377961670368,45.525316119488,1729161230000
266238663010111,Monteregie,-73.455074059971,45.581690107166,1693359658603
1167306545135402,Outaouais,-75.555933035582,45.610529344261,1717531864666
1195529004935091,Monteregie,-74.364850876876,45.52853203949,1720795112300
1162490540841647,Monteregie,-74.377894828639,45.524970487355,1543087411879
1311999176088756,Lanaudiere,-73.922138,46.852729,1692021859000
925179213028231,Outaouais,-75.563687412967,45.604969998544,1717531932666
774070294530941,Lanaudiere,-73.691357236823,45.723428069549,1703015748260
138250404915624,Monteregie,-74.378228241574,45.52496585339,1541881600885
3234429116877522,Lanaudiere,-73.691075537688,45.723480872768,1654015221578
1392963364763445,Lanaudiere,-73.691310440357,45.723086396265,1693240963253
853283922315003,Chaudiere-Appalaches,-70.462989735681,46.526782352389,1690638124000
3375770346016207,Lanaudiere,-74.084317,46.906921,1692025397000
745311634876636,Chaudiere-Appalaches,-70.467692204791,46.543800485472,1725484591852
1001524358282699,Monteregie,-73.989148088956,45.376172526591,1722098464166
2459855700855493,Capitale-Nationale,-71.200401157524,47.371510328467,1692634641000
3484206691900427,Capitale-Nationale,-71.197880738739,47.378297084812,1682682189000
133126032206404,Laurentides,-74.121153273592,45.975620265796,1557922567809
599914715258302,Capitale-Nationale,-71.600502533376,46.847299023712,1685190660000
2750711048573662,Laurentides,-74.115998251941,45.973441470949,1558036633390
257188766688162,Capitale-Nationale,-71.199960255259,47.37174800358,1682679715000
1673760216165257,Capitale-Nationale,-71.606723840736,46.837346616745,1428395347900
263669475509671,Laurentides,-74.121878721193,45.979199519543,1558036590912
247022687205086,Capitale-Nationale,-71.600447560611,46.832973535958,1429035571600
954800262249476,Capitale-Nationale,-71.200302465048,47.371911582487,1692637590000
1374383412935699,Laurentides,-75.237076014086,46.50382684408,1569059788000
3311985222275291,Outaouais,-74.890425379278,45.979759327308,1746121240750
766686368409542,Capitale-Nationale,-71.19994508095,47.371952336155,1683369255000
508914903616199,Capitale-Nationale,-71.600691994784,46.847143001794,1463486750722
1576406912931684,Estrie,-71.971738602864,45.002297673305,1716128222000
4393727410671749,Laurentides,-75.213367194664,46.503460717905,1569059468000
836155104569242,Capitale-Nationale,-71.197287914313,47.378338929663,1692634672000
1612435872941701,Mauricie,,,1716660981000
478120991338122,Estrie,-71.970074918421,45.001438989034,1716129532000
207944264976943,Capitale-Nationale,-71.197596735256,47.377894419427,1685544572000
661267645937445,Lanaudiere,-73.638247501039,46.79288799999,1692108748000
1736687303336160,Capitale-Nationale,-70.922054,47.7345735,1661771375169
8145736735538303,Lanaudiere,-73.630736,46.780022,1728392225000
774090570482813,Capitale-Nationale,-70.9107637,47.7458223,1661770705640
694742712759804,Monteregie,-74.080715604769,45.401050479454,1702742159933
519177603734976,Lanaudiere,-73.630697,46.780017,1692108571000
1078445776140668,Capitale-Nationale,-70.915073699972,47.745047499972,1661771114747
1137375700582465,Monteregie,-74.080032765967,45.417607805649,1704220841000
167498242455362,Laurentides,-74.734046139153,46.268857300825,1653424676829
238160248898003,Saguenay-Lac-Saint-Jean,-71.693132518938,48.303864199416,1683373588000
791983552584912,Saguenay-Lac-Saint-Jean,-71.692441967114,48.301085000626,1687689532000
267328666079413,Lanaudiere,-73.774699,46.919023,1692113745000
2103811756782553,Outaouais,-74.834614991486,45.994069599722,1746120891316
836185397711412,Lanaudiere,-73.750504,46.911822,1692113576000
626688036038537,Outaouais,-74.834485,45.994003,1684593905000
1016145133455551,Laurentides,-74.560370933781,45.8497179687,1746091023650
4021069058129761,Outaouais,-75.671137536617,45.803621718018,1717525158250
1824830854962804,Laurentides,-74.555781932682,45.82010355755,1746090737983
165046545534870,Laurentides,-74.560347279309,45.849761115272,1530696994000
1136316870284383,Mauricie,-74.199677899972,47.8892322,1659538785000
1147747073319395,Outaouais,-75.697888508641,45.785929532008,1717525452000
539708018632749,Capitale-Nationale,-71.121556509616,47.989667576273,1722177186000
1071486414396265,Capitale-Nationale,-71.120077499502,47.987451983817,1722177202000
764697260909608,Outaouais,-75.999863815642,45.638538311569,1607967826137
243238337600253,Centre-du-Quebec,-71.937109105893,46.318388033572,1572610665523
3944460522298804,Centre-du-Quebec,-71.945830487899,46.313365896212,1407158332000
303891361348516,Monteregie,-72.999496967414,45.376724561816,1544031152816
6255007684558882,Capitale-Nationale,-70.8727781,47.0085197,1681386760000
165770603250197,Mauricie,-72.407254665112,46.413264717185,1696351460000
1371825913686494,Capitale-Nationale,-70.095657846514,47.668447969702,1692725651000
917821309277563,Capitale-Nationale,-70.095074497764,47.669942723076,1684512768000
171186192577232,Capitale-Nationale,-70.095947416727,47.669529797634,1684490773000
1497956774439512,Estrie,-72.287894308034,45.537329854606,1719321956271
1573545679845586,Gaspesie-Iles-de-la-Madeleine,-65.592846,48.186796,1691146107000
1255931635674427,Monteregie,-74.28495821691,45.230053681337,1733250859750
3509012886048580,Capitale-Nationale,-71.6296064,46.7012197,1684847541000
1401101570754904,Monteregie,-73.513515708552,45.332140527649,1693932986158
534019408459750,Lanaudiere,-73.649983321553,45.858310359073,1654014352594
1174084896400026,Monteregie,-73.521656150165,45.355551627167,1531331016030
841290403993400,Capitale-Nationale,-71.6294264,46.7010814,1684847540000
935191283961949,Monteregie,-73.975235715234,45.299869381284,1407168757000
966969054916573,Abitibi-Temiscamingue,-78.3903777,47.5559217,1627078394488
251842507513924,Capitale-Nationale,-71.6292431,46.70094,1684847539000
307206300778854,Monteregie,-73.522492877291,45.355296889072,1407167416000
2991056561019635,Monteregie,-73.522522879433,45.355338814965,1546617384708
675953601432700,Bas-Saint-Laurent,-66.8545735,48.7753668,1756044182000
660755420423132,Bas-Saint-Laurent,-66.8394589,48.7826824,1756043734000
1481993472525999,Monteregie,-73.898066972268,45.260666242077,1716200100958
991540008957372,Capitale-Nationale,-70.899320515159,46.927832005714,1686575678000
9280172178690011,Capitale-Nationale,-70.8889254512,46.922881050245,1681385320000
1092243733071630,Bas-Saint-Laurent,-67.0513544,48.7146039,1756756306000
2752877958213338,Chaudiere-Appalaches,-70.880704538544,46.855202732065,1711389470000
279607317869800,Capitale-Nationale,-70.8964614,46.9262214,1686575176000
979663806106518,Centre-du-Quebec,-72.667901474551,46.278628471783,1502123821835
1208262009614123,Chaudiere-Appalaches,-70.893778069981,46.863730239875,1406542751000
524689881868668,Centre-du-Quebec,-72.668332724417,46.278471162413,1502123781147
1185615505888710,Lanaudiere,-73.477679458249,45.702490002447,1726317294049
909131809870589,Centre-du-Quebec,-71.972547514676,46.296430820064,1407158423000
200254991984455,Centre-du-Quebec,-71.972133810204,46.296167357561,1572610536523
842474687558941,Chaudiere-Appalaches,-70.7931418977,46.738990662285,1690898117000
286299021169020,Chaudiere-Appalaches,-70.889902781187,46.715592392136,1711374293000
449150352820864,Centre-du-Quebec,-71.975216227906,46.294275656405,1406538127000
4096931563708154,Laurentides,-74.730788888889,46.087383333333,1590942481259
242087082103146,Chaudiere-Appalaches,-70.894429301674,46.718694924019,1690897591000
1625775864897160,Monteregie,-73.810202577763,45.340482467678,1685143007750
765481595237775,Capitale-Nationale,-70.652672527554,47.699128829749,1685533405000
2707707139372022,Monteregie,-73.220532060839,45.439557494138,1681148718000
747134759968014,Centre-du-Quebec,-72.382577187789,45.978157591072,1655493574189
3036857289883543,Abitibi-Temiscamingue,-78.863713888889,48.218266666667,1531065872000
167920888666335,Outaouais,-75.916601231324,45.605297758633,1604939615917
282740053513526,Abitibi-Temiscamingue,-78.871261740325,48.217917250265,1531065852000
869581031464602,Monteregie,-74.260396389555,45.277145843415,1666809980666
1358598799063595,Capitale-Nationale,-71.293589025703,46.749563628689,1765132905763
1242696586434676,Lanaudiere,-73.929832,46.865175,1692022575000
1721966891820159,Bas-Saint-Laurent,-67.0028169,48.6816633,1756757559000
240143977875692,Outaouais,-75.917878570282,45.601473733673,1604935219360
324119103577898,Monteregie,-74.260129486274,45.276998611102,1699818611000
385616519219402,Capitale-Nationale,-71.295507110014,46.756564161458,1540144720993
1011488366935286,Lanaudiere,-73.913912,46.866838,1692125816000
744382819567935,Capitale-Nationale,-71.299015194414,46.749582000359,1434788650383
1094036075300755,Monteregie,-74.259980664812,45.275662785509,1666629295666
2873520229526822,Capitale-Nationale,-71.288850917574,46.746829040751,1501852379409
357268960134109,Monteregie,-74.260168085014,45.296191155916,1700156188750
1908572906239973,Capitale-Nationale,-71.296607920686,46.757297510785,1711390871000
735184261202137,Capitale-Nationale,-71.296969696966,46.757456277595,1674293502000
1057130808993175,Capitale-Nationale,-70.71056769131,47.225577160703,1692907727000
108482984648835,Capitale-Nationale,-71.295154053363,46.756593489212,1523654889695
1153821146498849,Capitale-Nationale,-71.296585545208,46.757103726671,1765124456791
239214091307678,Estrie,-71.797346701169,45.006946499187,1531066916659
2952977661643916,Capitale-Nationale,-71.295508035105,46.756548478405,1523571200121
718497630392354,Capitale-Nationale,-71.820426879386,47.229074606496,1722196779000
229661325162046,Centre-du-Quebec,-72.500856745599,45.910131919685,1572608412523
139845961528072,Estrie,-71.795246663998,45.009340749358,1530719944889
1011173522620123,Laurentides,-74.611796598764,45.965117875158,1531059628094
749834959016884,Centre-du-Quebec,-72.519095434198,45.907616558805,1572608358523
399129611152371,Estrie,-71.795352211515,45.009256876881,1530719945705
771614347051979,Monteregie,-73.977754774718,45.085837316306,1493640759040
3253740538116345,Laurentides,-75.716540428557,46.509472462856,1755285728000
143869944427884,Laurentides,-74.611588555517,45.965047927917,1531407025063
1187492296680547,Monteregie,-72.858033326036,45.338822306309,1762340864857
4078112248975676,Monteregie,-73.986220223756,45.077207061891,1493640472020
203832391581972,Laurentides,-74.611733843038,45.96519866141,1531397607563
6939143392786879,Chaudiere-Appalaches,-70.551694330691,46.668262143454,1690912213000
2811293665790753,Laurentides,-74.611400449665,45.965030083233,1549117251949
24676783001905102,Chaudiere-Appalaches,-70.551988738922,46.668355899426,1725473965965
136017675232900,Laurentides,-74.611745394916,45.965145123116,1556031161611
224195685744505,Outaouais,-75.97147172607,45.70121586699,1501528144000
2065108444236675,Chaudiere-Appalaches,-70.556562037064,46.665328722034,1725474403925
154417869981302,Laurentides,-74.611922554731,45.965196147637,1531935613033
571487013864154,Outaouais,-75.99927640307,45.692324929055,1508852191000
792652298037438,Laurentides,-74.62023888996,45.965402776707,1530875546000
1124737678009898,Laurentides,-74.611947403152,45.965239839359,1532031938265
368522134631195,Outaouais,-77.3520507,46.167306,1627558149000
297774842790034,Estrie,-72.081857,45.199183,1689168823000
1159073217848858,Laurentides,-74.611977161287,45.965231357466,1549118113817
2955785241361074,Centre-du-Quebec,-72.401763861903,45.98158709424,1572608801023
475575210442602,Outaouais,-76.068095638339,46.261964429187,1503832383000
1250513222597114,Monteregie,-73.396543686409,45.419983996756,1719311386367
665082741470070,Gaspesie-Iles-de-la-Madeleine,-66.092422880548,48.952190001347,1645720321947
1248881059091299,Chaudiere-Appalaches,-71.274595134727,46.000778093913,1683472074000
116114414182799,Gaspesie-Iles-de-la-Madeleine,-66.081774684428,48.953663777778,1645724786464
294232442369686,Outaouais,-75.859138684273,45.600623617614,1495878128000
143625135251891,Chaudiere-Appalaches,-71.26917,46.002401,1683471713000
1317096732508868,Monteregie,-74.075173222473,45.440958883818,1700328983598
5110271018985565,Gaspesie-Iles-de-la-Madeleine,-66.099731430385,48.948498777905,1645718377262
2967916216870049,Laurentides,-75.334958336724,46.769927780573,1489331619000
313978520121521,Outaouais,-76.059630555344,46.071586111724,1489340358000
208477160869251,Outaouais,-75.858951376156,45.600591995611,1504883677000
1022401582346639,Monteregie,-74.074929157554,45.441030720507,1666712030000
1024819563137176,Lanaudiere,-73.856554715057,46.462570988089,1750007275657
159192276118273,Outaouais,-76.059032701454,46.07084816298,1405879925000
1137663100070106,Outaouais,-75.952960535931,45.582157856298,1604519662923
289897280491308,Monteregie,-74.074997723634,45.441051188422,1695484978050
2779646855634038,Outaouais,-75.866330566037,45.611005600983,1504883921000
300555401588803,Capitale-Nationale,-72.008058545339,46.650054905838,1416039210000
827837018918666,Chaudiere-Appalaches,-70.264939229597,46.465990522792,1693498599000
185169636808229,Laurentides,-74.610613456452,46.019419514786,1535043476842
131767968943627,Outaouais,-75.958891877017,45.582888967705,1497187283000
700317046098433,Lanaudiere,-73.857909599995,46.456176700062,1750006917730
172267148235206,Monteregie,-73.213408727311,45.009287153199,1433702083530
1842535236094415,Mauricie,-72.771985746205,47.503994405202,1451673548960
138222251613437,Outaouais,-75.878651523804,45.608991994672,1494771428000
1476036976809900,Monteregie,-74.075282736539,45.44094343392,1764086445750
1108896902935493,Laurentides,-74.610522895358,46.01970434528,1531935242916
161677419217447,Outaouais,-75.952972269899,45.582205612683,1497183553000
1603370660356363,Lanaudiere,-73.857184340321,46.46509821113,1750007480247
139443324901036,Monteregie,-73.213390596685,45.009523329381,1561735506800
1054428038419205,Laurentides,-74.610579712481,46.019458161832,1535457858780
226549997079734,Monteregie,-74.064577977519,45.428953269198,1695484821483
491164278879435,Outaouais,-75.953097278151,45.582260778372,1602425752000
1016210816781696,Laurentides,-74.610707104728,46.01941195991,1746119268216
1603612266511535,Monteregie,-73.213283958338,45.009715455769,1561735198600
1193519527736061,Laurentides,-74.610739101567,46.019266495398,1556027273548
980835702931517,Capitale-Nationale,-71.22789142762,47.230588394627,1682682795000
1776130375909905,Monteregie,-73.213318728779,45.00961701598,1377433807645
1074139569777351,Laurentides,-74.610083856251,46.019835002521,1545763828025
1088916961593494,Laurentides,-74.610721876929,46.019353586079,1531059280517
603722651950989,Capitale-Nationale,-71.22725214836,47.232766004794,1692638239000
577667746541766,Monteregie,-73.378119185692,45.492047888379,1407166727000
1181451732318295,Laurentides,-74.61062287852,46.019399502886,1532032294718
206475331314568,Monteregie,-73.213301261117,45.009544381024,1433702396024
1672501729910737,Capitale-Nationale,-71.2206614,47.2283281,1692633943000
138541654978611,Laurentides,-74.610700622198,46.019309154537,1548192235012
1477002222643601,Monteregie,-73.21331599491,45.009624024238,1501517192678
1169149957092246,Chaudiere-Appalaches,-71.310977,46.02095,1683472791000
489622569028994,Lanaudiere,-73.75018210652,45.901770800057,1546114303521
2510152709140464,Capitale-Nationale,-71.229376302752,47.242256146612,1682679165000
1328865601557707,Laurentides,-74.610399376577,46.019730248243,1746092455600
1609075062622071,Lanaudiere,-73.751218151365,45.900735325915,1546117271015
210371174251818,Laurentides,-74.610644356803,46.019441024694,1531406351862
161816123372994,Capitale-Nationale,-71.22801645841,47.230577869762,1685545155000
286685780646957,Capitale-Nationale,-71.230197247665,47.565832822285,1692636223000
164101869000589,Monteregie,-73.213464603383,45.009296009993,1561735507400
933920350707214,Outaouais,-76.557241269673,45.514493964468,1593543739011
6253182424800137,Capitale-Nationale,-71.225470638803,47.233306706336,1682679074000
1489307364807439,Estrie,-71.955496181249,45.067495673807,1689173801000
809501413865940,Capitale-Nationale,-71.228275288531,47.575939542327,1687685654000
2218941878242982,Monteregie,-73.213259638461,45.009796858508,1561735198800
761649712160182,Capitale-Nationale,-71.229267287764,47.2418424326,1683368658000
212633634852693,Capitale-Nationale,-71.228489441747,47.576028955094,1682680767000
1157928901987540,Capitale-Nationale,-71.237857,47.550086,1722187613000
666809508636070,Chaudiere-Appalaches,-70.430151581275,46.700858378719,1688657840000
763291457711774,Centre-du-Quebec,-72.541338799809,45.887997252383,1406536045000
170119315394659,Capitale-Nationale,-71.263855949234,46.847379871386,1651793382880
1397312507435603,Outaouais,-74.990555895859,45.667702668077,1655852699627
1248158265588643,Capitale-Nationale,-71.263832636573,46.847327538942,1652362172656
470228404066075,Laurentides,-74.470549989213,45.845155549051,1530962839000
634035595263984,Outaouais,-74.994736,45.671854,1684600765000
145293994702742,Capitale-Nationale,-71.263604522864,46.847034637779,1652188193025
954697545317809,Outaouais,-74.980185934018,45.669141063421,1447930188367
1173359366639508,Mauricie,-72.918140030574,46.885843147759,1658835003949
539732617436653,Capitale-Nationale,-71.24658966261,46.839741662823,1605298587000
516479599759852,Outaouais,-74.993219168701,45.667270598392,1447930153149
1028995065191136,Mauricie,-72.920150073425,46.887323576649,1695498722000
1028613418018657,Outaouais,-75.009708813717,45.664914658486,1655852638520
249962761029838,Mauricie,-72.91830197311,46.885689027327,1683385023000
470167604193480,Monteregie,-73.703866500511,45.341984110213,1558369378000
252760183949847,Chaudiere-Appalaches,-71.438445,46.204727,1683450074000
1113907662917311,Mauricie,-72.917853553099,46.8855959295,1695492907000
795291321192662,Monteregie,-73.709078436448,45.341595210447,1406532010000
104752055999180,Mauricie,-72.920240118557,46.88696787522,1687704707000
797036434777676,Saguenay-Lac-Saint-Jean,-70.520072222222,48.016411111111,1661682543035
1066536097667069,Mauricie,-72.918359345246,46.885914960429,1694810032000
1257225138424937,Saguenay-Lac-Saint-Jean,-70.502030555556,48.011208333333,1661681873614
976978186833364,Saguenay-Lac-Saint-Jean,-71.054447434367,48.441158671242,1684499444000
215607564557852,Saguenay-Lac-Saint-Jean,-71.068775826221,48.433797393057,1684499590000
1276408099909565,Lanaudiere,-73.803396,46.888042,1692114908000
234850891770894,Monteregie,-73.57981800637,45.359918883184,1558116786000
189112293048410,Monteregie,-73.578397799114,45.359956212064,1407167573000
392775896131632,Lanaudiere,-73.482415092101,45.970306742272,1654013303684
818647760210161,Laurentides,-74.275919444442,45.741664458407,1729164883533
305044271207640,Monteregie,-73.407847127175,45.485285425792,1516280051000
582489473178456,Lanaudiere,-73.482925236805,45.970423833062,1654003811574
486316832637840,Monteregie,-73.409396983333,45.484616,1512899514000
949289762981399,Capitale-Nationale,-71.8017381,46.6768347,1684846710000
133369779095119,Outaouais,-74.886733802834,45.664158662132,1655852994502
478694383354951,Monteregie,-73.409396983334,45.484616,1512899514000
628023759237293,Capitale-Nationale,-71.8022747,46.6770831,1684846708000
24618667324395184,Chaudiere-Appalaches,-71.139942977439,46.076805729589,1750697244529
791366209003662,Capitale-Nationale,-71.801545,46.902955,1685201358000
265466469201538,Capitale-Nationale,-71.7809764,46.6704697,1684846823000
132654792178800,Outaouais,-74.875344798352,45.660834599694,1447930474230
1076400940430828,Capitale-Nationale,-71.796396440612,46.674413295347,1684846739000
262214238940549,Outaouais,-74.878432261785,45.661849205021,1448033813636
521220279043574,Outaouais,-74.876706595713,45.661284197912,1447930470040
4263834333724413,Capitale-Nationale,-71.797233333333,46.674794444444,1597330649000
276829441447835,Capitale-Nationale,-71.8020947,46.6769997,1684846709000
168384575171413,Outaouais,-74.880877,45.662556,1447930457661
1174409013008873,Centre-du-Quebec,-72.456133493694,45.936511489692,1572608579023
1957669075061157,Gaspesie-Iles-de-la-Madeleine,-65.956073594924,48.513091785429,1751298590000
1009037572836185,Centre-du-Quebec,-72.457066759354,45.935740208352,1572608575023
362334945217713,Outaouais,-74.875814061421,45.660981022174,1448033807531
3556373577967818,Mauricie,-72.906890984688,46.927936570754,1694809767000
1329677881822860,Bas-Saint-Laurent,-66.8040295,48.762946,1756041887000
1187903548289845,Centre-du-Quebec,-72.455665899162,45.936850003321,1406536343000
260480966360937,Mauricie,-72.908361267389,46.927515089933,1683384532000
164368772260149,Mauricie,-72.539897262947,46.404005338447,1448021328386
3282657888580251,Bas-Saint-Laurent,-66.8156197,48.7646274,1756042243000
1150615195427830,Mauricie,-72.538762519253,46.397806271014,1597424552000
2236416566845455,Monteregie,-73.566508878878,45.242073729986,1762446753000
213166291299297,Mauricie,-72.539619528609,46.402357664066,1679482308000
640442794614167,Capitale-Nationale,-71.195680717552,47.415297012226,1685544426000
1661465517994810,Mauricie,-72.539857378245,46.404235879146,1711818504000
1143013302862685,Outaouais,-76.302900033345,45.597799849298,1508867016000
276280525437406,Centre-du-Quebec,-72.471508290711,45.884646440509,1703354282000
602627278387841,Mauricie,-72.543611451855,46.419652464728,1679482240000
5497242607042588,Capitale-Nationale,-71.195211160097,47.415261991972,1682682043000
470271828632545,Capitale-Nationale,-72.1444164,46.6417014,1685197158000
244082968308796,Capitale-Nationale,-72.142024850153,46.64631332373,1685198533000
1358994211351163,Chaudiere-Appalaches,-71.135841,46.316027,1683456687000
6374124955960149,Capitale-Nationale,-72.141662651313,46.649413887714,1685198556000
126806209988495,Monteregie,-73.385720039367,45.479654806102,1653334312620
841552160043844,Outaouais,-76.461712349247,45.600778108192,1539001568000
597181485936885,Lanaudiere,-73.870063,46.690387,1692102831000
475576040362422,Centre-du-Quebec,-72.153122224886,46.158431700809,1407159134000
318924123128632,Estrie,-72.335529322886,45.127180385507,1587412891297
788405140196523,Chaudiere-Appalaches,-70.469813887386,46.692622175769,1724689257173
149731497609086,Monteregie,-73.375040905827,45.474729021463,1653334125567
965525712004520,Lanaudiere,-73.870131,46.694602,1728399303000
798156771092317,Monteregie,-73.38767667807,45.476144293402,1437055725751
919303483813016,Monteregie,-73.377931672185,45.464035652476,1772571573318
128771312974640,Laurentides,-74.155187983151,45.877186877427,1636567383800
1448533878877167,Laurentides,-74.159250721697,45.875380214362,1636489736790
299599095165804,Outaouais,-76.336145747896,46.370977130698,1596346337818
220985146169541,Monteregie,-73.307452854313,45.362339498361,1546616265488
1189701158130874,Outaouais,-76.334549188477,46.370620328161,1596346337090
2050963088406112,Outaouais,-76.333913701886,46.370410331089,1596656832592
338665670984775,Outaouais,-76.330559886956,46.359661711879,1596652137181
281095063703529,Centre-du-Quebec,-72.087082616348,46.198157227277,1572610001523
151347191043106,Chaudiere-Appalaches,-70.633635,46.7479481,1674231455000
1828363964243278,Monteregie,-74.152661411758,45.309567786111,1700340389029
2953488331536553,Outaouais,-76.331449985771,46.369421107941,1596346329064
718500286958756,Mauricie,-72.6759131,46.6646764,1695500365000
1388618375058819,Monteregie,-74.164522796726,45.300238588918,1700340591612
500107317781432,Outaouais,-76.331104010327,46.358640778805,1596669232520
544169187794421,Capitale-Nationale,-70.524953531,47.451416149089,1684488391000
637693255058267,Capitale-Nationale,-72.158433917242,46.971268684846,1685193661000
475759657031827,Outaouais,-76.332486589418,46.356542710876,1596669232315
316966070889916,Capitale-Nationale,-70.525414181959,47.452972597415,1692722706000
3407640986152466,Capitale-Nationale,-72.156646367892,46.967267517832,1682597214000
1152469612677264,Capitale-Nationale,-70.525201097622,47.436200019656,1722549554000
306513847754823,Outaouais,-76.335593493694,46.370878499968,1596346337513
1955064368001974,Centre-du-Quebec,-71.889218728728,46.354575579884,1572610851523
169454358652179,Capitale-Nationale,-70.526733333333,47.456088888889,1597312524000
201588808257028,Centre-du-Quebec,-71.889787344115,46.354170302029,1465818597000
501238744401417,Bas-Saint-Laurent,-69.065319801244,47.672668368601,1406549268000
255065840786849,Capitale-Nationale,-70.525642574904,47.433100905721,1692885959000
2089663774530202,Outaouais,-76.620955640618,47.141834058696,1507650819729
2899629090265702,Bas-Saint-Laurent,-69.053847861587,47.667157616377,1406549312000
642178737800654,Capitale-Nationale,-70.5253264,47.4518281,1685530342000
1545838759490833,Monteregie,-74.383817000694,45.289051114537,1699820787750
1907158289660586,Mauricie,-72.5651314,47.68416,1683380412000
710430437355740,Monteregie,-74.407380968223,45.287949165299,1700159374000
1434043367357922,Mauricie,-72.560838480265,47.684730373596,1687696170000
384585000764165,Lanaudiere,-73.686000144998,45.73819315901,1703014036697
4234891983461399,Bas-Saint-Laurent,-67.509505818612,48.37818280429,1751113409000
754413637170182,Bas-Saint-Laurent,-66.092728987828,48.65880200175,1751305386000
3575098039398539,Monteregie,-74.383696580472,45.288953459704,1666795224666
171080912686749,Monteregie,-74.398314352168,45.290962196181,1692014972216
255914780339945,Capitale-Nationale,-71.206352729836,47.710593628557,1683370705000
1092244322690870,Monteregie,-74.229934643109,45.282762343547,1732726757500
220652431045473,Monteregie,-74.229885116011,45.282702025615,1699815591000
280966078268463,Monteregie,-74.229867346456,45.282680337118,1666629769666
849787297655796,Estrie,-71.886669438207,45.394977501821,1764860110580
238284188088836,Outaouais,-75.892058337143,46.469980549306,1530355716000
1617722992737527,Monteregie,-74.230008088877,45.282856271868,1764013201500
153703763316475,Outaouais,-75.894791712692,46.467179119243,1569079113000
1058692415567541,Mauricie,-72.433037241945,46.72298782936,1695503343000
1109204746249013,Capitale-Nationale,-72.06850039744,46.679290494966,1416040231000
489761202367206,Outaouais,-75.946453207575,45.881048840128,1596668186597
940704786666108,Outaouais,-75.892302774699,46.469736102949,1489335951000
675435684088129,Mauricie,-72.440480185674,46.73747378852,1692558317000
1350259658874227,Mauricie,-72.437135662237,46.729502255241,1682600538000
226944913181862,Mauricie,-72.8264881,46.7581528,1677334798000
897976065339843,Monteregie,-73.947230915033,45.379956075642,1704229606000
150470200384209,Outaouais,-75.946678907294,45.880436793763,1596668186139
1076234110086279,Monteregie,-73.930630139476,45.378037052113,1704229730000
210440450926803,Outaouais,-75.9438318756,45.888007913183,1596668188237
1321787295044453,Mauricie,-72.8267725,46.7504117,1677328603000
811692946143610,Outaouais,-75.943086385824,45.888521212076,1596668188243
3117017248595820,Mauricie,-72.8259769,46.7509578,1677327081000
931618140969484,Outaouais,-75.947557400351,45.883190346742,1596668187158
145936051463028,Mauricie,-72.8317694,46.7506367,1677331445000
1432511340434804,Outaouais,-75.945357108203,45.872093030965,1596668184084
372004499282392,Capitale-Nationale,-71.735637,47.34692,1722195238000
309301160753148,Outaouais,-75.946238396306,45.887230300111,1596668188281
3015853528660932,Outaouais,-75.945129686329,45.871313954478,1596668183814
181894543716950,Centre-du-Quebec,-72.683392744813,45.771806531038,1572607666023
1101144318293389,Bas-Saint-Laurent,-67.4483017,48.2623662,1757260676000
1967874460437894,Bas-Saint-Laurent,-67.4310588,48.2750349,1757261382000
333139901546695,Outaouais,-77.431124397299,46.855179104659,1596667899879
372883347453031,Outaouais,-77.434827495168,46.844062207129,1596667895860
195754923287647,Mauricie,-72.746970000589,47.468040793574,1683381706000
288973036273567,Outaouais,-76.853479163368,46.148997670221,1602955051523
143578837756222,Outaouais,-77.435542702419,46.843710698398,1596667895694
465911902752464,Abitibi-Temiscamingue,-78.640823,47.5563434,1627086662232
636338468407700,Mauricie,-72.746603667339,47.46890785282,1687697282000
372257054196416,Outaouais,-76.853448288356,46.148696083365,1603024605522
136927251810310,Outaouais,-77.437258700507,46.840481805212,1596667895467
2967674770226785,Outaouais,-76.853876879121,46.164606106106,1603024404023
4106433759410866,Outaouais,-77.436877300643,46.838930101231,1596667895645
1466266870395099,Outaouais,-76.853573114819,46.16495440147,1602955221023
1829458683924533,Centre-du-Quebec,-72.173581274078,45.990130939486,1655492648228
2929698370630449,Outaouais,-77.43818420891,46.837178898293,1596667891548
665712245761022,Bas-Saint-Laurent,-66.764625,48.881292,1719673769000
787011646442088,Mauricie,-72.440527480327,47.890499477631,1694801733000
1331469433936772,Outaouais,-77.436079498202,46.843226402366,1596667895707
1719630948467483,Mauricie,-72.43950836563,47.89297435939,1687694764000
2757557964385970,Capitale-Nationale,-71.06943,47.34086,1662461714000
403152277320990,Outaouais,-77.433222399515,46.846265896366,1596667895640
1283251842590392,Mauricie,-72.4330214,47.9035464,1683379481000
911308999717229,Outaouais,-77.430473199616,46.85275018271,1596667895649
1324204521493722,Chaudiere-Appalaches,-71.064006040236,46.230475026049,1683457640000
943833933049696,Outaouais,-77.436803005798,46.83825352102,1596667895737
298115911799274,Outaouais,-77.436834199078,46.841989690567,1596667895756
1301771650219383,Outaouais,-77.437247394921,46.83968108232,1596667895737
1879411625560837,Outaouais,-77.431031598974,46.854359596315,1596667895518
1161084235128618,Capitale-Nationale,-71.778502654438,47.339427445942,1722195708000
750708495611859,Outaouais,-77.430810002375,46.850070393507,1596667899273
301485734781232,Outaouais,-77.432676504985,46.846897993387,1596667895863
2867637360075477,Monteregie,-73.256129082798,45.305826342696,1733318524000
1424283547931492,Outaouais,-77.436499101766,46.842638994592,1596667895293
1367257477222529,Monteregie,,,1713804154528
1951529808586757,Monteregie,-73.241238909672,45.304702797528,1715620737000
1787741758071691,Outaouais,-77.430122404251,46.852095403664,1596667899472
2572677543037175,Monteregie,-73.242022225387,45.325909800774,1558367430000
469867937639187,Centre-du-Quebec,-72.174402401806,46.144064370278,1572609672523
315577549931954,Outaouais,-77.439367513928,46.836879097678,1596667891492
1883398275948025,Monteregie,-73.241981553222,45.325727715091,1762077658516
616761483950803,Chaudiere-Appalaches,-71.289823804754,46.097760864236,1694779146000
524097418972905,Centre-du-Quebec,-72.179545536131,46.141003881899,1407159224000
506405173874054,Outaouais,-77.430961598701,46.849262403357,1596667899753
139582398189509,Outaouais,-77.431151097928,46.857356503156,1596667899272
1687461515236651,Gaspesie-Iles-de-la-Madeleine,-65.924054814054,48.457317399891,1751294789000
828377065198093,Capitale-Nationale,-70.6721629,47.919313999972,1661702310277
766852497922632,Capitale-Nationale,-70.281161499972,47.9591628,1662555052000
1164352354061923,Monteregie,-73.452055925171,45.008042962128,1531329084772
744230093319322,Capitale-Nationale,-70.6787786,47.920035499972,1661702692226
1702614827205502,Mauricie,-73.313941,46.669629,1728412302000
1414098792329192,Capitale-Nationale,-70.6894987,47.9222795,1661702963481
780030076554405,Capitale-Nationale,-70.6746538,47.936500399972,1661700385206
1478579889221481,Capitale-Nationale,-70.677274299972,47.928021,1661700703754
192081983770553,Capitale-Nationale,-72.202075795967,46.961344729776,1682597824000
1804722013471077,Bas-Saint-Laurent,-68.069278473386,48.659290120108,1759914557488
1263073521185483,Capitale-Nationale,-70.6766654,47.9257239,1661700765521
2219313618407483,Chaudiere-Appalaches,-70.1415799,46.6789153,1719609693886
447266158198052,Chaudiere-Appalaches,-70.1415789,46.6789173,1719609704875
805477911210761,Chaudiere-Appalaches,-70.511311993386,46.998946913134,1688639589000
1126242062195519,Lanaudiere,-73.486959972792,46.602449745142,1757344535356
3635836723301661,Chaudiere-Appalaches,-70.1423955,46.6784252,1719609801739
459661693145599,Lanaudiere,-73.490940333333,46.592671666667,1728406144000
918551119987236,Monteregie,-74.110248331913,45.447379323204,1666729864333
960017271422950,Outaouais,-76.322410418859,46.200299985585,1596655957154
919386272241969,Centre-du-Quebec,-71.826732336035,46.399037839008,1572611087398
910074356768628,Laurentides,-75.089901,46.178193,1684681063000
661524452837927,Monteregie,-74.110324925508,45.447342067426,1666730035000
176657487699312,Outaouais,-76.318048375972,46.210687081816,1596655960500
312569827099460,Monteregie,-73.696495779969,45.266696737706,1536185801504
300482121787379,Outaouais,-76.31846811063,46.208264283642,1596655959829
572362380394367,Outaouais,-76.31779420478,46.222045962081,1596655963408
2852406858347468,Outaouais,-76.320084690625,46.205056226299,1596655959450
387593283928481,Lanaudiere,-73.717699743459,45.759264893565,1703014733223
1342928129434662,Centre-du-Quebec,-72.638749083213,45.806495246111,1572607848022
2094641307555170,Lanaudiere,-73.713285741458,45.756353192175,1703014455065
1614067775669249,Saguenay-Lac-Saint-Jean,-71.978369295738,48.417455561704,1694796594000
1120957006087684,Monteregie,-73.469982952637,45.456430408497,1736517965753
1058509495488797,Monteregie,-73.470046045001,45.456164807496,1729368115659
9210050522357622,Centre-du-Quebec,-71.7722551,46.2259486,1727610291528
123979446372178,Outaouais,-75.927020081259,45.567342435802,1518430077000
1412904000220270,Monteregie,-73.478225399722,45.4509989,1727182536180
151884063571855,Outaouais,-75.927315885294,45.567262799304,1517837856000
138659651618262,Outaouais,-75.927703632639,45.567298621289,1602427333000
136121665178269,Outaouais,-75.926922809061,45.567339811445,1604516804165
281009563686811,Outaouais,-75.927315751604,45.567323936856,1517834005000
323618540121462,Capitale-Nationale,-71.239857599829,47.634043457366,1692635961000
1066236494215267,Mauricie,-72.3618881,46.6039981,1682602056000
302552861245294,Outaouais,-75.927322721821,45.567288330729,1497182412000
1164834784920024,Mauricie,-72.360437154163,46.602939984663,1695504016000
257816997091450,Mauricie,-72.360734319997,46.603173403045,1692559093000
303850769216922,Monteregie,-74.455708150267,45.310908135643,1666797434666
1301813840494119,Monteregie,-74.463897045951,45.30763722584,1666797195333
1050765142603766,Monteregie,-74.453925712071,45.302714246564,1699823548500
1974395442910923,Outaouais,-75.181688808894,45.690501023024,1684573835000
809367973948669,Chaudiere-Appalaches,-71.19953037648,46.746439400576,1685453277000
999197271408464,Chaudiere-Appalaches,-71.199684402321,46.746497161645,1696442450000
721427779612794,Chaudiere-Appalaches,-71.199687652349,46.746432063176,1674296041000
321036723830993,Capitale-Nationale,-70.909480246666,47.030609612912,1692909009000
679465610874328,Capitale-Nationale,-70.905687565231,47.031393350336,1692720322000
1300055223932109,Chaudiere-Appalaches,-71.199858954332,46.746132597158,1685448009000
649755023792068,Chaudiere-Appalaches,-70.325450519886,46.754716241877,1690631917000
1730297227388789,Capitale-Nationale,-70.896972364977,47.03809509658,1684486137000
1795761244129448,Chaudiere-Appalaches,-71.1993693124,46.746265223942,1674293894000
1477915816310858,Chaudiere-Appalaches,-70.325423349089,46.754738823119,1688652574000
305411517704888,Outaouais,-75.149434939491,45.570079051523,1601728695023
456309252292130,Outaouais,-75.149917814447,45.570044981358,1406113251000
496058885085203,Outaouais,-75.933521535728,45.768675185959,1536579381000
763422807868669,Outaouais,-75.933459527886,45.768628246044,1536579387000
4285142015144183,Chaudiere-Appalaches,-70.571942259994,46.571116844769,1724686778609
894328381127959,Outaouais,-75.93899441512,45.769063880805,1489341991000
116863424422130,Outaouais,-75.918398038843,45.776494876153,1658012429000
2229877777804964,Estrie,-72.499140335992,45.392952997734,1762262553104
3933022176776338,Monteregie,-73.465568313823,45.535223501819,1551040588915
1818435401650415,Outaouais,-75.935514239702,45.768237547013,1530371610000
518409002528781,Monteregie,-73.463581293513,45.519373028462,1551039847457
1423991764643367,Capitale-Nationale,-71.691755555556,46.6761,1597329101000
7006115089400629,Saguenay-Lac-Saint-Jean,-71.099549130301,48.368314666208,1685538711000
822415006024770,Capitale-Nationale,-71.713388363531,46.679921129461,1696360680000
1814085845735350,Chaudiere-Appalaches,-70.361746673332,46.400578159131,1693498132000
782482163653314,Lanaudiere,-73.809455,46.903823,1692114145000
205207815728495,Capitale-Nationale,-71.7138697,46.6799431,1684847194000
842845076332144,Outaouais,-76.871948006693,46.566771711102,1596390809603
922752125173694,Outaouais,-76.870562891566,46.5650250908,1596390804425
1279668682930835,Mauricie,-72.389945529005,46.625094510008,1682601665000
257432000293208,Saguenay-Lac-Saint-Jean,-70.870444104536,48.124391151521,1685536597000
1697173930709700,Mauricie,-72.905342859491,46.961464873099,1695493265000
130897802906663,Monteregie,-73.270809051952,45.547776423854,1654789837323
1993460390809971,Centre-du-Quebec,-71.911159769876,46.338929124754,1572610768523
775243983356479,Bas-Saint-Laurent,-69.22739198,47.68352391,1406548826000
2093852221112093,Lanaudiere,-74.020206401886,46.638525127545,1749996809071
513783793326614,Laurentides,-75.022483296711,46.394072193775,1530387608000
197567336553124,Saguenay-Lac-Saint-Jean,-70.2786397,48.401125,1684497077000
789309976984936,Bas-Saint-Laurent,-67.3501787,48.2456338,1757264631000
2920659644816721,Laurentides,-75.01664688442,46.393481368712,1569001264000
213179870243210,Monteregie,-73.372345625002,45.536742513774,1406533364000
2942749216002744,Laurentides,-75.016774973884,46.393477779092,1530436686000
584914496305412,Outaouais,-75.8774736,47.494104299972,1659625344000
1301676810369808,Outaouais,-76.365539799973,45.932325700057,1662221785000
497890916242345,Gaspesie-Iles-de-la-Madeleine,-65.47994,49.009338,1719840306000
420384714203895,Abitibi-Temiscamingue,-78.649719,48.169079,1626981951763
620310609991531,Saguenay-Lac-Saint-Jean,-71.614442131758,48.164620398619,1683372997000
1525061981771728,Gaspesie-Iles-de-la-Madeleine,-65.471133,49.022513,1719840563000
566740252666019,Laurentides,-74.326290525213,45.863787204002,1729187739950
1063619445359866,Monteregie,-74.316497162998,45.310039134509,1728144638116
949610440065434,Estrie,-71.150512341526,45.456222686358,1708278897160
1616049482538705,Estrie,-71.152140383217,45.455438432187,1708278014600
1124875739048539,Monteregie,-74.289474130453,45.425406011727,1736515418316
296090898772386,Centre-du-Quebec,-72.019087595309,46.267546206668,1407158582000
508671916939064,Centre-du-Quebec,-72.030694589221,46.259994318306,1572610312522
512777056568617,Centre-du-Quebec,-72.013013445446,46.270726500293,1572610379523
1346633499360925,Capitale-Nationale,-71.896139883196,47.07274528337,1709484174800
1004323044174205,Gaspesie-Iles-de-la-Madeleine,-65.431512435354,48.976926894502,1719751725000
848373797220021,Gaspesie-Iles-de-la-Madeleine,-65.442048,48.972247,1719755015000
316232443355210,Outaouais,-76.337078211019,46.312692205643,1596669223137
441240898410914,Capitale-Nationale,-71.8930556,47.0743333,1709484228000
3739550866362470,Gaspesie-Iles-de-la-Madeleine,-65.442041,48.972265,1719752257000
278439887323720,Outaouais,-75.914680911212,45.439846807111,1561660405500
1519269662321255,Abitibi-Temiscamingue,-78.5784122,47.9629615,1626995999481
2816913018574048,Outaouais,-75.913698983214,45.439167867681,1561314692000
2978502959051899,Outaouais,-76.340345829712,46.314709027054,1596669223072
172071818061684,Outaouais,-75.918082922381,45.446162275107,1572271451000
414543923311773,Outaouais,-77.326552699972,46.171207099972,1627560346000
531672167991875,Outaouais,-76.337438539523,46.313559418884,1596652123733
252996074114415,Chaudiere-Appalaches,-70.858136843613,46.832894124103,1688660055000
296638202097211,Outaouais,-75.913563334835,45.439195480586,1590246433023
917555719083935,Outaouais,-76.338800800326,46.30006819867,1596669220410
825946998897855,Capitale-Nationale,-71.5871264,46.8244031,1683975457000
292302269224305,Outaouais,-75.914655554896,45.439888568379,1561302119000
925982674834406,Outaouais,-76.339148813419,46.298416559127,1596652121717
184832757973508,Lanaudiere,-74.115578139534,46.837037383903,1692027008000
306553281121642,Outaouais,-75.919954353145,45.446010741451,1503849335176
2770561659757444,Monteregie,-74.407174301729,45.306065911839,1666796337666
395935244794505,Outaouais,-76.337297913702,46.313268604565,1596669223242
1123507184817410,Outaouais,-75.918153327337,45.442462988052,1556467928000
835685827302601,Monteregie,-74.110686671303,45.33107229642,1584025535777
2954610704823880,Lanaudiere,-73.739413091938,45.925200211228,1546114473772
1200579627042730,Outaouais,-76.338893700119,46.31399289941,1596669222963
809820172978322,Outaouais,-75.918185113243,45.442527521793,1557070113000
1114112663215034,Monteregie,-74.113972696338,45.329853048734,1714154325178
808323049778605,Lanaudiere,-73.739488967216,45.925174509238,1546117120982
148794477222748,Outaouais,-76.338542272655,46.304589205093,1596669220173
172981291373327,Outaouais,-75.914638699278,45.4398925501,1429976738384
848591219881716,Saguenay-Lac-Saint-Jean,-72.263360778948,48.061380272108,1694800867000
487727279320207,Outaouais,-75.914619113243,45.439900026568,1560085273000
467512914580796,Outaouais,-76.338367918586,46.300584769891,1596669220178
220602570915693,Saguenay-Lac-Saint-Jean,-72.26001683271,48.062995523993,1687693929000
1606469877467442,Estrie,-71.96053731571,45.393116742196,1764238651842
776804623197118,Outaouais,-76.336970895555,46.312430184931,1596652123548
586299015679420,Chaudiere-Appalaches,-71.394562103285,46.659686364931,1406540065000
1369555417110490,Saguenay-Lac-Saint-Jean,-72.264072918382,48.061238058615,1683378368000
311647003922271,Laurentides,-75.333983348274,46.91216386609,1489329904000
506381773837823,Chaudiere-Appalaches,-71.380602323485,46.66461883695,1406540097000
490909122113399,Outaouais,-76.336614088938,46.311433566532,1596652123552
153085696710053,Outaouais,-76.656954606876,45.629653118934,1602947243023
930438437689805,Outaouais,-76.339082167181,46.314015301347,1596652123721
458620768771363,Outaouais,-76.65680482204,45.629911838469,1603037042522
507198143798526,Outaouais,-76.656466068012,45.614192653947,1603037146023
508037913900521,Outaouais,-76.33645321698,46.310377672406,1596652123584
914331289347223,Laurentides,-75.296788874354,46.928897207952,1489330386000
842451096689366,Outaouais,-76.338891586928,46.299638414829,1596652122183
745453196102854,Outaouais,-76.336635399555,46.30921829646,1596669222102
1592634691214787,Outaouais,-75.519767,45.952384,1684580335000
643948001039221,Mauricie,-72.614701904297,46.682288211835,1692556235000
810584987382036,Mauricie,-72.6151881,46.6816914,1692555478000
3528899300691560,Mauricie,-72.621945472449,46.669598864221,1695491024000
123715390427399,Capitale-Nationale,-70.554028693011,47.81671987343,1661447061466
1118462263517109,Capitale-Nationale,-70.354977390016,47.42502619008,1755094838648
743777990838540,Gaspesie-Iles-de-la-Madeleine,-65.66199,48.339438,1691155543000
1069669565321845,Capitale-Nationale,-70.355039765534,47.425014690709,1755038754473
1022675043314832,Gaspesie-Iles-de-la-Madeleine,-65.666256885592,48.331719311352,1751205585000
1331949040859450,Monteregie,-74.193393758134,45.359786819471,1700339979693
1130439832260892,Capitale-Nationale,-70.355510559168,47.425017068449,1755045580324
157187877418136,Capitale-Nationale,-70.3553314,47.4250431,1692892763000
1110901910372622,Chaudiere-Appalaches,-70.628378622725,46.788646463321,1724690748977
4003756856350157,Outaouais,-76.029251287156,45.991184689131,1596703658700
146141088492322,Capitale-Nationale,-70.355013839222,47.425079936022,1692892292000
1128555215798842,Chaudiere-Appalaches,-70.628970199368,46.788424217466,1724690743671
1066463884480771,Capitale-Nationale,-70.356754047576,47.424140364029,1696693865750
1433015811107408,Capitale-Nationale,-70.354971400025,47.425071431582,1755090549993
940725210095631,Centre-du-Quebec,-72.604481772937,45.834655763745,1572607991522
480287026424889,Centre-du-Quebec,-72.583863449485,45.851142729367,1572608076523
630926155565484,Saguenay-Lac-Saint-Jean,-70.315706106589,48.227635058578,1684508075000
918279092328178,Outaouais,-76.915132910512,46.643013357095,1596668848708
1415045555531556,Outaouais,-76.91952570008,46.648214006838,1596668849707
263061292229814,Monteregie,-73.691955755488,45.276605052843,1536175853709
918815508940297,Outaouais,-76.918920508779,46.647119415852,1596668849666
788048696776572,Gaspesie-Iles-de-la-Madeleine,-65.089165,49.030429,1719843866000
1420256251709657,Outaouais,-76.915927411649,46.644139794457,1596668848659
1164062504061495,Monteregie,-74.260650149322,45.248600168965,1583783094702
180369280663845,Outaouais,-76.916256802437,46.639362295498,1596668847598
222780852616563,Monteregie,-74.273436217938,45.242379532515,1583783060596
483705422710715,Outaouais,-76.918529499931,46.646519299808,1596668848490
236358294939646,Capitale-Nationale,-71.86743456671,46.86065440323,1416042487000
489541434079373,Mauricie,-73.376436,46.737136,1728414272000
3015941691973896,Outaouais,-76.914148169883,46.634481371544,1596668847438
751951592137002,Outaouais,-76.915968497722,46.637479499376,1596668847432
513992346426172,Outaouais,-76.916672718673,46.644566904643,1596668848543
1328344705456231,Chaudiere-Appalaches,-71.186065334583,46.806336860622,1759162986791
1380802749280591,Bas-Saint-Laurent,-66.988953,48.805765,1719670848000
193821309253746,Outaouais,-76.050383303404,46.098994426867,1503760963000
1689467307904265,Outaouais,-76.915430533536,46.636247231334,1596668847638
1316403943829761,Chaudiere-Appalaches,-71.18631175378,46.806322775306,1759162946083
465792337835298,Outaouais,-76.050319360486,46.09915616102,1530359824000
195721106734988,Saguenay-Lac-Saint-Jean,-70.625773293712,48.273379458696,1684506995000
292491132553965,Outaouais,-76.915107002533,46.635621309455,1596668847492
729996500087122,Chaudiere-Appalaches,-71.186383110921,46.806357428526,1759162794583
290213792766783,Outaouais,-76.050374997717,46.098997236322,1530283581000
332878992523302,Mauricie,-72.606891806553,47.625956684087,1694802891000
1369830050056850,Outaouais,-76.915331502842,46.641762715181,1596668848661
1105800741716283,Chaudiere-Appalaches,-71.186466055977,46.805421053797,1759162397500
194089930183391,Mauricie,-72.609666994263,47.63780320836,1683380877000
493950668507330,Outaouais,-76.050451502075,46.099163153123,1569142033000
1676107762829832,Chaudiere-Appalaches,-71.180169167247,46.804498760641,1685452448000
162389689161579,Outaouais,-76.030103910291,46.084759393349,1569143162000
308893918358029,Capitale-Nationale,-70.204329524792,47.596300192118,1692899417000
7147359112044636,Laurentides,-74.184597340464,46.081411092567,1709312860116
157458217334012,Lanaudiere,-73.705573,46.684736,1692106587000
1057526282832863,Lanaudiere,-73.705315,46.681935,1728395426000
1416109286284752,Chaudiere-Appalaches,-70.559440071206,46.58032365699,1724686379750
2094336957439962,Lanaudiere,-73.704686,46.691751,1692106677000
1286356836499458,Chaudiere-Appalaches,-70.55974435232,46.580058304857,1724686764385
253917894051909,Chaudiere-Appalaches,-70.819981364414,46.892473762385,1688637746000
1189969714798603,Estrie,-71.547514199512,45.001560599535,1531064786692
1415275505472011,Estrie,-71.547253122722,45.001424639419,1467548436532
1768850343294911,Estrie,-71.54774077973,45.001624179212,1405789373501
414480538418945,Capitale-Nationale,-71.083003826574,47.739240993856,1722180917000
2970623946550929,Estrie,-71.547382609506,45.001497927772,1531064785100
1657068201764386,Monteregie,-73.447313329632,45.599400114201,1712411294499
753680200746461,Outaouais,-75.804663538413,46.609746148927,1755272908000
150279803783906,Estrie,-71.547743412538,45.001668592629,1467548439507
954919235566178,Monteregie,-73.44458544664,45.585166256714,1693236850339
310343747256405,Estrie,-71.547555486694,45.001529966596,1531070159918
1318205050318152,Outaouais,-75.816151743632,46.612447576626,1755283394000
314683311089879,Monteregie,-73.444560578383,45.584991697359,1693236602201
885215055682359,Estrie,-71.547378462005,45.001447553975,1467387562501
676986524482220,Monteregie,-73.445816979888,45.600002808241,1693254589950
220508632860515,Outaouais,-76.749146371058,45.967883627049,1603026269523
128259129370147,Estrie,-71.547644897098,45.001616034304,1405781522027
138708174982840,Estrie,-71.547211593578,45.00136194882,1467387563536
1623073441415325,Outaouais,-76.748966954865,45.969150218249,1602952427023
231733833009387,Capitale-Nationale,-71.255807486378,47.161465225167,1687683744000
7616815458446431,Chaudiere-Appalaches,-70.152820918198,46.675506312924,1719610732677
1207284683041352,Estrie,-71.54737590264,45.001447800361,1531070161483
319875699551164,Monteregie,-74.370788135965,45.509564416222,1541881658931
1100021770480984,Laurentides,-74.546745759533,45.940311399668,1531829014700
775782361353078,Abitibi-Temiscamingue,-77.8721156,47.1982258,1627309285058
282245266914016,Monteregie,-74.370672495192,45.509536514661,1543077379970
1138791146640241,Laurentides,-74.546119227545,45.940256155455,1554575691524
174181161249279,Monteregie,-74.370766158188,45.509872095718,1407170358000
1164680004743104,Gaspesie-Iles-de-la-Madeleine,-65.694686,49.016635,1719691403000
1103490636845026,Laurentides,-74.546427623916,45.940270398412,1557920249957
1004585653685603,Laurentides,-74.546823255997,45.940345531108,1553813034333
928251178214793,Outaouais,-75.380654,45.962121,1684665075000
1557256464856790,Mauricie,-73.1834129,46.9298712,1628436000860
162653895866527,Laurentides,-74.546537159578,45.940282427512,1551103057024
956041682304027,Outaouais,-75.386969,45.961802,1684665115000
1215093235578231,Laurentides,-74.54685869208,45.940320769554,1545920858917
25660806566868244,Mauricie,-73.1897086,46.9200879,1628435356462
1159371242712051,Outaouais,-75.386657214437,45.961760563228,1755192182000
128672779234819,Laurentides,-74.546422333611,45.940306968066,1532798678010
312089916966235,Monteregie,-73.170377365513,45.583902282464,1407162898000
1367035783674829,Laurentides,-74.546122353603,45.940310048422,1548361513562
346567686803081,Outaouais,-75.477153297275,45.685479108574,1504972320084
1368008746908427,Laurentides,-74.546097624763,45.94025522921,1550591850247
1020544523408430,Gaspesie-Iles-de-la-Madeleine,-65.030043,49.196568,1719867183000
152075173554651,Laurentides,-74.546317366475,45.940268794785,1548944672286
496585582786694,Gaspesie-Iles-de-la-Madeleine,-65.036218,49.207806,1719867419000
166618712062122,Laurentides,-74.546611562985,45.940332844037,1548442106845
1568847099971866,Outaouais,-77.142852750937,45.929795501289,1602441732023
512603406444033,Outaouais,-77.143193931132,45.929911690798,1602444389023
300193148328048,Outaouais,-77.140107940819,45.928738085998,1602444400023
1604154210012266,Capitale-Nationale,-71.358752706384,46.773823726195,1681470972000
1716170635447971,Capitale-Nationale,-71.358451913002,46.774117011965,1682605380000
238583075818193,Estrie,-71.928176699998,45.3797044,1692132870657
9803036669769275,Capitale-Nationale,-70.459451590559,47.632015912729,1693936153000
593186428781155,Laurentides,-74.712792031885,46.225629790202,1655399211280
198474138759975,Capitale-Nationale,-71.359117535292,46.773768711528,1540816161585
723818162099218,Capitale-Nationale,-71.358613678281,46.773969852341,1654207797004
802162811062644,Capitale-Nationale,-71.358913423744,46.773715376103,1683976327000
943406026999321,Capitale-Nationale,-71.356337784411,46.775306904473,1684847860000
677729957105636,Lanaudiere,-73.750113,46.650395,1692105386000
146353521843851,Lanaudiere,-73.764598,46.653966,1692104609000
1087202198864139,Monteregie,-74.344729798624,45.272580228536,1666794496666
928688371017792,Capitale-Nationale,-71.359049414738,46.773823763472,1597320929000
1462203347553223,Capitale-Nationale,-71.356189893385,46.775197691102,1654172589249
1995236870836349,Monteregie,-74.344693644542,45.272758481025,1699819316500
1427376175184056,Chaudiere-Appalaches,-70.469353609515,46.55031261986,1725477377215
2005969206606246,Chaudiere-Appalaches,-70.460615776294,46.562254287441,1725478352833
1610006919528808,Monteregie,-74.327579914193,45.278379108945,1700157534500
1301219268072956,Chaudiere-Appalaches,-70.460831979067,46.562296799154,1725477947109
324884530287029,Monteregie,-74.345446756863,45.273317315323,1666794656666
2158120778021013,Chaudiere-Appalaches,-70.460962264867,46.562532481995,1725478004832
1663827887658858,Lanaudiere,-74.310022076489,46.242832022199,1752247385000
1911350909654298,Chaudiere-Appalaches,-70.475392245626,46.571400706822,1725478785528
683372270620625,Bas-Saint-Laurent,-66.892196,48.809065,1719671481000
1447471999717725,Lanaudiere,-74.300497386336,46.239656416706,1752247855000
170923172667634,Chaudiere-Appalaches,-70.475595896206,46.571458823466,1690644103000
264392676110346,Capitale-Nationale,-71.237741034578,47.64777086242,1685543071000
1123409318125628,Bas-Saint-Laurent,-69.420934814644,47.758150823847,1406548244000
363245521781093,Bas-Saint-Laurent,-69.439909488134,47.765646159339,1406548106000
1170083646987622,Saguenay-Lac-Saint-Jean,-70.461991286485,48.260883107201,1684507571000
716801330335676,Monteregie,-74.385567768734,45.244124871507,1666811248666
241700411637699,Lanaudiere,-73.269064338619,45.988229394502,1679485150000
315187777948864,Monteregie,-74.405309227512,45.265089205449,1666811499000
336968142702425,Lanaudiere,-73.269341460717,45.987799070829,1711821231000
1226328082564926,Estrie,-71.946159663678,45.389415502293,1748375722643
703060382273924,Estrie,-71.945299635642,45.387858924304,1748376427476
1263126995454949,Gaspesie-Iles-de-la-Madeleine,-65.968819982649,48.742549000336,1751313798000
1267069591746164,Estrie,-71.945297137488,45.387899551433,1748376428260
1431304668046940,Estrie,-71.945982060664,45.389452347335,1748375721508
251104253469124,Outaouais,-76.014799542219,45.620420730337,1614269728024
719946769057410,Outaouais,-75.069791850737,45.767035287019,1655851771501
1100777747098336,Outaouais,-76.009868588943,45.609246551756,1611002725079
265360982696641,Capitale-Nationale,-71.038888917611,46.955680980256,1684481258000
305385167707983,Outaouais,-76.010029681228,45.609587603788,1611002753584
336100547858536,Outaouais,-75.912372952467,45.495691426934,1503864866211
2611564322482637,Capitale-Nationale,-71.044340402719,46.950957403746,1501874190776
938035180382669,Outaouais,-76.008194830977,45.624530615032,1518096953000
2938532803043527,Outaouais,-75.910566095,45.509717110278,1509194637000
204522429146283,Capitale-Nationale,-71.044224472217,46.951218325617,1684517720000
283082936850111,Outaouais,-76.020818650185,45.60464326746,1611065857054
462008241697446,Abitibi-Temiscamingue,-77.943822220259,48.881274999344,1531119766000
305131192197239,Capitale-Nationale,-71.041791478558,46.953399713226,1692719284000
3103763779844761,Outaouais,-75.910344444444,45.509919444444,1508680964000
804598413767883,Outaouais,-76.009905102578,45.609173205481,1602423466000
596933131471494,Capitale-Nationale,-71.044098621596,46.951274874706,1597317824000
204240271361987,Outaouais,-75.912809699296,45.495904400382,1561985833000
745873439436343,Abitibi-Temiscamingue,-77.942586114692,48.875605561513,1531119744000
636193921946531,Capitale-Nationale,-70.394189369842,47.36931397267,1692893676000
120455904494995,Capitale-Nationale,-70.398116654241,47.367926385346,1696703615500
975595964309178,Capitale-Nationale,-71.672406924685,47.434564904233,1722192704000
223121514063433,Capitale-Nationale,-70.394568484499,47.368490646121,1692891360000
503459675389363,Capitale-Nationale,-71.665719181456,47.440082223909,1722192616000
198161502132273,Outaouais,-76.096624034775,46.027638197763,1530362378000
1115648776660263,Monteregie,-73.373718397263,45.264016605209,1756910566795
1410521863373993,Chaudiere-Appalaches,-70.510174241135,46.844251554491,1724692059158
2603237146695567,Bas-Saint-Laurent,-67.740540009956,48.045352135936,1755377971000
818631158760040,Outaouais,-76.096605563376,46.02749639952,1530362383000
1810248732899515,Chaudiere-Appalaches,-70.510061344896,46.844293793681,1724692059959
1422858741440198,Outaouais,-76.096154929276,46.031842535794,1530362251000
845353676061701,Outaouais,-76.090772274123,46.021627785266,1503758953000
303240817959338,Outaouais,-76.098166685856,46.028874998094,1530280738000
687600386609416,Capitale-Nationale,-70.489527374881,47.609812192668,1693933161000
2939446086301234,Estrie,-72.390572815694,45.301479831464,1558120809000
465942534624270,Laurentides,-74.602544400655,45.896819403604,1530610077000
2807473889451734,Lanaudiere,-74.32342899863,46.244826001304,1752246825000
249341266976187,Outaouais,-75.898490875745,45.750053395427,1587035282000
1199602614060676,Mauricie,-72.443552672468,47.884183903263,1687694796000
192797616007826,Outaouais,-75.906151919195,45.756929165874,1495882542000
472643095405664,Capitale-Nationale,-71.330248285048,47.51867714481,1722189262000
504949841875781,Gaspesie-Iles-de-la-Madeleine,-65.190918,49.125138,1719842955000
7818673338254358,Gaspesie-Iles-de-la-Madeleine,-65.189419,49.148679,1719870357000
1527249331555840,Gaspesie-Iles-de-la-Madeleine,-65.193026,49.144326,1719870391000
1951652278321773,Laurentides,-74.232756404349,46.189083908108,1594753271441
804140683554637,Laurentides,-74.23278951423,46.189320496958,1594753373786
980077525864944,Laurentides,-74.232755605882,46.189085592437,1594753097861
306479898222529,Monteregie,-73.520286565752,45.360140041222,1654087805423
1688171611956358,Capitale-Nationale,-71.652671291042,47.471347872032,1722192173000
2071116546579752,Monteregie,-73.857447566908,45.01782784376,1656457395857
770910249092843,Monteregie,-73.300648771198,45.437811673945,1759257453000
171960504740971,Outaouais,-76.960209462125,46.255803378025,1602956304522
149442163754318,Outaouais,-76.960300396695,46.255776409444,1603023243023
1470171210937377,Monteregie,-73.300142347595,45.436172544792,1759351028000
185418277440115,Chaudiere-Appalaches,-71.227724706625,46.738349865031,1674216498000
4040790779362434,Outaouais,-76.973743047074,46.259291980775,1603023172022
1408510179556351,Mauricie,-72.815047534667,47.705074553671,1451682650282
2232068333873882,Monteregie,-73.300334614781,45.43563373075,1759257753000
312056753701051,Outaouais,-76.973574466444,46.259219009662,1602956373023
984460032766162,Gaspesie-Iles-de-la-Madeleine,-64.784480537591,48.359776802633,1691330728000
1119026542683916,Abitibi-Temiscamingue,-78.8665477,48.363949,1626890808877
852559170195102,Lanaudiere,-73.62342,46.765025,1728392745000
1345750802717625,Capitale-Nationale,-70.565571101498,47.303311862095,1692905414000
1767340717020340,Capitale-Nationale,-70.565392620377,47.303498086448,1692906360000
1702372593844819,Laurentides,-74.269075930837,45.868943624992,1729188313683
1602889776901479,Gaspesie-Iles-de-la-Madeleine,-65.209231,48.39555,1691320815000
1195224869012574,Outaouais,-74.946577075146,45.806279164898,1746122026300
1437280927932228,Monteregie,-73.210279229879,45.283829982926,1762077998000
273612884486615,Outaouais,-75.422778517802,45.544805902947,1506858582000
1423454571385221,Outaouais,-75.422309444423,45.545016613386,1506858590000
515437067800852,Monteregie,-74.24607267419,45.467532898066,1725212914300
300180131611819,Outaouais,-75.418184881747,45.543027009591,1506858638000
372949247489020,Monteregie,-74.245336521405,45.467443518195,1544374956951
517388102767853,Outaouais,-75.41187799432,45.557288087024,1504971420723
391126359812445,Capitale-Nationale,-70.613244444444,47.77805,1657728739800
379944847643065,Capitale-Nationale,-70.621719444444,47.764702777778,1657723133889
183547320192626,Abitibi-Temiscamingue,-77.105212294629,47.480294517829,1531243801000
185804870529640,Capitale-Nationale,-70.612808333333,47.778641666667,1657728644233
1307939674270442,Chaudiere-Appalaches,-70.606393140482,46.802045082135,1724691051304
116491981165970,Capitale-Nationale,-70.61985,47.764238888889,1657722412207
1014201679114745,Abitibi-Temiscamingue,-77.11636982815,47.500977159224,1531243718000
1218001035720473,Capitale-Nationale,-70.624297222222,47.765591666667,1657723338420
1486335946117494,Chaudiere-Appalaches,-70.606641343024,46.802016595655,1724691049502
546716200541692,Capitale-Nationale,-70.610076699972,47.775090099972,1657726589400
756162082335194,Capitale-Nationale,-70.620413888889,47.763655555556,1657722262647
2305618089588697,Capitale-Nationale,-70.613777777778,47.768322222222,1657723726134
1220885012265107,Capitale-Nationale,-71.241863887964,47.531236462812,1722188442000
856086476678796,Lanaudiere,-73.53515,46.888025,1728323691000
2173019419534300,Capitale-Nationale,-71.240561111111,47.536247222222,1657461747251
1351403359771737,Monteregie,-73.575609495777,45.244871307347,1762446143000
475323210462648,Outaouais,-75.978012508636,45.842995443159,1569154444000
815329965763665,Outaouais,-75.977750551619,45.842946633269,1407569365000
278957127258502,Outaouais,-75.981588805606,45.845133320936,1508509689000
190466063949801,Outaouais,-75.380558,45.926699,1684579179000
324221469118149,Outaouais,-75.992347401807,45.856963808779,1508505416000
601269854600210,Outaouais,-75.977713888898,45.842969435915,1489341614000
822566070048776,Saguenay-Lac-Saint-Jean,-71.156869693681,48.112957703454,1722174838000
936466160783468,Chaudiere-Appalaches,-70.332004907346,46.786417005898,1690631542000
1812779635567158,Laurentides,-74.581455513459,46.213602835421,1499013850860
1344585499275598,Laurentides,-74.584413661642,46.212842336868,1566482726308
1126959184463260,Laurentides,-74.584486585676,46.212757383831,1566503094498
539649185023199,Mauricie,-72.473897261856,46.791306719357,1682600128000
1083730005452516,Laurentides,-74.265061106112,45.909860691595,1531841111958
283869706771695,Outaouais,-75.582065884572,45.509431307129,1486036492000
259422499248114,Laurentides,-74.584920997409,46.214305804881,1489676921504
2417321621992244,Capitale-Nationale,-71.80426868456,47.264105688759,1722196481000
135499741864722,Laurentides,-74.264904411304,45.909892176818,1548440761035
832489970997361,Laurentides,-74.582039871461,46.215252028014,1566504502012
192172449436454,Laurentides,-74.264646091325,45.909790226094,1553718208918
1254947398715163,Estrie,-72.167102366278,45.272551515322,1689165004000
924377958345100,Laurentides,-74.586700528991,46.210522553568,1566515641642
1360419547674899,Laurentides,-74.264927849638,45.909846586591,1528731277098
1088741845438853,Estrie,-72.166742811475,45.272794289035,1689167454000
501189037961710,Laurentides,-74.58469555785,46.212680686566,1566502608847
206113617841336,Laurentides,-74.264541821728,45.90975795972,1532614315030
1250913091972797,Laurentides,-74.583122615579,46.213462679915,1566482991703
1197925103998844,Laurentides,-74.265116244977,45.909917333333,1534886915281
105680078282450,Laurentides,-74.265220775256,45.909936413282,1545922152179
314710336922101,Laurentides,-74.582182808315,46.213831117661,1566506649108
140912607966752,Laurentides,-74.264869615821,45.90982806484,1551104419145
150663117073611,Laurentides,-74.264822126848,45.909800968035,1548945981759
482936881130343,Monteregie,-74.320326702334,45.430309914023,1736515949633
1090501692749223,Lanaudiere,-73.594743,46.823161,1728328059000
1125167955671608,Laurentides,-74.264770810514,45.909795485173,1729166037666
2079851869143901,Lanaudiere,-73.599618,46.808424,1728329423000
1021970745919692,Estrie,-72.151079566493,45.262987507322,1689163820000
1349332750108155,Estrie,-72.144904819947,45.264264981812,1761213984908
2072506716824419,Estrie,-72.143904700645,45.264349635788,1761213796259
1757681217775456,Outaouais,-75.726810067123,45.677083635427,1405944807000
2346218395522751,Outaouais,-75.724943660605,45.662455904319,1508596821000
1847414319433904,Outaouais,-75.719421730248,45.68574596535,1717522539500
128489959864827,Laurentides,-74.380310221507,46.102047741195,1655397661354
1003112720492393,Outaouais,-75.718865,45.685048333333,1625925256000
545220287686448,Estrie,-72.49202,45.23347,1682173148000
168075151824568,Laurentides,-74.385177255487,46.103006430066,1535459616675
177451015246133,Estrie,-72.48429,45.215,1681145171000
175029708430501,Capitale-Nationale,-70.477607140606,47.886371986247,1661526158571
487234089267500,Monteregie,-73.149734250118,45.408403106421,1543505900920
148953557209511,Outaouais,-77.352166122808,46.589731529197,1596655040773
897196861135281,Monteregie,-73.141703369437,45.410348197284,1543341056901
2483253518505931,Mauricie,-72.536521900202,46.569449173459,1683388126000
983870409351473,Mauricie,-72.529486478808,46.565194937775,1694812520000
263126462214477,Outaouais,-76.766298648658,45.979220744745,1602952552523
3020623358213804,Laurentides,-74.220235774453,45.863569062977,1636469106301
1295292631280454,Capitale-Nationale,-70.489024039528,47.788373099701,1661514169048
653158309290951,Capitale-Nationale,-70.48902629153,47.789784485682,1661514450110
228063602456423,Monteregie,-73.642501572097,45.401824033651,1531331730775
509041273453740,Monteregie,-73.852547777778,45.366042777778,1505430392249
1475437703079020,Monteregie,-73.643146083879,45.4164971144,1720888228394
1236001020324775,Mauricie,-72.74171871621,47.579175503581,1451683589691
1111144987113073,Monteregie,-73.637725442158,45.41799275327,1605019709987
1241955990387151,Monteregie,-73.644016542903,45.419964749629,1605017889921
862289574366828,Outaouais,-75.898599150778,45.420855391523,1503253479000
1017824918750773,Monteregie,-73.445227274607,45.455403966218,1544032408232
808278496487417,Outaouais,-75.887943329802,45.42087858271,1590246306023
1521658949078059,Monteregie,-73.445314301708,45.455249241659,1762076794233
2558508487788999,Outaouais,-75.888690464376,45.422422097605,1435937702072
804231010518968,Monteregie,-73.444958960743,45.467953374072,1536520112367
1091008548637146,Monteregie,-73.445210253765,45.455394525535,1713821562731
577692063177714,Outaouais,-75.887155060079,45.420184069329,1561660519000
817795348835177,Outaouais,-75.887999865146,45.420881334797,1556996524000
458083085485808,Outaouais,-76.026796196589,45.559805384857,1507918201747
263993882218397,Monteregie,-73.445417027741,45.455224774445,1562688331926
323682385783903,Outaouais,-76.028423815639,45.540693184748,1590247133523
1285194333123260,Gaspesie-Iles-de-la-Madeleine,-65.577129081591,48.286420041964,1751217318000
973038997232621,Chaudiere-Appalaches,-70.516627351782,46.718745725885,1688658514000
201139566270255,Gaspesie-Iles-de-la-Madeleine,-65.578212,48.29185,1691160167000
2262485343936713,Gaspesie-Iles-de-la-Madeleine,-65.576243,48.304203,1691159403000
312667225049634,Monteregie,-74.170244324881,45.295528644767,1700340655162
1026127868874556,Gaspesie-Iles-de-la-Madeleine,-64.911037,49.149704,1719866174000
200786441870722,Monteregie,-73.067853033996,45.386511602642,1543505667907
376603350394287,Monteregie,-73.060094749338,45.382517597961,1544031308881
1972136233205416,Bas-Saint-Laurent,-67.433204,48.686995,1719666383000
1122253654950491,Laurentides,-73.883551838664,45.830891266893,1546118148836
1326259345780817,Lanaudiere,-74.271550020038,46.238610028468,1752251509000
2435314496670244,Mauricie,-72.403043041009,46.458598429538,1711837336000
227362146595807,Saguenay-Lac-Saint-Jean,-71.399867599884,47.953825871235,1683371910000
1528027910724244,Laurentides,-74.461942028476,46.120875513679,1558038079085
1443451703434839,Monteregie,-73.298445415506,45.435500589057,1759354273000
216553463286271,Chaudiere-Appalaches,-70.930431464023,46.790522346113,1535119795629
1024011285292382,Saguenay-Lac-Saint-Jean,-71.399304804262,47.953234713207,1687687857000
2299727600469011,Monteregie,-73.289606944278,45.439459451388,1759354158000
2826234804296870,Chaudiere-Appalaches,-70.93073414835,46.790119900201,1535119092700
316282643346552,Outaouais,-75.659862066407,45.566641362411,1508593665000
213322557050411,Outaouais,-75.387611525572,45.605131811674,1537107225195
304331304525834,Outaouais,-75.431310054279,45.545787955597,1504975080000
461712764897403,Outaouais,-75.387061121354,45.60589450792,1489320944000
173994188062375,Monteregie,-73.295021856115,45.006575866853,1561736911600
1210148946107308,Outaouais,-75.43976042817,45.546447987765,1447928691611
1070505400775374,Mauricie,-72.8794981,47.1581347,1695494094000
198358975359844,Monteregie,-73.295063517916,45.006471873165,1433703705029
287227943110564,Monteregie,-73.295061380623,45.006347296706,1561736911000
4156153687943186,Capitale-Nationale,-71.609873945205,46.899929412181,1683289226000
1507623250675762,Capitale-Nationale,-70.279819568256,47.670181509631,1695322096791
296747725452419,Monteregie,-73.295098176171,45.006364542102,1561737046400
331244025043203,Monteregie,-73.295056293471,45.006290838497,1433703354020
318012149728975,Monteregie,-73.295103002695,45.006168992523,1501512807272
1419349925439495,Gaspesie-Iles-de-la-Madeleine,-65.24379,49.097632,1719842404000
1231865293895084,Monteregie,-73.295048302163,45.006436030644,1501512809712
1289668918659590,Gaspesie-Iles-de-la-Madeleine,-65.244564,49.094945,1719870908000
8436017939821407,Lanaudiere,-73.379884,46.619586,1728411000000
435269724595100,Outaouais,-76.501370528654,45.602530103177,1562431460000
2874036352852775,Monteregie,-73.205833579661,45.313962560799,1558366206000
942926090346494,Capitale-Nationale,-70.551502091308,47.608880534988,1685531289000
452200841036957,Gaspesie-Iles-de-la-Madeleine,-65.66192643175,49.032872722922,1719691609000
747918764522524,Chaudiere-Appalaches,-70.438125790114,46.826988345723,1725464073745
746411631342178,Chaudiere-Appalaches,-70.44996026471,46.819000421547,1725463884793
1264899510592404,Outaouais,-76.07950078836,45.547652022494,1590247300023
1294818674245051,Outaouais,-76.079321396919,45.547804578001,1556997455000
830548381148749,Outaouais,-76.079618313878,45.547840330183,1561302941000
716341057844020,Lanaudiere,-74.245595766099,46.344604534409,1752174609000
1294080591242289,Outaouais,-76.061031091651,45.545738457196,1696017381039
1075268090678299,Laurentides,-74.339812981906,45.886509252206,1729167526150
1054011672430283,Capitale-Nationale,-70.932620497027,47.0196122636,1693927600000
466209479385294,Bas-Saint-Laurent,-67.147262,48.795521,1719669679000
572364727066201,Outaouais,-76.420483213852,46.253818607474,1596653372423
298752481859674,Abitibi-Temiscamingue,-79.44641077696,47.586489540143,1531059063000
979249210239861,Capitale-Nationale,-70.931620986353,47.020950054495,1692910046000
1388719818154335,Laurentides,-74.339678861975,45.909870774113,1532632501005
188714866437539,Outaouais,-76.421961765127,46.253727401198,1596653371331
138926471558582,Laurentides,-74.339672262081,45.90985314257,1548360441700
343304717467719,Outaouais,-76.439134093989,46.253594301078,1596653370992
137561101750280,Monteregie,-73.696674135145,45.391804839146,1545926345188
2840693802927277,Outaouais,-76.44637676505,46.251477802039,1596653369575
200928225187069,Monteregie,-73.696759695222,45.391650289686,1545926346089
925795871539749,Outaouais,-75.522735403929,45.515886049168,1506857396000
307757470916347,Outaouais,-76.429002793497,46.254043200049,1596653374770
1203819916928013,Chaudiere-Appalaches,-70.745390788416,46.794364285579,1674231897000
307708717699717,Outaouais,-75.945085820615,45.986755575401,1569147138000
522979975381447,Outaouais,-75.533606433871,45.519827010685,1504971037722
376760640363446,Outaouais,-76.448151987576,46.25086810272,1596653369342
179088897334236,Monteregie,-73.537602777778,45.512891944444,1571421228024
821698668756119,Outaouais,-76.432477396107,46.25527749863,1596653381899
1019022550204269,Monteregie,-73.53556642613,45.520754607878,1716146413500
279131784557026,Laurentides,-75.081104,46.091122,1684679911000
1392024047834050,Outaouais,-76.437122758671,46.255926697784,1596653384790
1220537762512880,Monteregie,-73.535011449834,45.52056963113,1716567474000
2488049691327656,Outaouais,-76.430861107136,46.254689800113,1596653379323
280532331786684,Monteregie,-73.535549375304,45.520780486497,1713804031948
511526910208222,Outaouais,-76.43769867819,46.255656799444,1596653383316
1028472092513367,Monteregie,-73.534921703807,45.520654291671,1716147005666
321124153838510,Monteregie,-73.448090277778,45.194718,1693932279698
167045892000370,Outaouais,-76.426458130986,46.253926600803,1596653374084
1479502930023311,Monteregie,-73.5350259822,45.520552999818,1716147644000
817222392552266,Outaouais,-76.433449210386,46.255405299682,1596653382115
1752959251554442,Outaouais,-76.449825371758,46.250274111852,1596653369234
826230321434057,Outaouais,-76.667146265026,46.288145443299,1596654589428
358496077233464,Monteregie,-73.535261081949,45.5207608581,1713822294343
1161492384555809,Mauricie,-72.829501474885,47.557324672246,1451674423802
127588479360268,Monteregie,-73.535673075083,45.520785114615,1551043804089
987540858654998,Outaouais,-76.660861425995,46.289524635342,1596670260945
288449302764093,Capitale-Nationale,-71.36752325281,47.174031231146,1539022154025
302098458136263,Outaouais,-76.662196661102,46.284565000304,1596654587133
106373638204796,Capitale-Nationale,-71.367680695264,47.174068554357,1539024622112
1421334641909157,Estrie,-72.077849582981,45.68994058061,1719322010258
647555729442939,Outaouais,-76.660502295997,46.288858488626,1596670260935
1387518711853928,Monteregie,-73.813050142089,45.018804353413,1656456850286
169751324965993,Outaouais,-76.66069020852,46.284498700315,1596670259291
475364870401471,Outaouais,-76.662781551343,46.284832834904,1596654587563
1546372769414343,Outaouais,-75.8309652,45.3861086,1731084549500
195935912253587,Outaouais,-76.664419388662,46.286865794257,1596654587336
467588737869292,Laurentides,-75.747777798495,46.552297206012,1489335129000
219753902960787,Outaouais,-75.830619669516,45.386032014199,1597514027000
169498371756584,Laurentides,-75.730466664174,46.561080546549,1530359942000
1271851554115178,Outaouais,-75.830601133613,45.386074683113,1731163531400
2934329080057126,Outaouais,-75.831135,45.3861428,1731084551500
1146737226844585,Outaouais,-75.8211783,45.3843175,1731084432000
428000966744120,Lanaudiere,-73.8809246,46.4865338,1628272541253
390436520583579,Mauricie,-72.556824799793,46.370908921156,1711836735000
1227283457684366,Outaouais,-75.821266976903,45.384574105123,1564253982000
1231835955042200,Outaouais,-74.940400962159,45.691720183866,1746122692716
823485116085975,Capitale-Nationale,-72.032490461177,46.603323066939,1692560954000
160850629202041,Monteregie,-73.50948527,45.3605204,1407167369000
1248083483554214,Cote-Nord,-63.443231106027,51.118385418206,1749640421317
1675132103203275,Cote-Nord,-63.443402426198,51.118320097574,1749648432636
290649516042500,Outaouais,-77.19980768664,46.410022664245,1602959245523
323722975857079,Outaouais,-77.199812814272,46.410053839784,1602960306023
1053414648973632,Capitale-Nationale,-70.075604393259,47.962864921044,1687272488000
336784902213792,Chaudiere-Appalaches,-70.65823,46.6090314,1696438546000
657407246191882,Capitale-Nationale,-70.07576,47.9630264,1684510062000
245283058103588,Chaudiere-Appalaches,-71.152796972113,46.787073130358,1685450996000
1253379112194717,Chaudiere-Appalaches,-71.157485664455,46.781256138228,1674294104000
333440779081728,Estrie,-71.203501784596,45.252436063923,1694005425000
666268685363525,Chaudiere-Appalaches,-71.165660017748,46.778858787006,1690648920000
2507733342995287,Estrie,-71.205080627531,45.252322157488,1677970750657
380691546578412,Laurentides,-75.165129009512,46.499658693822,1569004563000
552474139075760,Laurentides,-74.094426804292,45.885213524031,1568915794000
145907494185703,Laurentides,-74.098806336906,45.880089228602,1550350157518
1896886413799739,Laurentides,-74.09877433782,45.879904681244,1532803034789
215655453441685,Laurentides,-74.098800018038,45.880043956501,1545923541201
1773606669490746,Mauricie,-72.461899947159,46.567049450899,1597404278000
588039982598833,Monteregie,-73.197526891286,45.404959768205,1543506024959
282621354518625,Mauricie,-72.476783293629,46.561207442364,1694812973000
798621448458631,Mauricie,-72.489962767799,46.54011262752,1687707372000
2161333144055609,Chaudiere-Appalaches,-71.196091,46.339575,1683454354000
131039613298384,Capitale-Nationale,-71.63485,46.8843514,1683288166000
1217441018958041,Capitale-Nationale,-71.642289901906,46.867521815465,1685191225000
1934589223559880,Capitale-Nationale,-71.646104380717,46.869123581659,1682595011000
1059580678375257,Monteregie,-74.01973691205,45.379342096041,1699700178400
642745343935993,Outaouais,-75.076076,45.825835,1684660926000
1941131329677147,Lanaudiere,-73.843765,46.4980884,1628276762511
3969760479772041,Monteregie,-73.060332764462,45.380988702292,1543505641972
520125910458651,Monteregie,-74.020038132273,45.38523258072,1722097978933
761702393079829,Mauricie,-73.381409696819,48.011362742745,1754145529000
1132265608313675,Mauricie,-73.380959557296,48.010891868101,1754147432000
1190446842133067,Capitale-Nationale,-71.642251338217,47.515467094744,1722191587000
1036056404038821,Capitale-Nationale,-70.824324602637,47.010821750945,1681386437000
1055549995488589,Monteregie,-74.379945629439,45.286216412371,1699820393000
207549214443950,Capitale-Nationale,-71.216071884858,46.843573495462,1619634582000
1157512728316097,Capitale-Nationale,-71.238989037033,46.848422126341,1652361800683
1559238074881352,Monteregie,-73.413370339766,45.569640681892,1693359321405
1137653143310469,Capitale-Nationale,-71.238972984276,46.848210793281,1597320251000
1688177031704875,Mauricie,-72.220071202578,46.554610894334,1696353793000
930689634165961,Outaouais,-76.946218682347,45.899336841944,1562440105000
3512021302408793,Capitale-Nationale,-71.2391697,46.848255,1684518565000
567732212133999,Mauricie,-72.236861020587,46.565201291397,1683389293000
458545755440733,Bas-Saint-Laurent,-68.859218858505,47.662633206347,1406549914000
2569367560036731,Outaouais,-76.945828209779,45.899330207644,1602426471523
194219240024869,Monteregie,-73.137266258335,45.595336126189,1679505117000
1151097258890699,Capitale-Nationale,-71.239693033252,46.847930944141,1681381886000
825856072714121,Mauricie,-72.236876515427,46.565177621958,1711837942000
1040014689861541,Outaouais,-76.949697910347,45.881556745149,1602426384023
776856852971360,Bas-Saint-Laurent,-68.867985292136,47.669118443516,1406549866000
555388445948196,Capitale-Nationale,-71.237922577241,46.848858866362,1651792991812
825894369261637,Mauricie,-72.2435581,46.5606481,1694814847000
643245857702224,Capitale-Nationale,-70.971356676596,47.001412887504,1687250161000
1307592773126711,Capitale-Nationale,-71.2395897,46.848105,1683978704000
293217193800380,Mauricie,-72.2394214,46.5639781,1711817479000
2465328737185244,Monteregie,-73.270672502382,45.589850437221,1752787155745
1483800155360956,Mauricie,-72.232204157887,46.568931536453,1679481163000
432863185981781,Mauricie,-72.2319114,46.5690531,1711817452000
277491144998195,Capitale-Nationale,-71.176371472614,47.334107648842,1692637786000
1035381205243294,Chaudiere-Appalaches,-71.150575457635,46.080112015744,1750697563763
1555532851601559,Capitale-Nationale,-71.17957997697,47.326784065107,1683369039000
304503318905025,Lanaudiere,-73.639377,46.749204,1692108082000
227532172141481,Estrie,-71.570369303803,45.008913423374,1467387429039
493898272970617,Outaouais,-77.2155773,46.2430272,1627504481185
1822393714760296,Laurentides,-74.9255311,47.441273099972,1659518326000
565348298188940,Capitale-Nationale,-72.066187086636,46.686961589746,1416040914000
170165652700197,Lanaudiere,-73.916790744671,46.680075338725,1692039260000
761921938914610,Chaudiere-Appalaches,-71.168843,46.020821,1683462334000
3976672929111691,Monteregie,-73.299551394417,45.409595850576,1562688836143
765094140817632,Monteregie,-74.350482658971,45.556586707318,1557747052000
142507888794065,Capitale-Nationale,-70.819812412032,47.006869083498,1686574149000
166653258635184,Monteregie,-73.299846718903,45.409509444057,1558118113000
783920793427130,Capitale-Nationale,-70.810116211661,46.997600003334,1686574344000
901658814443859,Capitale-Nationale,-70.810160978184,46.997516055957,1681385994000
133540576337033,Mauricie,-72.614000896527,46.339159161214,1679482799000
7277645442316399,Mauricie,-72.634106964993,46.339421183311,1711819092000
157159879676622,Mauricie,-72.627267855626,46.342993843827,1447938757013
3058112864475209,Laurentides,-73.913893096479,45.708410791746,1568904178000
295750235427519,Chaudiere-Appalaches,-70.963091810135,46.822921840041,1406542532000
270583531959879,Capitale-Nationale,-71.118501139931,46.860445971011,1681382668000
1226333328742262,Bas-Saint-Laurent,-67.541071103849,48.144201544368,1751117149000
803693828251351,Lanaudiere,-73.784539467713,45.69302240686,1722700053941
1100402410452830,Laurentides,-73.993073124961,45.76759117688,1568912375000
1050779000101343,Lanaudiere,-73.787822792044,45.69601639998,1722690853889
718644457690766,Gaspesie-Iles-de-la-Madeleine,-66.077078517952,48.649347335793,1751304733000
702058461826876,Laurentides,-73.992683146334,45.760730101441,1709310038616
312471113871651,Laurentides,-73.992739524218,45.760668863791,1552149983735
120123571188992,Mauricie,-72.400266655553,47.928761395892,1694801549000
133398055513120,Laurentides,-73.914240959222,45.863682945034,1535387643091
1365057578019952,Outaouais,-75.70464411611,45.785434515932,1717525488000
991466699623773,Outaouais,-75.718089112733,45.808249674729,1717524272000
243048384267033,Monteregie,-73.60009930408,45.36501786288,1407167639000
993064858960371,Outaouais,-75.713344192001,45.781613761296,1717524078000
219144227441950,Lanaudiere,-73.670805,46.743296,1692107561000
1261875197752518,Capitale-Nationale,-71.340824754504,46.918597174171,1682677669000
751071602258051,Outaouais,-76.867057906957,46.053991439922,1602431310523
6341807959190261,Capitale-Nationale,-71.341033216077,46.91767544226,1685546464000
136852071765317,Outaouais,-76.869200812942,46.057287797757,1602431964023
469252040812856,Outaouais,-76.867844284383,46.055661400018,1602431334523
595224596151679,Lanaudiere,-74.153519,46.821802,1692027824000
1350392148687521,Outaouais,-76.867405351086,46.054607786671,1602432010022
285736457427725,Lanaudiere,-74.155738,46.821624,1692028870000
135488021870651,Monteregie,-73.704614233198,45.378009230896,1545926429726
621129813467039,Lanaudiere,-74.153447,46.821805,1692028772000
1222762962177624,Gaspesie-Iles-de-la-Madeleine,-65.314702,49.018077,1719841827000
1656306317888441,Chaudiere-Appalaches,-70.923144738175,46.799656428176,1535119701795
1002696811612025,Chaudiere-Appalaches,-70.733338236697,46.934535443225,1728130953387
1279927442448092,Chaudiere-Appalaches,-70.922944743865,46.799933206213,1535119191550
145860597506155,Outaouais,-75.96189683079,46.4051340267,1530347843000
176015111061461,Monteregie,-73.390680426741,45.571526938332,1552847110958
456518922123726,Outaouais,-75.961630422561,46.405333441496,1530298117000
1358428667999861,Capitale-Nationale,-71.570166595289,46.732686031471,1654207211082
930300814877939,Capitale-Nationale,-71.570135998597,46.732676939505,1682604796000
849870062298464,Outaouais,-75.966489581385,46.394420961303,1530348089000
1029177665083753,Capitale-Nationale,-71.595812039495,46.722253445866,1695506600000
1627758084396489,Capitale-Nationale,-71.5703331,46.7326114,1683391123000
3838460789595028,Outaouais,-75.953536117559,46.384733321247,1489337724000
492783179904058,Gaspesie-Iles-de-la-Madeleine,-65.356591,48.959015,1719871743000
147312557313719,Outaouais,-75.952906380369,46.384787473089,1569082671000
781127590294614,Capitale-Nationale,-71.430595261968,46.756390121224,1679478723000
392777960287062,Capitale-Nationale,-71.430853209485,46.756553913152,1711815089000
2923863844600508,Capitale-Nationale,-71.430451431009,46.756377205667,1502042034537
692951195278928,Monteregie,-73.293418944738,45.465084498011,1653332090579
1048832016019494,Monteregie,-73.290582307216,45.44999741608,1653331873691
1469251910792116,Monteregie,-73.294764356346,45.450116799433,1759352197527
860679965516745,Monteregie,-74.427027252521,45.310044180203,1666798958666
842127744275559,Lanaudiere,-73.502450845641,45.729552946964,1693241502183
186000857155056,Capitale-Nationale,-71.185486111111,47.559241666667,1657468332285
766384479100591,Chaudiere-Appalaches,-70.366046603537,46.657161330001,1725471296996
1313976672826955,Chaudiere-Appalaches,-70.993865,46.8050631,1690896322000
2598118187210439,Chaudiere-Appalaches,-70.371089627597,46.649130064564,1725470633197
380879038206119,Chaudiere-Appalaches,-70.989685567254,46.802529267846,1711373398000
314643553395960,Abitibi-Temiscamingue,-77.220260306342,48.416101477588,1531238963000
477770719976218,Abitibi-Temiscamingue,-77.214024998336,48.424613887261,1531238921000
831086966022069,Lanaudiere,-74.037080728884,46.221891022705,1715448230881
1134167461709959,Monteregie,-74.199048697551,45.26139488364,1732730837250
1810588369549919,Lanaudiere,-74.032161817793,46.213942044587,1715446664560
1040643683849853,Monteregie,-74.212233295329,45.38256930074,1700339787277
209295797500345,Lanaudiere,-73.810829951314,45.840828624857,1546117889971
3467411066906527,Capitale-Nationale,-70.459071279977,47.520336647449,1692903166000
139630378778370,Saguenay-Lac-Saint-Jean,-70.086089599972,48.130580399972,1662565798000
225372202314006,Lanaudiere,-73.741463712626,45.930167689249,1546117096258
509464443809870,Lanaudiere,-73.739208058946,45.953274925928,1546116896811
1068484381421692,Bas-Saint-Laurent,-66.157353746371,48.65788275008,1751307740000
1381621418877440,Lanaudiere,-73.741411303864,45.930312449616,1546114504036
295224349693311,Chaudiere-Appalaches,-70.75699019334,46.825975833547,1690627180000
1417291618645922,Lanaudiere,-73.729600147586,45.940911504076,1546114599052
243374185305248,Chaudiere-Appalaches,-70.775315512392,46.842811214782,1690627652000
1319659176604677,Monteregie,-73.03306219751,45.537609121492,1771183273099
1410784357262444,Monteregie,-73.033056026839,45.537609740796,1771183350349
666571006393826,Gaspesie-Iles-de-la-Madeleine,-65.569669011223,49.098426593075,1751376766000
843172322083322,Monteregie,-73.072458495561,45.521993927382,1771183776920
718662906046392,Lanaudiere,-73.472465399997,45.9650376,1654013162771
1375315223313340,Capitale-Nationale,-71.489097597638,46.884638491775,1682594041000
1364480223914987,Capitale-Nationale,-71.489161262453,46.884696940253,1463611821164
1364050700637635,Capitale-Nationale,-71.48923542628,46.884713331015,1463569001457
1538480169693653,Laurentides,-74.191904793156,45.990004140966,1558037054596
1279484256308275,Capitale-Nationale,-71.488768416031,46.884550473877,1683290545000
667029088318343,Gaspesie-Iles-de-la-Madeleine,-65.417789,48.118431,1691140731000
336538832096682,Chaudiere-Appalaches,-71.094485306178,46.733351944725,1696441821000
1829090847507910,Gaspesie-Iles-de-la-Madeleine,-65.407801681857,48.11935979577,1691140327000
1391378855015053,Capitale-Nationale,-71.410098301011,46.860983771763,1683290882000
190111040570683,Capitale-Nationale,-71.410053570695,46.860704914236,1683286361000
1339707286627699,Capitale-Nationale,-70.504612061475,47.467303049812,1692903685000
1018579893055752,Laurentides,-74.069244803742,45.857986427679,1718961743805
1147923176233958,Laurentides,-74.069431629611,45.858102846134,1715090041909
185341953845187,Laurentides,-74.069199223354,45.858077563794,1680443806656
426390546240462,Estrie,-72.4158454,45.0070235,1665849096000
1274878556378849,Laurentides,-74.066282905365,45.877301243984,1652385136378
3532815716819146,Estrie,-71.691683829493,45.004113923421,1467549191030
482232779711241,Estrie,-71.691698363371,45.004072361387,1405788622537
1169504380144809,Estrie,-72.413244500247,45.002758801205,1530805125191
2835693240027726,Estrie,-71.691742799381,45.004062599274,1530720193510
163662593328309,Chaudiere-Appalaches,-71.370754311072,46.001189325881,1683477258000
2886190141654657,Estrie,-71.691676811915,45.004079624429,1467386811033
1396827044023671,Estrie,-72.413306870146,45.002862065473,1466771635508
1424227251303035,Estrie,-72.413249366581,45.002692867725,1403546155019
528815188147551,Estrie,-71.691672530021,45.004081255476,1467386811033
521326682230181,Mauricie,-72.149608348201,46.598115777676,1447940684967
162559749213981,Estrie,-72.413162639963,45.002542583703,1466771569008
3886387651481157,Bas-Saint-Laurent,-68.761364542989,47.595395804343,1406550414000
542380726924640,Estrie,-71.691661899628,45.00409921411,1405782274511
329492518561443,Estrie,-72.412954358236,45.002280735497,1530805118779
1071914107989064,Capitale-Nationale,-70.432894525476,47.389300256437,1755033989454
142639564520736,Estrie,-72.413154892359,45.002599666545,1403546222501
861900488004717,Estrie,-71.691696700714,45.004110899768,1531065996114
162635806863653,Capitale-Nationale,-70.433012960679,47.389522016418,1692890230000
360473115911269,Laurentides,-74.16669151123,45.910362862144,1636642329252
316003870033090,Estrie,-71.691784014933,45.00408678702,1531065996185
173822221338426,Estrie,-71.691695564229,45.00407182588,1530720193571
3035290976692997,Abitibi-Temiscamingue,-79.437822630419,47.448173844653,1531057085000
731686189457445,Lanaudiere,-73.905997060953,46.479185298141,1750005785908
565450233085487,Lanaudiere,-73.9017686,46.4702282,1750006053411
292983425622880,Abitibi-Temiscamingue,-79.437765238044,47.437608002808,1531057045000
872504903345613,Estrie,-71.691683453263,45.004115127353,1467549191030
7538124499640172,Laurentides,-74.4668265,46.2795538,1628109169920
282268991607833,Monteregie,-73.208930384175,45.264771920717,1713820184179
703957332556323,Laurentides,-74.310836969694,46.238044005289,1752247497000
799221086444650,Estrie,-72.468524684758,45.320641365219,1762521642204
2962546504063895,Monteregie,-74.259673609966,45.480477219241,1568829717000
1209810788004515,Chaudiere-Appalaches,-71.280544136449,46.725434567367,1765133035777
1200511727038938,Chaudiere-Appalaches,-71.28276851216,46.722629913205,1406540829000
2406932443029346,Chaudiere-Appalaches,-71.2672564,46.7273281,1711390692000
1717589601932741,Laurentides,-74.463367271582,46.119835992471,1664643732650
1160936282774581,Monteregie,-74.335834312013,45.243242557366,1764439757250
1136415201627241,Monteregie,-74.327340514383,45.244777197492,1764439889750
3055673894719232,Monteregie,-73.240061266514,45.54349134182,1407165593000
2383482498662680,Monteregie,-74.347900880245,45.242537936858,1733258234000
1419237361763981,Monteregie,-73.246482298604,45.541576191253,1407165614000
1371448503228790,Monteregie,-73.248634046522,45.540948057867,1407165620000
1289123035785592,Laurentides,-74.268556578062,45.849926429534,1729165480066
210656843893350,Monteregie,-73.24438494,45.54221376,1407165608000
547970801258011,Laurentides,-74.263130327422,45.835333804829,1729188461066
497598535016887,Monteregie,-73.24527873704,45.541942317638,1407165610000
1005397403622890,Abitibi-Temiscamingue,-76.855005577227,47.301491026225,1531244843000
3765998346975888,Capitale-Nationale,-71.491886579437,47.50208626446,1722190367000
528251601510206,Abitibi-Temiscamingue,-76.854705550241,47.300086086912,1531244849000
1581065036121799,Lanaudiere,-73.629462,46.840619,1728303709000
439590098690853,Abitibi-Temiscamingue,-78.671944,48.0488414,1626988422660
822418482937627,Mauricie,-72.579873924961,46.717995589815,1692555260000
823624852514722,Abitibi-Temiscamingue,-78.6735281,48.0217959,1626989713138
441664851920128,Abitibi-Temiscamingue,-78.672348,48.0436705,1626988965219
3680051895571487,Mauricie,-72.747017,47.400806,1628608221203
211817391518364,Chaudiere-Appalaches,-70.845850840376,46.596920426529,1690916459000
1026022865505863,Estrie,-72.289834941392,45.204847261079,1689162086000
1492993691658261,Mauricie,-72.74294,47.3995696,1628608552391
1222172295133519,Lanaudiere,-73.724092579732,46.659921952175,1692105896000
892866581288644,Laurentides,-74.718253840015,46.276148507011,1568991834000
1265981780466904,Laurentides,-74.718977778732,46.277933326072,1530445596000
1033165924319123,Saguenay-Lac-Saint-Jean,-70.727725525904,48.445321788937,1684498391000
1218601345225661,Abitibi-Temiscamingue,-79.285552777778,47.055966666667,1531054094000
2876996302557888,Abitibi-Temiscamingue,-79.283866666443,47.05484722329,1531054088000
390126136634982,Saguenay-Lac-Saint-Jean,-70.559783333333,48.026944444444,1661683558120
843461373047233,Chaudiere-Appalaches,-70.951123425318,46.758801209549,1535120148846
165672605407845,Laurentides,-73.894123010223,45.821047936672,1546113323574
834842848294230,Capitale-Nationale,-70.203716671293,47.553412945441,1692899030000
194169379196186,Chaudiere-Appalaches,-70.950744164728,46.759195282957,1535118756483
230168595105889,Laurentides,-73.892089296206,45.822518941831,1546118212859
157566459642450,Chaudiere-Appalaches,-70.950951564569,46.758870959,1535118752000
474495935293610,Capitale-Nationale,-71.662570387599,47.402286482743,1722194163000
1689846728104111,Laurentides,-75.378644,46.13239,1684671103000
1924622918086787,Bas-Saint-Laurent,-66.8562951,48.7277379,1756045065000
824546273241052,Bas-Saint-Laurent,-67.2769523,48.065856,1757273973000
3224705094362479,Bas-Saint-Laurent,-67.267523144519,48.061253049617,1751126461000
207405858656765,Chaudiere-Appalaches,-70.4933347,46.7038564,1690899324000
1873937696415440,Estrie,-71.7781673,45.5188987,1724074662087
1207557340772578,Laurentides,-74.81902126165,45.992238552949,1746120844150
1307140166574037,Laurentides,-74.819840080925,45.992315881559,1684593953000
437478878751219,Capitale-Nationale,-71.883551032374,47.057659948106,1709490977840
275649214251952,Chaudiere-Appalaches,-71.427525802471,46.650127344633,1407156485000
808174611038629,Mauricie,-72.771452671473,46.745683801911,1695491845000
1399701544239276,Capitale-Nationale,-71.878530073366,47.056061714771,1709487109080
282292253538595,Chaudiere-Appalaches,-71.411525401036,46.653963792117,1406540013000
1068201175503628,Mauricie,-73.597776592061,48.160940673745,1754155083000
757671532063294,Laurentides,-75.719538210722,46.561443256085,1569071158000
1653315145173544,Mauricie,-72.398183349459,46.481444202008,1694814197000
1665750493904208,Lanaudiere,-74.188618048355,46.821154404312,1692034827000
1699090404078900,Saguenay-Lac-Saint-Jean,-73.268992996692,48.220097000092,1754228650000
1044805627839382,Gaspesie-Iles-de-la-Madeleine,-65.931682853109,49.113386866372,1751390582097
2014136595993526,Saguenay-Lac-Saint-Jean,-73.280346425823,48.220091463936,1754228576000
720927664193026,Gaspesie-Iles-de-la-Madeleine,-65.93173062092,49.113470954867,1751390757013
1752093675699322,Cote-Nord,-61.880958549243,50.22930988612,1752066478875
1762682134639224,Cote-Nord,-61.88925927116,50.229698874297,1752066757041
1125464259417182,Gaspesie-Iles-de-la-Madeleine,-65.931687327163,49.113378748344,1751390605727
3665589097090291,Bas-Saint-Laurent,-67.293767,48.727477,1719667399000
1332511341634382,Gaspesie-Iles-de-la-Madeleine,-65.931758996143,49.113345177924,1751390673471
298843655015917,Capitale-Nationale,-71.47628370007,46.881988817166,1448016929396
280624211056545,Capitale-Nationale,-71.475858820831,46.88220867866,1685203347000
676233483444326,Lanaudiere,-73.653514730802,45.724641873186,1654015113583
6698210020224307,Laurentides,-75.438011,46.068066,1684668357000
329324598757120,Estrie,-72.499450273974,45.355872203494,1505651539798
134843416348040,Capitale-Nationale,-71.373363708555,46.825377950789,1692641947000
10028355130568913,Estrie,-71.088829,45.300615,1694008394000
835772000830986,Chaudiere-Appalaches,-71.2348431,46.7364947,1674296144000
164659786543128,Capitale-Nationale,-71.37409176684,46.826211739714,1682593487000
365037939861686,Chaudiere-Appalaches,-71.2365314,46.7354864,1711372546000
1114589382360378,Laurentides,-75.470033077361,46.540687992955,1569064118000
327503576332559,Estrie,-71.08919,45.300704,1694007632000
255361580308876,Capitale-Nationale,-71.379112282392,46.829312540885,1683281314000
208171874448071,Laurentides,-75.478094445038,46.551580553542,1489333743000
154656247542876,Capitale-Nationale,-71.1520389311,46.876901343537,1681388323000
199450375321342,Chaudiere-Appalaches,-70.501014996012,46.989060828134,1406543858000
3577974892523009,Capitale-Nationale,-71.151304605281,46.876523046904,1692911925000
1003926637161060,Capitale-Nationale,-71.17377765386,46.875494789952,1652138836918
1018805848527315,Chaudiere-Appalaches,-70.485013960135,46.996760619992,1406545623000
1027706411588079,Mauricie,-72.922549682178,47.06143646039,1695497922000
1386139255574981,Capitale-Nationale,-71.151740611708,46.877001254034,1683977324000
1664186774031050,Mauricie,-72.923404510996,47.053403418831,1687703997000
1504800810322921,Capitale-Nationale,-71.151454492863,46.877143347433,1693926251513
952363705894268,Mauricie,-72.921640620743,47.061491362374,1683383956000
690131095907627,Mauricie,-72.922134052642,47.061267743202,1694809211000
605433927079886,Mauricie,-73.008724401725,46.1939515616,1447937588992
1129173285733867,Chaudiere-Appalaches,-70.446908249373,46.863572664739,1724692821579
1095472149200844,Chaudiere-Appalaches,-70.446878578804,46.863587067347,1724692821879
2011929255810478,Capitale-Nationale,-70.007443459501,47.896844379853,1684510403000
190161346720003,Capitale-Nationale,-70.541075101632,47.797691863716,1661447534365
1462312088249922,Chaudiere-Appalaches,-70.446752835858,46.863648732732,1724692823080
1047912182561814,Laurentides,-74.584516988735,46.20907394367,1664645261639
510610810293947,Laurentides,-74.58836840336,46.206785574454,1499009409118
2142081139862559,Lanaudiere,-73.470497416011,46.905753931176,1757183761160
1095051024411315,Laurentides,-74.075925744951,45.719909735118,1653672593528
531601461581109,Laurentides,-74.597307977375,46.185242023282,1566411399952
164942128811434,Laurentides,-74.599361849807,46.182667340297,1566411379958
1380228932558027,Lanaudiere,-73.808431,46.682683,1692103899000
446055404144038,Capitale-Nationale,-70.744860399972,47.894731999972,1661707520344
1112863887408783,Chaudiere-Appalaches,-70.510453366025,46.574631870188,1725482590143
165359632747416,Capitale-Nationale,-70.742084599972,47.8949471,1661707440486
858016062192651,Chaudiere-Appalaches,-71.3084531,46.7289231,1696340853000
369207051093842,Chaudiere-Appalaches,-71.290417401312,46.719776204073,1407155977000
280553703747230,Chaudiere-Appalaches,-71.295265888357,46.714477983514,1407156010000
5412526248819692,Chaudiere-Appalaches,-71.295974740088,46.712392909846,1407156013000
516219123120964,Bas-Saint-Laurent,-69.2966943127,47.705922396303,1406548570000
223062762592424,Laurentides,-74.604324015899,46.026242033845,1553353822896
286564729793261,Laurentides,-74.604309147282,46.026165570667,1548192288758
224694299062486,Laurentides,-74.604310972633,46.026287944977,1545763786220
1643193359693237,Mauricie,-73.373010543417,47.975251081055,1754145165000
1159751431167430,Laurentides,-74.609805736293,46.020629290056,1531054588728
272610574574571,Laurentides,-74.604128883041,46.026352911891,1531933127015
486288702427381,Laurentides,-74.604273213075,46.026220529899,1546007595634
1281050700696287,Bas-Saint-Laurent,-67.335930739601,48.126292415382,1751123814000
509452180094303,Laurentides,-74.604259089374,46.026223684289,1553349469163
113115450849356,Laurentides,-74.609652331779,46.020763819757,1545762213807
1926705601475040,Bas-Saint-Laurent,-67.328128405091,48.125425227872,1751124285000
763162526169502,Lanaudiere,-74.308952694865,46.340642624762,1752175932000
487468013221942,Capitale-Nationale,-70.777069444444,47.673580555556,1657542742285
3707948502764735,Capitale-Nationale,-70.7771165,47.6735947,1657542939616
3493995347555052,Capitale-Nationale,-71.2545614,46.7999914,1684847477000
5799545646752802,Capitale-Nationale,-71.25505206873,46.799664408944,1576677405252
1250550049879028,Gaspesie-Iles-de-la-Madeleine,-65.823212615549,49.17215105794,1751387717000
1097258525385610,Lanaudiere,-73.612079,46.823218,1728475919000
1235131184914454,Laurentides,-74.609102998926,46.126604121041,1746093069583
175031447867406,Laurentides,-74.609234803829,46.126702713163,1535044057793
2479011385639927,Capitale-Nationale,-71.015048,47.747648,1722180174000
195350625657872,Laurentides,-74.606366830465,46.122473517355,1545763160960
909551766278420,Nord-du-Quebec,-77.943821703039,52.091780448136,1531204518000
1393303761028581,Nord-du-Quebec,-77.935927620764,52.093474994977,1531152100000
212830513725117,Nord-du-Quebec,-77.93170523064,52.093333080597,1531204556000
467387067819929,Nord-du-Quebec,-77.94225832483,52.092197229786,1531152122000
1036408370225355,Laurentides,-74.620501329449,46.058508633208,1531406102304
138954871557416,Laurentides,-74.620357458049,46.058445436938,1546007796817
1469477406728352,Laurentides,-74.620542499787,46.058549341878,1531059056744
155206313240918,Laurentides,-74.620620843213,46.05868808231,1553349656767
213103687287338,Laurentides,-74.620519285692,46.058586825532,1548192490075
190511302934574,Laurentides,-74.620496628666,46.0585710058,1545762417157
656078356578054,Mauricie,-72.3153031,47.9969,1687694244000
227490302061396,Laurentides,-74.620521531587,46.05852287521,1531935023934
2926247250949773,Laurentides,-74.620512671661,46.058556515254,1531933302355
224727452407189,Laurentides,-74.620399878507,46.058416387539,1535468210021
2348517692023449,Mauricie,-72.317916683673,47.986517360412,1694801202000
1354274985357366,Mauricie,-72.910272578482,46.985524833019,1451687322018
306095704297229,Laurentides,-74.620593135669,46.058667469932,1531054812062
3389472751368214,Mauricie,-72.319877900989,47.982656417677,1683378710000
629699315709450,Mauricie,-72.316116924016,47.991898416998,1683378675000
790378409219332,Chaudiere-Appalaches,-71.087832445558,46.229396827894,1683457872000
135488688523110,Capitale-Nationale,-71.318029045146,46.80617418128,1538742445041
954576632356008,Chaudiere-Appalaches,-71.085452303868,46.230342730989,1683460011000
3864094690312964,Capitale-Nationale,-71.300148454772,46.825830174747,1539026822598
1377706099751076,Chaudiere-Appalaches,-71.087155744788,46.231222691766,1683458338000
212797507098017,Laurentides,-74.334893235095,46.0911158338,1558037651930
1422846124927150,Chaudiere-Appalaches,-71.086495065102,46.231236470309,1683459315000
459808375304555,Chaudiere-Appalaches,-71.313550658309,46.691122158766,1406540329000
936410960234162,Laurentides,-74.687427513438,46.207111737558,1568990499000
1187027729224916,Laurentides,-74.696868836661,46.206038844958,1746117654650
1084545286847047,Laurentides,-74.69674582141,46.206325471778,1746093776833
1027964861857174,Gaspesie-Iles-de-la-Madeleine,-64.883101,49.145029,1719865986000
1106711954766169,Lanaudiere,-73.482498643859,46.905363941707,1757183220715
1394045824787807,Capitale-Nationale,-71.962415694114,46.658646624656,1695505556000
134660406253619,Capitale-Nationale,-71.962344577318,46.658553274583,1682603708000
1120852792283707,Capitale-Nationale,-71.968221997763,46.658130342851,1711816646000
251121640787434,Capitale-Nationale,-71.974025700417,46.655143356356,1683390038000
396977463378508,Gaspesie-Iles-de-la-Madeleine,-65.588711,49.075664,1719692044000
1217520469773375,Laurentides,-74.751928355914,45.993643382798,1746120405733
1008873970372188,Gaspesie-Iles-de-la-Madeleine,-65.104462,48.415378,1691326311000
603192248380534,Gaspesie-Iles-de-la-Madeleine,-65.091131,48.410081,1691327671000
168162649560913,Gaspesie-Iles-de-la-Madeleine,-65.094858038136,48.417051210702,1691327182000
573063781374679,Laurentides,-75.28767,46.09572,1684584139000
140178645121203,Saguenay-Lac-Saint-Jean,-70.3141018,48.0662053,1662557397000
1332965684310104,Chaudiere-Appalaches,-71.270987210591,46.110659790392,1694779154400
204916844641581,Laurentides,-75.656198027977,46.560494921367,1569070334000
1125119889540321,Laurentides,-75.658067512346,46.559921983242,1755287528000
742552423615264,Chaudiere-Appalaches,-70.5851297,46.714465,1674219558000
1094765451735478,Chaudiere-Appalaches,-70.580220145651,46.725022323305,1711376164000
581730634876139,Mauricie,-73.308204680258,48.185307600089,1754227962000
3693517440775290,Chaudiere-Appalaches,-71.271238185336,46.757448648506,1538926586944
1236562901059298,Lanaudiere,-74.226357749701,46.325057078557,1752244516000
307493984969126,Chaudiere-Appalaches,-71.283048289557,46.735217119759,1690649354000
909090053201513,Chaudiere-Appalaches,-71.270949251329,46.757540150201,1538927845996
1207719916571000,Mauricie,-72.2212031,46.575685,1682602953000
132224078954617,Chaudiere-Appalaches,-71.274171934598,46.759108170006,1539984536663
6087801297973804,Mauricie,-72.221908581449,46.576865176115,1682602866000
2258221774371655,Chaudiere-Appalaches,-71.283056691554,46.73526409066,1659089328864
1007187987155005,Mauricie,-72.221770364414,46.575348048824,1695504775000
1740060069719550,Laurentides,-74.023607288732,45.89770672722,1652384528376
6776883769043341,Chaudiere-Appalaches,-71.283478638273,46.735472863324,1696442721000
355065370204767,Laurentides,-74.01211793369,45.906099231513,1696530164166
1041565500197370,Laurentides,-74.023681548982,45.897684937634,1696529917188
325412462319944,Laurentides,-74.547635821215,46.127088549212,1568987498000
490873466955261,Mauricie,-72.28042288425,47.654882613667,1716663336291
288102320219403,Capitale-Nationale,-71.842693160986,46.692476435981,1684846547000
4174099476191317,Bas-Saint-Laurent,-67.383531766296,48.25636198772,1757264215000
1000646884978224,Gaspesie-Iles-de-la-Madeleine,-65.54406,48.994443,1719692840000
1519608462314079,Gaspesie-Iles-de-la-Madeleine,-65.544052,48.99451,1719768729000
254766677503683,Lanaudiere,-73.867737,46.827959,1692119563000
109020832295519,Lanaudiere,-73.857077,46.816691,1692119766000
1253862452043214,Capitale-Nationale,-70.388791299972,47.878577999972,1661596606738
5340198536058526,Capitale-Nationale,-70.3893139,47.867733,1661595651538
154058233905221,Capitale-Nationale,-70.391028826813,47.874042120233,1661596191589
173088514693217,Chaudiere-Appalaches,-70.828092103403,46.870213915441,1406542914000
223040804083203,Chaudiere-Appalaches,-71.31648840883,46.098027519861,1694778524600
772524040682617,Capitale-Nationale,-70.396716299972,47.859850999972,1661594491171
1073801757362675,Chaudiere-Appalaches,-71.290821934901,46.079254811457,1694774416200
448125470616911,Capitale-Nationale,-70.389178999972,47.866340499972,1661595581168
454441423409142,Capitale-Nationale,-70.3914871,47.8616189,1661595172369
782915726347105,Capitale-Nationale,-70.398362,47.858727999972,1661594251226
3583917541829882,Gaspesie-Iles-de-la-Madeleine,-65.018415,48.396793,1691328636000
317707767367367,Gaspesie-Iles-de-la-Madeleine,-65.025419,48.399745,1691328575000
784234239554102,Capitale-Nationale,-71.02288137537,47.69289360407,1661779054440
218486569798930,Laurentides,-74.009864693333,45.805129911667,1568913355000
936941743811072,Laurentides,-74.009203497987,45.794058993207,1550350928408
1460707421322892,Capitale-Nationale,-71.830602503148,46.88908787234,1695916529400
782594840297916,Abitibi-Temiscamingue,-78.7265638,47.53609,1627088695356
1701491656702594,Laurentides,-74.601651952792,45.960219075282,1536334257570
1034535575278135,Laurentides,-74.595454247966,45.960622683465,1746092045350
511997903328101,Laurentides,-74.600402770904,45.957441660768,1530463117000
1157834801326749,Laurentides,-74.599803620445,45.961513429199,1545764205230
1181673842331570,Laurentides,-74.599919451351,45.961463889849,1530632188000
140485918103959,Laurentides,-74.599623669354,45.96164426943,1546007098020
214892600139587,Lanaudiere,-74.114619496621,46.293112426787,1508354409632
271029368142310,Lanaudiere,-73.754866498816,45.896650203402,1546117300307
770463543642523,Lanaudiere,-74.110950595495,46.294672650203,1508353293655
343435323868031,Lanaudiere,-73.757989648069,45.888090004653,1546117376977
963095404507835,Lanaudiere,-74.112711150992,46.295490598195,1508353121464
857301484853909,Lanaudiere,-73.757908713698,45.887648538017,1546114186183
583315752641885,Lanaudiere,-74.112701157508,46.29576400598,1508352862480
1008365829700181,Lanaudiere,-73.757433519366,45.876484194969,1546117440233
228211019105426,Lanaudiere,-74.113051052509,46.293888209034,1508353879389
2973932242891666,Lanaudiere,-74.11296456472,46.296624330076,1508352221438
1110474289477163,Lanaudiere,-74.115575502231,46.294746122836,1508354242526
1013113256696119,Chaudiere-Appalaches,-70.475148067023,46.393646284716,1693496689000
189349677481892,Gaspesie-Iles-de-la-Madeleine,-65.418452,48.17201,1691142494000
154712434321771,Gaspesie-Iles-de-la-Madeleine,-65.41556,48.166464,1691141852000
1908413559604719,Bas-Saint-Laurent,-66.711959,48.999061,1719674944000
963997748599518,Abitibi-Temiscamingue,-78.6069463,47.3894998,1627221314326
1102665172053357,Bas-Saint-Laurent,-67.3173747,48.1859851,1757266811000
3837581939652429,Capitale-Nationale,-71.304912859303,46.750209583061,1434647745743
1557122391768851,Capitale-Nationale,-71.301753068062,46.768932328084,1696442879000
1032113655318380,Lanaudiere,-73.488252455507,45.694965436602,1726319213218
639647541366614,Capitale-Nationale,-72.341163678985,46.827501160543,1685195593000
553655960690219,Lanaudiere,-73.49031237599,45.689920191046,1605537868636
785987596322553,Capitale-Nationale,-72.349793171496,46.803752252798,1685195746000
1588649165058358,Lanaudiere,-73.484559263732,45.693531460813,1605536877944
408555855119841,Lanaudiere,-73.506601508697,45.718105510235,1711832093000
3060072767507460,Mauricie,-73.300160003669,48.133682027695,1754227072000
1490333298537406,Bas-Saint-Laurent,-67.7026912,48.4676886,1755960857000
1049678503564654,Lanaudiere,-73.497280958658,45.690284757974,1698774127460
156990900210049,Laurentides,-74.00833211256,45.700538309255,1655855539355
1438331669947229,Laurentides,-73.998110549581,45.705664944217,1655855573422
301974061440989,Laurentides,-73.993646120155,45.708779588986,1447933002479
1530609407798896,Lanaudiere,-73.8039714,46.587537,1628290846750
523466515701315,Laurentides,-75.115279794546,46.486013670581,1569003732000
3975405615877344,Bas-Saint-Laurent,-67.553381894364,48.847500107406,1520473113158
506466393957213,Bas-Saint-Laurent,-67.553388812453,48.847521063585,1520473120703
600508264242474,Laurentides,-75.102417353849,46.446972735688,1569002845000
1468006577436414,Chaudiere-Appalaches,-70.480364347727,46.855849499415,1724692375897
188601364128169,Capitale-Nationale,-71.420198522325,47.038161522188,1692640058000
1432674361330676,Chaudiere-Appalaches,-70.492643535713,46.850859967528,1724692205171
228159823237721,Capitale-Nationale,-71.421152031898,47.013365516368,1683284603000
1125859619457604,Chaudiere-Appalaches,-70.480082180676,46.856011258583,1724692378867
743301411883452,Chaudiere-Appalaches,-70.480152527408,46.855971926923,1724692378133
805008105299880,Chaudiere-Appalaches,-70.492583709457,46.851009450906,1724692207073
1588140638348141,Mauricie,,,1685197639000
811310517362298,Mauricie,-72.224452081579,46.578099397432,1692559807000
1146843839075034,Laurentides,-74.474415503741,45.923421058134,1545921310796
1066901203835685,Laurentides,-74.474526694947,45.923432121534,1545921310225
1417360135277833,Laurentides,-74.474542478197,45.923432669705,1532799180595
1443130999742117,Cote-Nord,-66.359665759542,50.205144768403,1717095407000
1130877607376827,Laurentides,-74.474536844524,45.923434747658,1546109156500
1076096209467087,Laurentides,-74.47438033084,45.923416970654,1557920661923
487463833743680,Cote-Nord,-66.359141966968,50.20485567448,1718910661000
1260623031070199,Laurentides,-74.474303534256,45.923425906578,1531829493563
2449677761883896,Cote-Nord,-66.356566056209,50.204285059064,1718194445000
396424906752662,Gaspesie-Iles-de-la-Madeleine,-64.728409,49.011858,1719863296000
163540652293821,Laurentides,-74.474605584931,45.923421104381,1553718967659
375700188419517,Cote-Nord,-66.350858337388,50.204202470626,1718908262000
460747823253921,Gaspesie-Iles-de-la-Madeleine,-64.820171183718,49.123031893427,1719865256000
178729507374350,Laurentides,-74.474597122279,45.92344625843,1553687294623
1884350955360315,Cote-Nord,-66.341653838795,50.204921013733,1718911950000
176932154334524,Laurentides,-74.474269766564,45.923404164528,1531841878246
7766284710126261,Cote-Nord,-66.360033112227,50.204753108891,1718911275000
2837800993200280,Laurentides,-74.474121895723,45.923391540174,1548945162891
176351264400244,Laurentides,-74.474464553519,45.923434069359,1548441601923
391222573930520,Cote-Nord,-66.340854118054,50.205475884395,1718912356000
1566493146888383,Laurentides,-74.473933502343,45.923393108457,1548537153289
1188240869191463,Cote-Nord,-66.358151964067,50.204922693036,1718913613000
1236967011103162,Laurentides,-74.693079485977,46.238986388394,1746117322300
1218140012991224,Laurentides,-74.693729059608,46.238867985676,1746094139066
143234157813097,Capitale-Nationale,-72.020014919013,46.629909406057,1447941065513
207412470932155,Capitale-Nationale,-72.032110744175,46.623136043236,1540818071057
371770558282342,Gaspesie-Iles-de-la-Madeleine,-66.119699645884,48.936429370981,1645473242935
347814673751413,Gaspesie-Iles-de-la-Madeleine,-66.119273988448,48.935495282146,1645473156164
1442663819906690,Lanaudiere,-74.050362237871,46.904794306303,1692025126000
1016768429521963,Mauricie,-72.335257700393,46.479606155142,1694814443000
194009420044647,Mauricie,-72.334978723043,46.479954573251,1679481616000
470454505851368,Capitale-Nationale,-71.403701,47.510709,1722189794000
1188032526280299,Chaudiere-Appalaches,-71.105153113534,46.204057150001,1766134519169
1150119926219024,Bas-Saint-Laurent,-67.496525,48.545523,1719662743000
2692864480849476,Capitale-Nationale,-71.058883333333,47.596130555556,1657531333847
1119382928563977,Laurentides,-74.60981294344,46.050238560377,1532032463138
769866461420543,Saguenay-Lac-Saint-Jean,-71.698283846978,48.410106608181,1683374075000
1148147188984678,Laurentides,-74.609681150935,46.050004579829,1556030628161
1893498327845434,Mauricie,-73.448492,46.605199,1728406682000
1009752196506822,Laurentides,-74.609839429699,46.050180101696,1545763665009
221837712731628,Laurentides,-74.609793287752,46.050215839424,1553349605885
1895708663915672,Laurentides,-74.609593788417,46.049971881422,1531933252601
220048862965918,Laurentides,-74.143011165908,46.000658269128,1568970514000
3300759426869124,Capitale-Nationale,-70.44533002102,47.849521156159,1661523621722
384202701385618,Laurentides,-74.155743893504,46.017029959061,1724176128283
288278019425178,Abitibi-Temiscamingue,-77.126188894847,48.858969448147,1531236313000
817322650552043,Laurentides,-74.155849304479,46.01683809427,1724154462616
297377728591357,Abitibi-Temiscamingue,-77.122908324657,48.856680568181,1531236325000
989537849157299,Capitale-Nationale,-71.657080151927,46.723383038364,1685190654000
1563162814664924,Mauricie,-73.607248329948,48.105554764541,1754153935000
179156118227583,Capitale-Nationale,-71.645203515142,46.711605550417,1679479345000
1626241841386252,Bas-Saint-Laurent,-66.751530916665,48.816569250004,1751469684280
130697419048678,Abitibi-Temiscamingue,-78.023763884421,48.766672226116,1531119059000
1249670590135926,Bas-Saint-Laurent,-66.751952182051,48.816406059253,1751469013606
293418505740022,Abitibi-Temiscamingue,-78.027577778061,48.764216666538,1531119045000
2148663035646241,Cote-Nord,-62.044475611864,50.228931949296,1752067408458
211956453768757,Chaudiere-Appalaches,-70.987199534762,46.816046479139,1406542471000
746062896046461,Bas-Saint-Laurent,-68.888882153357,47.677976827254,1406549801000
1019226345690794,Mauricie,-72.3925031,46.4762114,1687707821000
153973340024492,Laurentides,-75.284379432566,46.530990765402,1569061385000
865116038939071,Laurentides,-74.290953227454,45.868805018673,1729188105050
255968547296514,Gaspesie-Iles-de-la-Madeleine,-65.492177,48.189165,1691143440000
465091493130108,Gaspesie-Iles-de-la-Madeleine,-64.746771,48.961556,1719846863000
266587139412967,Gaspesie-Iles-de-la-Madeleine,-65.486098,48.179456,1691143229000
1020332525613506,Chaudiere-Appalaches,-71.141152,46.331416,1683454972000
1393042874865932,Laurentides,-74.31400020711,46.069970211542,1680889181507
146153477987531,Laurentides,-74.330681390537,46.08950524845,1653426520865
562355933551001,Laurentides,-74.615566758873,45.752840850695,1746089581616
715571447522440,Laurentides,-74.613818063343,45.757150276345,1746089658000
140367852368432,Capitale-Nationale,-71.6402514,46.7099081,1684847595000
3474714092849477,Capitale-Nationale,-71.6504964,46.6899581,1684847427000
421141680743588,Laurentides,-74.5054915,46.3901562,1628176283548
832951078531918,Capitale-Nationale,-71.6591181,46.6871264,1684847397000
956967331728274,Capitale-Nationale,-71.262513051929,46.86100940503,1605299091000
882204580961894,Capitale-Nationale,-71.371671325972,46.797931693302,1765130766793
160234169257809,Capitale-Nationale,-71.371622759374,46.797938103981,1540063069267
314615540058667,Capitale-Nationale,-71.371560594203,46.797953506882,1540062653319
140627114754911,Laurentides,-74.758347308834,46.297643723669,1568995846000
580635696248586,Capitale-Nationale,-71.361812050359,46.771804434679,1447942950373
5150692308374383,Capitale-Nationale,-71.362323368415,46.772291169755,1654185651311
174672951239847,Laurentides,-73.899680166319,45.819946445736,1546113297117
1082754869856635,Gaspesie-Iles-de-la-Madeleine,-65.504927040578,48.979270036172,1751374494000
2310889692664047,Chaudiere-Appalaches,-70.491892969348,46.622181448446,1724688736414
1076406824447280,Gaspesie-Iles-de-la-Madeleine,-65.50558500145,48.979047000494,1751371958000
1928329150922579,Gaspesie-Iles-de-la-Madeleine,-65.498541863821,48.989564021779,1719839791000
512373039791510,Chaudiere-Appalaches,-71.45847942615,46.637441578507,1407156579000
9451500331616875,Gaspesie-Iles-de-la-Madeleine,-65.498718456586,48.976587099596,1751371419000
365093521587347,Chaudiere-Appalaches,-71.464690108033,46.635279879265,1407156596000
283891084350583,Capitale-Nationale,-70.180352463529,47.674836561735,1692724575000
2478669788971541,Capitale-Nationale,-70.179905080525,47.674870916241,1692731768000
1809057759984033,Mauricie,-73.892400023684,47.927819190424,1754169315000
1253767288835069,Capitale-Nationale,-70.175883406368,47.673929217072,1684490244000
614307254065679,Laurentides,-75.475119,45.984273,1684580881000
1001666321000677,Laurentides,-75.453141,45.992611,1684581073000
1153374902056151,Capitale-Nationale,-70.268787063356,47.942435417705,1661613620317
489056569335267,Capitale-Nationale,-70.2783713,47.956791299972,1661614806257
221167927208064,Mauricie,-72.303722719367,46.881041685791,1682598568000
3263456663887179,Capitale-Nationale,-71.522647055326,46.746512396129,1654207342151
177340961855221,Capitale-Nationale,-70.962089417096,46.973698738131,1681387167000
1364320055246420,Bas-Saint-Laurent,-68.019969931239,48.665167526818,1759844711835
615041883489539,Capitale-Nationale,-71.519577041545,46.74773975536,1681471444000
982994849802803,Mauricie,-72.303584080879,46.881221498182,1685195100000
745497424998191,Mauricie,-73.47045025721,46.905767186464,1757183757667
1075635664286772,Laurentides,-75.651441490065,46.533635512286,1755287068000
1322109979454950,Bas-Saint-Laurent,-68.019355872928,48.6654308859,1759917601382
1527568511593754,Bas-Saint-Laurent,-68.019929513358,48.664994806034,1759844604144
1645197442855125,Bas-Saint-Laurent,-68.019930121685,48.665050420362,1759844475985
1109526421386180,Bas-Saint-Laurent,-68.019609011143,48.665062793141,1759919236097
714254207367694,Chaudiere-Appalaches,-71.252166,46.013098,1683466168000
1251968912291906,Capitale-Nationale,-71.061467725074,47.59835021607,1661785578238
1275380347368633,Cote-Nord,-61.808237016959,50.179323361583,1752065993625
993849982414209,Gaspesie-Iles-de-la-Madeleine,-65.829602,48.917563,1719785625000
483712026176701,Laurentides,-74.622560542513,46.171234976341,1568989019000
1001243608275030,Mauricie,-72.3496811,47.3045168,1628628481870
6682976568477215,Chaudiere-Appalaches,-71.326642506864,46.0936889183,1694778206600
1342268630833951,Cote-Nord,-62.473493581421,50.286350294937,1752057316875
1355325734993266,Laurentides,-75.429224899972,46.4264677,1452333183000
372386574098937,Abitibi-Temiscamingue,-78.114133334556,48.680122220274,1531118463000
544381556545237,Abitibi-Temiscamingue,-78.114141662214,48.680400003105,1531118465000
408515626805013,Laurentides,-74.490292245266,46.133608708546,1568986423000
1099650754721623,Gaspesie-Iles-de-la-Madeleine,-65.690142,48.324149,1691154890000
290939609424813,Laurentides,-74.335697104631,45.910057897952,1532799728554
1173433693100601,Laurentides,-74.33592079121,45.910059340452,1553718447525
1004350946766407,Laurentides,-74.336071770117,45.910032544641,1546109751665
283667533296639,Mauricie,-72.301688463523,46.50210195962,1447940119528
1072709749923052,Laurentides,-74.335787084245,45.910057121906,1531830065540
743439757521020,Saguenay-Lac-Saint-Jean,-70.234745065426,48.393176601817,1684496943000
1033058683766761,Laurentides,-74.335935442533,45.910025405092,1557921195871
1084904858701184,Laurentides,-74.335848008691,45.9100527166,1545921900054
139953971489362,Laurentides,-74.335927399352,45.91002383323,1551104152473
1044527953951257,Gaspesie-Iles-de-la-Madeleine,-65.418834596027,48.949490460695,1719763279000
644527713942876,Mauricie,-72.790030557812,46.860626280633,1687705181000
1725442034867476,Gaspesie-Iles-de-la-Madeleine,-64.857586,49.002224,1719846128000
1878332179337471,Gaspesie-Iles-de-la-Madeleine,-64.863055,49.007251,1719844763000
1035147737729242,Capitale-Nationale,-70.403228371584,47.371594980425,1696703394750
1240536581179499,Capitale-Nationale,-70.403258885199,47.371405545474,1755071074835
1310122849891078,Capitale-Nationale,-70.426288187993,47.375016720126,1692890756000
1331868671835987,Capitale-Nationale,-70.264998183117,47.661008809184,1695322123750
1025821862780425,Chaudiere-Appalaches,-70.588202498166,46.811443238473,1724691244196
443767891007659,Laurentides,-75.8694631,47.288111499972,1659627109000
1071636035078207,Chaudiere-Appalaches,-70.588263783533,46.811398074224,1724691243595
1126566589360702,Chaudiere-Appalaches,-70.587954117886,46.811620337599,1724691246598
1683381921869636,Capitale-Nationale,-71.284305464165,46.829990046998,1447943768435
521044782243556,Capitale-Nationale,-71.280080632354,46.830235646143,1539008824733
1134857267027303,Laurentides,-74.033218764806,46.031243196192,1558035968112
220793266178747,Laurentides,-74.033139712107,46.031298745166,1557923202850
790396839049465,Capitale-Nationale,-71.280635991952,46.830099375549,1683976810000
200059421841383,Laurentides,-74.028938027076,46.032742672061,1558035931721
1642645202906411,Saguenay-Lac-Saint-Jean,-70.818424784722,48.059513480621,1685536226000
333473248120911,Laurentides,-74.632038386546,46.191993015931,1568989459000
1446420232452996,Capitale-Nationale,-70.481793580125,47.7997198917,1661515324100
303672762360946,Capitale-Nationale,-71.209394643047,46.865644065619,1692912123000
136345215779992,Capitale-Nationale,-70.488532405033,47.791624353085,1661514654504
1025045232169994,Chaudiere-Appalaches,-70.469277997477,46.801618003779,1696175057000
542519764061956,Capitale-Nationale,-71.18985430593,46.860039311293,1652138402999
1527872295147029,Chaudiere-Appalaches,-70.469152125679,46.801509975558,1725463480302
1222193413040752,Bas-Saint-Laurent,-65.997597382441,48.582220160187,1751298974000
110940528682832,Capitale-Nationale,-72.103714888524,46.670880814969,1685199203000
241138352169470,Gaspesie-Iles-de-la-Madeleine,-65.47591,48.127074,1691305651000
2655519134615890,Gaspesie-Iles-de-la-Madeleine,-65.455069,48.115003,1691305389000
264491539359041,Mauricie,-72.793523152845,47.330913187947,1683382421000
1416438889177133,Mauricie,-72.794264734913,47.332503774958,1687702702000
1455833568603701,Mauricie,-72.794561070052,47.345813213998,1694807822000
320248574021818,Mauricie,-72.881517439613,46.870840560293,1695498898000
195274396250831,Capitale-Nationale,-70.846414999972,47.745468199972,1661768077703
129215336321131,Capitale-Nationale,-70.8414199,47.7454468,1661767945438
181429200413781,Mauricie,-72.663101185842,46.293208437774,1502139491981
1390575665066478,Capitale-Nationale,-71.6767414,46.677685,1684847319000
1240424901166039,Mauricie,-73.309642549379,48.111875330997,1754226650000
709403021195143,Capitale-Nationale,-71.6770331,46.6776281,1684847318000
2262457227475893,Capitale-Nationale,-71.6784714,46.6774314,1684847313000
1162369484206974,Laurentides,-74.380868444471,45.920105324536,1557921038895
231071485442797,Laurentides,-74.380735788814,45.920078846269,1548945563617
797717058356602,Capitale-Nationale,-71.6781881,46.6774664,1684847314000
1088175455004558,Laurentides,-74.380822581374,45.920087660003,1547672722038
201780882782356,Capitale-Nationale,-71.6734764,46.6789631,1684847332000
1183066832139160,Laurentides,-74.380778556062,45.920102045934,1531829900562
1112522389256073,Laurentides,-74.380974357903,45.920146177495,1532799570481
1394188090974205,Laurentides,-74.381273927284,45.920203884125,1545921728267
162560219065362,Laurentides,-74.38130066564,45.920207424407,1534886542012
170119815042588,Laurentides,-74.381286682463,45.920195797254,1548511030223
1745104639002205,Laurentides,-74.38094170532,45.920134938516,1545921729470
178327810860548,Laurentides,-74.381029664094,45.920147617192,1550347197012
294466139892618,Saguenay-Lac-Saint-Jean,-72.158372783059,48.291644148932,1694799862000
184085766923542,Laurentides,-74.380733690229,45.920077343186,1552147902533
120455627749987,Saguenay-Lac-Saint-Jean,-72.168300233184,48.284531492857,1687692967000
184931550162855,Laurentides,-74.381189595554,45.920178588766,1553687723474
759922679029942,Saguenay-Lac-Saint-Jean,-72.1608714,48.289405,1683377186000
210383027364103,Laurentides,-74.380774995347,45.920100571941,1537194272579
941440563672837,Saguenay-Lac-Saint-Jean,-71.790294262985,48.429923368854,1683374400000
465110863358906,Laurentides,-74.76499621283,46.005410045404,1746120627483
6098687076812816,Capitale-Nationale,-70.502320255745,47.767065732766,1661450358038
606718871135435,Capitale-Nationale,-70.91956825199,47.718811565116,1662746997996
2979551545619973,Laurentides,-74.594275038457,46.15228611855,1530449915000
6272994736092396,Capitale-Nationale,-71.844583579579,46.89742323059,1685192351000
1388268214883695,Laurentides,-74.607435786695,46.169445355255,1499008868081
175002784533816,Mauricie,-72.67757386097,46.284742252873,1502123946401
1213690339082840,Laurentides,-75.604370116944,46.037197112778,1596203948701
1862114427282413,Mauricie,-72.685759265129,46.289342937571,1502139786464
6123011974402491,Capitale-Nationale,-70.51957,47.53925,1662476362000
3887392491330499,Laurentides,-74.473509012549,45.728551070093,1523388001122
234997668422320,Capitale-Nationale,-70.781069991947,47.077713202681,1534176814475
2131716553631242,Capitale-Nationale,-70.782155971254,47.076568971458,1534179762283
2183256395503090,Bas-Saint-Laurent,-67.149401255608,48.683689729865,1756746193000
24815560161415539,Bas-Saint-Laurent,-67.1455712,48.6854562,1756746721000
576616210581992,Mauricie,-72.776294517168,47.472176328395,1451673345153
1197280600981300,Capitale-Nationale,-71.6613531,46.6859431,1684847389000
3640022439572401,Gaspesie-Iles-de-la-Madeleine,-65.114805,49.204151,1719869564000
791188202403493,Capitale-Nationale,-71.6606281,46.6863581,1684847391000
650810006889519,Capitale-Nationale,-71.6613531,46.6859431,1684847388000
7184984908195256,Capitale-Nationale,-71.6678831,46.6827514,1684847362000
1668078873384474,Laurentides,-74.109035798919,46.005611519631,1558036417983
147240710647549,Laurentides,-74.107037242477,46.007824017155,1557922762551
1314419983481888,Laurentides,-74.641267873577,45.703175363691,1746089140316
2860318420884632,Laurentides,-74.104956059977,46.0112965569,1558036383357
2222871274824547,Mauricie,-74.018761108672,47.976413299313,1754168176000
489721755960195,Capitale-Nationale,-70.348488799972,47.991508,1662555872000
779826399560448,Bas-Saint-Laurent,-69.267394644955,47.693324257485,1406548666000
466179964685569,Bas-Saint-Laurent,-69.285454849507,47.70058075139,1406548610000
306486568733494,Capitale-Nationale,-70.382418825199,47.663568168708,1693936679000
1177081640060278,Mauricie,-73.441643,46.74044,1728415012000
137028048473789,Laurentides,-74.942870679763,46.430020322597,1568999997000
718354093956770,Laurentides,-74.550223241862,45.939130918459,1746091760116
1876022939820873,Laurentides,-74.567520547659,45.916371095017,1746091469866
552006115799816,Laurentides,-74.45990187254,46.121239230917,1548193529505
985578956978970,Laurentides,-74.56315164121,45.911776938534,1746091435583
159856712762407,Laurentides,-74.4358599926,46.12486077076,1558037997411
188196523164070,Laurentides,-74.567454671726,45.91615875542,1529879471339
1449641289075716,Capitale-Nationale,-71.026393,47.818544,1722179343000
1324052409423062,Cote-Nord,-63.021613542116,50.321057515221,1752055148833
618693386932274,Mauricie,-72.789063513501,47.44336058515,1451672906381
505871605414956,Saguenay-Lac-Saint-Jean,-71.130732,48.076664,1722175276000
801260218236160,Gaspesie-Iles-de-la-Madeleine,-65.193783,48.187622,1691315989000
1011508543371032,Capitale-Nationale,-70.142668939672,47.62259236248,1692899980000
1107311203407550,Laurentides,-74.160101774638,45.872822833056,1636490145530
264259236403151,Capitale-Nationale,-70.146301024231,47.638227343505,1692900262000
1305102200000870,Laurentides,-74.160490109837,45.87261253721,1636657633539
1236624027464563,Bas-Saint-Laurent,-69.346102316639,48.024362329264,1728078657517
234868961765362,Bas-Saint-Laurent,-69.162938778133,47.694411628883,1406548977000
1048523553673172,Mauricie,-73.512052,46.872558,1728319376000
1105154024513773,Mauricie,-73.513951,46.892869,1728320604000
2911945075743995,Capitale-Nationale,-70.869640544842,47.066407306269,1501878450471
805500364401674,Capitale-Nationale,-70.545764576091,47.578339673358,1693932325076
443872601596227,Laurentides,-74.5055737,46.3893591,1628176135441
643295420988236,Capitale-Nationale,-72.050337242053,46.559968768017,1696346120000
631798524880831,Capitale-Nationale,-71.168555555556,47.563786111111,1657470107816
803161970819020,Capitale-Nationale,-71.165436111111,47.566966666667,1657471837865
1464308477420651,Capitale-Nationale,-71.167916666667,47.564683333333,1657471308079
2230874803918036,Mauricie,-72.5584996,47.394644,1628617096111
593009799277699,Capitale-Nationale,-71.179969444444,47.566975,1657468961937
1167038082138763,Capitale-Nationale,-71.034451312821,47.80475461689,1755364203180
5693251784111634,Saguenay-Lac-Saint-Jean,-70.035439303868,48.157564261328,1684509199000
574622637934083,Saguenay-Lac-Saint-Jean,-70.034608401404,48.156680215529,1687271565000
1188507208271368,Laurentides,-74.049873780015,46.029811423966,1557923109274
925365224972485,Laurentides,-74.051667560506,46.029530861315,1558036059695
1162369122239446,Laurentides,-74.642121171928,46.138974136802,1746118238116
5891804380836087,Laurentides,-74.635087106408,46.138970831048,1655398649354
152900543511209,Capitale-Nationale,-71.27025858986,46.776543188847,1540133802422
1487873438748763,Abitibi-Temiscamingue,-78.6151417,47.3919204,1627220821169
1137001806798741,Capitale-Nationale,-71.270563072207,46.776367664191,1605292687000
1683122681890325,Capitale-Nationale,-71.270447789261,46.776392609202,1538482284436
1415442042149712,Capitale-Nationale,-71.270503873599,46.776526974524,1539895726932
4259522417393120,Capitale-Nationale,-71.27083775371,46.781454098489,1510245922853
4016226135133880,Capitale-Nationale,-71.270212036413,46.776265945307,1538426914598
471443247272990,Capitale-Nationale,-71.27081159185,46.776194543772,1538741063015
334888293001035,Gaspesie-Iles-de-la-Madeleine,-65.824074,48.850294,1719786130000
1119300408575942,Laurentides,-75.558844439035,46.563025000492,1530362154000
312467270483697,Laurentides,-74.649113897634,45.909236118876,1530873771000
545647174552250,Capitale-Nationale,-71.122434,47.713752,1722181351000
447757266320235,Capitale-Nationale,-71.424462802694,46.868112315541,1448017134264
1203172511563224,Gaspesie-Iles-de-la-Madeleine,-65.877740644713,49.154862049749,1751388703000
170733858265822,Capitale-Nationale,-71.432569688348,46.87121526203,1448017107600
787743909425334,Laurentides,-75.189725,46.098626,1684673660000
1072272353421296,Capitale-Nationale,-71.146921156844,47.630150148435,1661367821311
1158053663096387,Mauricie,-73.339655427448,47.957677506398,1754143897000
2817780788435862,Laurentides,-74.167095930424,45.794954358595,1572722450238
1828083771438895,Bas-Saint-Laurent,-66.042858499812,48.590977444881,1751299264000
721554413972919,Mauricie,-73.270907633875,47.957703158527,1754142634000
151926577226005,Gaspesie-Iles-de-la-Madeleine,-66.135382343987,48.943784666769,1645382530812
161211422906064,Laurentides,-74.190551350946,45.840824089655,1636662079499
1666937413698836,Laurentides,-74.190333967162,45.841326674416,1636662073233
705640988075340,Capitale-Nationale,-70.469222480147,47.619175240756,1693935002000
305602402062641,Capitale-Nationale,-70.480472463278,47.620049925077,1693934232000
1030924762165241,Gaspesie-Iles-de-la-Madeleine,-65.912292617801,49.18071109175,1751389380000
1165408431053728,Saguenay-Lac-Saint-Jean,-70.615927777778,48.049163888889,1661686596433
1586301228431849,Capitale-Nationale,-70.247641489861,47.896259494122,1662554002000
190819143330275,Capitale-Nationale,-71.099669444444,47.600936111111,1657529015093
5078876755554969,Capitale-Nationale,-71.096413888889,47.596352777778,1657528581949
761437318447450,Saguenay-Lac-Saint-Jean,-70.1990145,48.2371606,1662559907000
1041402710161580,Saguenay-Lac-Saint-Jean,-70.076848544941,48.210970842896,1684508883000
1411642566559272,Cote-Nord,-62.872885791468,50.293075639395,1752056016291
1391955465642032,Bas-Saint-Laurent,-69.292891193628,47.49484298143,1765145662670
688605376868656,Laurentides,-74.643619235485,45.969119410381,1746119799316
1244509250459163,Bas-Saint-Laurent,-66.971019632869,48.690565338379,1751471734170
245920671619640,Laurentides,-74.519383899999,45.949867766666,1690924547594
277535514039864,Bas-Saint-Laurent,-67.512128521314,48.850787971797,1559383424230
160702439302156,Bas-Saint-Laurent,-67.512482971832,48.852646492999,1519435233432
1280687700107925,Laurentides,-75.544357070755,46.598419382585,1755352069000
726933362860424,Laurentides,-73.94705796804,45.789815405007,1709309585933
1195169724273679,Laurentides,-73.947147887349,45.789697097248,1546113065276
314414613601921,Laurentides,-74.518306904626,46.112157189774,1548193311242
1309227399606901,Laurentides,-74.510474857599,46.109504368282,1655398115207
341556297574854,Laurentides,-74.500700210564,46.110597201045,1548193376771
440381004709037,Capitale-Nationale,-70.987541666667,47.606086111111,1657534396648
1126443176199661,Capitale-Nationale,-70.328225700427,47.421109180241,1755113593905
1092142679770471,Cote-Nord,-61.268231922594,50.193694315313,1752063399000
376819367993969,Capitale-Nationale,-71.0388731,47.664741399972,1661780812810
1108573297402204,Cote-Nord,-61.283153662092,50.192544587866,1752064138208
1033140148686820,Cote-Nord,-61.289110398087,50.193750731905,1752064158125
822976421985858,Laurentides,-74.119947593327,45.9389650243,1568968281000
221934472727751,Laurentides,-74.608819597352,46.088698457442,1556027644246
1141270536347987,Laurentides,-74.608915815555,46.088611900672,1545762561151
273801918369989,Capitale-Nationale,-72.139911290444,46.655461837411,1685196867000
1183064395502984,Laurentides,-74.608774586708,46.08873034516,1531398323276
1400909176975554,Laurentides,-74.608640330234,46.088905807863,1531934873155
1722296904620264,Laurentides,-74.608506828626,46.089002411098,1546007954319
207536251012441,Laurentides,-74.608807512558,46.088747295296,1553353504676
992273925280865,Saguenay-Lac-Saint-Jean,-70.796211581335,48.448316859,1684498575000
4891755504217953,Laurentides,-74.19306640603,45.910048479805,1636646665406
1408938633539143,Mauricie,-72.818937192842,46.360390500284,1755117804510
1457686098762955,Mauricie,-72.818928024972,46.36041303,1755117746570
1373865546861919,Mauricie,-72.247175957714,46.503544918446,1696352733000
2983315518581162,Nord-du-Quebec,-77.565833330041,50.603841664695,1531222182000
142925074474085,Nord-du-Quebec,-77.569646637186,50.596806332506,1531222218000
113651230793643,Laurentides,-74.55006984686,45.945806364467,1532633545142
1834243106756938,Laurentides,-74.55010358726,45.945857771239,1552169606466
532749251052292,Laurentides,-75.733184814444,46.185405731111,1596308514569
115459470601921,Laurentides,-74.550345592452,45.946096319165,1531935896501
1270178960068799,Laurentides,-74.550155414212,45.945847529388,1549118410986
1197603115021046,Gaspesie-Iles-de-la-Madeleine,-65.723644,49.130303,1719780090000
150018783804708,Laurentides,-74.550260199648,45.946130571415,1548361647650
1638978066882713,Gaspesie-Iles-de-la-Madeleine,-65.727452240623,49.123485238872,1719781768000
1433971053636911,Laurentides,-74.550210885858,45.945902208086,1558039760366
121981463265196,Laurentides,-74.55019334623,45.94595375522,1545920802634
1065336787322165,Laurentides,-74.550250112356,45.945924358876,1531407321363
1958029027706757,Laurentides,-74.550120010081,45.94580489993,1553686791472
1490667788453045,Capitale-Nationale,-70.429989105872,47.370007109864,1696687724250
918903585348786,Laurentides,-75.529296239103,46.553635967786,1569068669000
1789016781519399,Mauricie,-72.169531020094,46.592241540687,1695504934000
1682614698834450,Mauricie,-72.173988327948,46.592199603608,1683389477000
765452371381950,Capitale-Nationale,-70.237370699972,47.713755399972,1662550349000
928163731909788,Laurentides,-74.966322,47.4924699,1659519676000
1201545533649291,Capitale-Nationale,-71.239229606488,46.786950994992,1508517023310
251017153464517,Capitale-Nationale,-71.239406965052,46.786710563028,1508516219502
143302198770932,Capitale-Nationale,-71.356873872352,46.996951503748,1687682896000
291175046828675,Gaspesie-Iles-de-la-Madeleine,-64.951218,48.376033,1691329155000
3431451250450944,Mauricie,-72.785145210003,47.429460483348,1694804248000
104846502655197,Mauricie,-72.785118953451,47.429079351097,1687697797000
1453112928594430,Mauricie,-72.785116225726,47.421578346577,1694804345000
460578425275610,Bas-Saint-Laurent,-69.448080831839,47.771045352945,1406548059000
1424983354607233,Laurentides,-75.309843591569,46.527916071778,1569061833000
217134129952415,Laurentides,-74.039244611013,46.029323232723,1558036006718
3897920530335283,Capitale-Nationale,-71.549098102333,46.859536969851,1463569423191
459617336778164,Gaspesie-Iles-de-la-Madeleine,-64.520703392954,48.830510058962,1719856063000
468628738867098,Abitibi-Temiscamingue,-78.9533989,48.2898061,1626886998579
1022987612816659,Gaspesie-Iles-de-la-Madeleine,-64.52239414284,48.831185276008,1719856075000
1051860116223952,Capitale-Nationale,-70.208024131358,47.688021543545,1693941487000
3593342787656176,Capitale-Nationale,-70.208104327263,47.68749807459,1693940760000
1142578017734174,Laurentides,-75.592183548378,46.686655653477,1755360181204
3872228766209225,Laurentides,-74.262135216148,46.027649769632,1558037322636
642077043921181,Capitale-Nationale,-70.941654008606,47.718856304382,1662747551255
910880459727684,Bas-Saint-Laurent,-69.198744509337,47.691610621307,1406548877000
757228233025378,Gaspesie-Iles-de-la-Madeleine,-65.541419533634,49.146665541615,1719769481000
907095800141914,Mauricie,-73.304250708248,46.696619357355,1597079005000
650168364216532,Laurentides,-75.21082954893,46.239441398595,1755198518000
521501032316072,Mauricie,-73.306303278083,46.699324364851,1597138823000
952220328903638,Mauricie,-73.306175114007,46.699625572972,1597138997000
504120798904466,Bas-Saint-Laurent,-67.541310073635,48.848069180189,1697533038000
1579351173024752,Gaspesie-Iles-de-la-Madeleine,-64.212611967307,48.84712752626,1750935556838
1240943543759030,Bas-Saint-Laurent,-67.541331497068,48.848063955994,1697532893000
1094762372719040,Gaspesie-Iles-de-la-Madeleine,-64.210585687018,48.846590042916,1750935126962
127262432730092,Bas-Saint-Laurent,-67.535006561659,48.852935630241,1519758017701
1071336593518160,Saguenay-Lac-Saint-Jean,-70.584336111111,48.033497222222,1661684333528
182957107034162,Bas-Saint-Laurent,-67.53500656057,48.85293562874,1519757995208
1211728775931805,Laurentides,-74.280067367077,46.048094060703,1568982008000
774002073705778,Saguenay-Lac-Saint-Jean,-70.575997222222,48.027855555556,1661683977076
375016407151763,Bas-Saint-Laurent,-67.53719265,48.85197891,1520295517683
617753243069871,Saguenay-Lac-Saint-Jean,-70.563544444444,48.0274,1661683693210
178114450735940,Bas-Saint-Laurent,-67.535006562417,48.852935630392,1519758049393
823981881806050,Capitale-Nationale,-71.330708328864,46.815151840597,1447943291382
924316983035504,Capitale-Nationale,-71.330706648094,46.815382720068,1711391157000
791058555736054,Capitale-Nationale,-71.330811985775,46.815567958782,1711371938000
2485753418272838,Capitale-Nationale,-71.330029837055,46.80497109236,1685447441000
794993039319341,Laurentides,-74.249610046051,45.791861023017,1729165187166
931427900762290,Mauricie,-72.495586449363,46.376142321665,1554227103357
800347018942378,Saguenay-Lac-Saint-Jean,-72.2210753,48.8935689,1719939427000
936079075200650,Mauricie,-72.499845344165,46.379758636888,1748047779878
865151318416276,Saguenay-Lac-Saint-Jean,-72.2225247,48.8918664,1719939278000
1303413923721344,Capitale-Nationale,-71.2398514,46.8114064,1684847028000
636276004639088,Capitale-Nationale,-71.2396714,46.81149,1684847030000
588282983284506,Capitale-Nationale,-71.2397581,46.8114397,1684847029000
215122541290193,Capitale-Nationale,-71.2399564,46.8113931,1684847027000
210253478589575,Saguenay-Lac-Saint-Jean,-71.193178605196,48.290277323228,1685539901000
537480707738954,Capitale-Nationale,-71.177934076929,46.855719720472,1652138609016
291540776052652,Capitale-Nationale,-71.34333249796,47.106777655786,1539010481884
1434426874063540,Saguenay-Lac-Saint-Jean,-71.016958618069,48.353184911055,1685538286000
144739765183343,Saguenay-Lac-Saint-Jean,-71.017305223542,48.35304655558,1684500984000
523709050249420,Capitale-Nationale,-71.035210390912,47.896129428492,1722178295000
1348807312845249,Cote-Nord,-63.218142216254,50.612718757853,1749565965354
326512328816534,Laurentides,-75.190243040784,46.520123760688,1434820202012
2399949443718475,Cote-Nord,-63.217970731116,50.612573684056,1749543236411
650770185748870,Laurentides,-75.183109432648,46.51121411084,1434820163169
647923998290965,Gaspesie-Iles-de-la-Madeleine,-65.64170519347,48.400622206609,1751210681000
1376036796309759,Gaspesie-Iles-de-la-Madeleine,-65.641658,48.400304,1691157342000
1900501267159751,Gaspesie-Iles-de-la-Madeleine,-65.641668257358,48.400505902182,1751213053000
890852229205901,Mauricie,-72.540932780656,46.341182724885,1696349491000
1251473498849663,Gaspesie-Iles-de-la-Madeleine,-65.652348,48.420678,1691158492000
851629070016802,Mauricie,-72.536456055248,46.346022685574,1696349851000
482194429693865,Mauricie,-72.53851369141,46.34172719647,1502135761178
872053366711090,Mauricie,-72.54862696468,46.335139490857,1502136548552
279751997700097,Capitale-Nationale,-71.211736884388,46.860901821965,1651756615492
5933130410033957,Capitale-Nationale,-71.211819764122,46.86097052695,1651783305764
5192476510871790,Capitale-Nationale,-71.211546100001,46.860741054614,1652187002910
1111947196050284,Capitale-Nationale,-71.222459441704,46.860029392126,1652361097663
954681298876047,Capitale-Nationale,-71.214484265729,46.860431745091,1681388551000
2472857466419982,Bas-Saint-Laurent,-67.783665,48.4489851,1755973810000
261655349011350,Capitale-Nationale,-71.491838017957,46.752222415268,1447942590241
147356900706249,Laurentides,-74.369923870626,45.915372093472,1557921081668
1038382936690690,Capitale-Nationale,-71.503674508204,46.749894230468,1447942557573
223700109190775,Laurentides,-74.369903381332,45.91537131386,1545921774842
900445202530743,Bas-Saint-Laurent,-68.759218431564,47.376398735264,1765206770841
114873514247698,Mauricie,-72.411412508448,46.581745286819,1597398054000
799961344601044,Capitale-Nationale,-71.87029935766,46.693362907407,1684846456000
2283177878510661,Saguenay-Lac-Saint-Jean,-70.444324863519,48.434331711867,1684497546000
239165545156185,Laurentides,-74.50323,46.3420056,1665239235000
1189393945057807,Laurentides,-74.4939475,46.3372067,1665233327000
379580151508731,Laurentides,-74.078280876328,45.849923561723,1718965957972
1234429134594458,Laurentides,-74.078248442364,45.849896754868,1718965958139
209441470816449,Laurentides,-74.074230903608,45.849933866432,1545923692436
193574629253301,Nord-du-Quebec,-77.449672685455,51.381428652062,1531216247000
308318324145423,Nord-du-Quebec,-77.449072228506,51.380075004475,1531216253000
189779172967802,Nord-du-Quebec,-77.441121228111,51.363298231784,1507910625677
530596894770693,Nord-du-Quebec,-77.449072228506,51.380075004447,1531216253000
478188033456841,Nord-du-Quebec,-77.449155560962,51.380713873866,1531138378000
3697479667134065,Abitibi-Temiscamingue,-77.9774972,47.2097566,1627260229043
2925897420959413,Nord-du-Quebec,-77.440741611116,51.388939200932,1507910996612
3796380533938660,Gaspesie-Iles-de-la-Madeleine,-65.404231124859,49.012136754278,1719841062000
1672183563286415,Saguenay-Lac-Saint-Jean,-70.847423925264,48.239261913367,1685537205000
3415004698783303,Capitale-Nationale,-71.065362399972,47.6310579,1661783144210
464097548965077,Capitale-Nationale,-71.060588392002,47.62280152492,1661783458511
949191650700234,Capitale-Nationale,-70.16264689719,47.647369218035,1695323011250
802969567814605,Capitale-Nationale,-71.067780735352,47.627457502595,1661783256121
847166093113576,Capitale-Nationale,-71.061001099972,47.6341212,1661782969781
375067570425225,Abitibi-Temiscamingue,-79.446577777778,47.291444444444,1531056104000
818045045497184,Abitibi-Temiscamingue,-79.446341667311,47.291499997549,1531055842000
193799689126045,Abitibi-Temiscamingue,-79.453627675373,47.290702774473,1531056062000
3590938171131604,Abitibi-Temiscamingue,-79.453100001076,47.29079166566,1531055874000
267347488407288,Abitibi-Temiscamingue,-79.028335587792,48.239725832161,1531064811000
550740832582132,Abitibi-Temiscamingue,-79.014619782602,48.236284918079,1531064973000
135578448947556,Laurentides,-74.15816192169,45.911636681375,1636642441586
1275518249626068,Laurentides,-74.159086960513,45.910936528408,1636642430852
1147618877236164,Bas-Saint-Laurent,-67.1687851,48.7100834,1756747288000
938224067451256,Capitale-Nationale,-71.26074466501,47.829486194261,1685541768000
1613556692548621,Saguenay-Lac-Saint-Jean,-71.101874,48.233213,1722173404000
1101349231335854,Cote-Nord,-62.563846117337,50.280795840631,1752056760416
1503913160616766,Cote-Nord,-61.475122824077,50.169438523675,1752064655416
3436446716593196,Capitale-Nationale,-70.562702225193,47.622018243355,1685531361000
1191504118912640,Capitale-Nationale,-70.56979845092,47.624430032338,1685531697000
1136959918296705,Mauricie,-74.09192603144,47.936173016715,1754166999000
533898441869510,Mauricie,-74.0978872,47.931797199972,1659540845000
1393697865187838,Gaspesie-Iles-de-la-Madeleine,-65.690259493754,49.19144641617,1751378857000
125137359606608,Laurentides,-74.610986672673,45.988309782133,1531932905586
839022500294495,Laurentides,-74.610984388917,45.988325111847,1553349238358
1060248394503570,Laurentides,-74.611016776844,45.988364369633,1556027092985
300753978371260,Laurentides,-74.610980610228,45.988311407096,1546007330595
1603943823148259,Capitale-Nationale,-71.389894067128,46.994956092176,1425828365000
2899556206948785,Laurentides,-74.611059107087,45.988353958677,1545764003849
196846142162584,Laurentides,-74.610989043802,45.988347914589,1531397777218
2252991271501998,Laurentides,-74.615973625884,45.989526066358,1531059437258
906142123563638,Laurentides,-74.610961670544,45.988316716183,1531054387849
1198064614673755,Laurentides,-74.159661727311,45.980406020181,1724153889466
161550125974289,Laurentides,-74.611006035748,45.988310452761,1545762024039
982064806453101,Gaspesie-Iles-de-la-Madeleine,-65.386012,48.106006,1691313305000
1864212510409813,Bas-Saint-Laurent,-68.708685181358,47.574608854532,1406550624000
724416679512956,Capitale-Nationale,-71.363481651979,46.710423656185,1696341159000
1450112559464002,Bas-Saint-Laurent,-67.57901,48.304073,1751114566000
206613627956282,Laurentides,-74.575582972049,46.118306809861,1531055237410
325523515597707,Laurentides,-74.575398997594,46.118440081591,1556027902879
522010612308862,Laurentides,-74.571366343795,46.118886954507,1531398632617
787767699573760,Capitale-Nationale,-70.779112506191,47.997907376417,1685535918000
823958195166433,Laurentides,-73.966341903171,45.775412704094,1546112968355
197356208781346,Laurentides,-73.95056518943,45.787128500143,1546113049564
1908803609275422,Laurentides,-73.973294595271,45.77308731536,1552158735663
795495982433173,Saguenay-Lac-Saint-Jean,-71.129831844166,48.412961058923,1692788783514
757214148296105,Capitale-Nationale,-72.011170910011,46.633655516816,1447941092447
988491572199946,Capitale-Nationale,-70.007138400971,47.733580023145,1692730982000
1475724916587296,Laurentides,-74.092231009728,45.978312690454,1693168730338
838473674470321,Laurentides,-74.0856035,45.973743900001,1693166047755
204443494592580,Capitale-Nationale,-70.897374031575,47.040094724471,1501875221331
1141922601192407,Bas-Saint-Laurent,-67.712328,48.475533,1755961479000
1533476553841924,Laurentides,-74.4897308,46.3375683,1665231162000
200295808592727,Capitale-Nationale,-70.897363549785,47.040073403845,1501877927422
149102961450884,Mauricie,-72.288159054953,46.933592586673,1682598216000
213065067712742,Capitale-Nationale,-70.304923877498,47.921349465754,1661611048632
396327000033095,Mauricie,-73.1815617,46.932037,1628436090197
1003043457240613,Capitale-Nationale,-71.722504567224,46.686155939246,1654206788057
722042376594851,Capitale-Nationale,-71.7422397,46.6831981,1684847040000
1014988147386938,Cote-Nord,-63.39934333589,50.879170511574,1749551727948
1265643688287478,Cote-Nord,-63.399883810647,50.879173239639,1749562097755
485324499753487,Capitale-Nationale,-70.7156506,47.925036699972,1661703828177
5892563454089121,Capitale-Nationale,-70.711081699972,47.9270283,1661703583157
2973007202992074,Capitale-Nationale,-70.713575372421,47.923671368893,1661704312981
744160806656828,Capitale-Nationale,-70.7070918,47.913842999972,1661705885345
1689485181421642,Capitale-Nationale,-70.7149808,47.924208499972,1661703912774
1006809430758402,Gaspesie-Iles-de-la-Madeleine,-65.173251,48.304642,1691317143000
1404741227437349,Cote-Nord,-63.236064480691,50.331243194329,1749487428207
1216499839714334,Cote-Nord,-63.236224211354,50.331258304209,1749487230176
1282590140021820,Cote-Nord,-63.236177778311,50.33125746833,1752072689416
1075137147052366,Capitale-Nationale,-71.769315556698,46.684716637887,1711839355000
196626258856670,Laurentides,-74.280329043916,45.908842302122,1548536438982
1396395984069569,Laurentides,-74.280520459712,45.908830234019,1547672370492
142350544588367,Laurentides,-74.280086968669,45.908842120286,1535746792431
142471307868936,Laurentides,-74.280029783712,45.908858365834,1531841158568
168319298557968,Laurentides,-74.280519073122,45.908788977611,1532632299321
1781020812077840,Laurentides,-74.280243509119,45.908861410838,1553811850754
1384273381938344,Laurentides,-74.280292426359,45.908797892976,1545922097167
279360230590183,Laurentides,-74.28010701407,45.908818592565,1546109950414
1322458343184480,Cote-Nord,-63.438301061307,51.063145088209,1749557610818
1387009111697966,Laurentides,-74.280289966812,45.908795744302,1552148266758
1062894225775547,Cote-Nord,-63.438151564846,51.063206569675,1749554499606
4354752931477547,Bas-Saint-Laurent,-67.3434767,48.1709948,1757267496000
1111952079411145,Capitale-Nationale,-70.435397348615,47.998932996752,1661624479531
1899089620295847,Capitale-Nationale,-70.4368841,47.988196299972,1661624176720
855639832089829,Capitale-Nationale,-70.437865799972,47.982331799972,1661623875012
174663218428573,Capitale-Nationale,-70.438316519282,47.854480865532,1661524653057
189594650198987,Capitale-Nationale,-70.434723031564,47.856691814767,1661524974621
2655084297978196,Laurentides,-74.024545782577,45.849958534544,1709472118250
1288887574838715,Laurentides,-74.584858851086,45.936653758759,1536333865287
313581970161227,Laurentides,-74.602677637184,45.920456454419,1530464153000
754441785848877,Capitale-Nationale,-70.469848591008,47.860061696109,1661525042190
1203403793447167,Laurentides,-74.581215665525,45.922413363457,1536333556141
1417444335722314,Saguenay-Lac-Saint-Jean,-70.711432092039,48.309470740259,1684506695000
487494989888641,Capitale-Nationale,-70.657575499972,47.9988797,1661691626117
479349498006893,Gaspesie-Iles-de-la-Madeleine,-66.491284,49.063555,1719681605000
1230702027834038,Capitale-Nationale,-71.13408224908,46.846240130979,1681383014000
473268031329978,Capitale-Nationale,-70.664307899972,47.9768612,1661696676627
419353430083481,Capitale-Nationale,-70.668875799972,47.971277899972,1661697374760
133234069208687,Capitale-Nationale,-70.6643425,47.9811114,1661695338638
208313918208048,Capitale-Nationale,-70.664955555556,47.988922222222,1661694496022
800181854469208,Capitale-Nationale,-70.665458333333,47.983775,1661694852462
1088825445358110,Capitale-Nationale,-70.664680555556,47.990916666667,1661692688042
798361948012946,Capitale-Nationale,-70.666013,47.9748104,1661696847728
1800207850318319,Capitale-Nationale,-70.663548399972,47.978284299972,1661696332939
238645428899800,Capitale-Nationale,-71.238918713345,47.608429575575,1686490374000
3366144563645767,Capitale-Nationale,-70.6628326,47.9957204,1661691838176
595826382014670,Capitale-Nationale,-70.663872222222,47.980838888889,1661695436855
1101671543789167,Capitale-Nationale,-70.663711111111,47.994716666667,1661692147330
1901444790254436,Saguenay-Lac-Saint-Jean,-70.765421617862,48.343744894436,1687268812000
1172213036978418,Capitale-Nationale,-70.483673494025,47.820563433445,1661519253933
5535537653196699,Capitale-Nationale,-70.861820499972,47.740570699972,1661768477220
513161790553339,Capitale-Nationale,-70.856851899972,47.741625499972,1661768341670
633780948120937,Capitale-Nationale,-70.8671216,47.7395356,1661768971102
1160594401532620,Capitale-Nationale,-70.853742998842,47.742627595293,1661768272990
470092085716383,Gaspesie-Iles-de-la-Madeleine,-65.113887766488,49.095040134814,1719843380000
5037421876315816,Gaspesie-Iles-de-la-Madeleine,-66.111994866716,48.909156170994,1645641170209
817153730302923,Abitibi-Temiscamingue,-78.6949924,48.4450704,1626898257735
1085963610139097,Cote-Nord,-63.31452103287,50.757084805865,1749563800376
482993943735058,Capitale-Nationale,-70.339487199972,47.906314899972,1661607709336
1222291121906142,Capitale-Nationale,-70.3383857,47.906140299972,1661607792401
1570638936687814,Capitale-Nationale,-70.325697599972,47.909092899972,1661609254255
756936292079841,Capitale-Nationale,-70.3316848,47.904390399972,1661608296942
613588776958906,Capitale-Nationale,-70.328889899972,47.906660299972,1661608821446
3230880847227882,Capitale-Nationale,-70.328147799972,47.9074728,1661609021407
1062000647838834,Capitale-Nationale,-70.334806499972,47.9057794,1661608033802
1262712674489721,Capitale-Nationale,-70.324470199972,47.909860999972,1661609351238
502432238363713,Capitale-Nationale,-70.7923514,47.7863753,1661762631148
196546192777228,Capitale-Nationale,-70.7947419,47.763693899972,1661763556669
841576003536189,Capitale-Nationale,-70.7969817,47.7625924,1661763930750
798045217990708,Capitale-Nationale,-70.792628199972,47.7799952,1661762954300
1106160774764644,Cote-Nord,-68.537334873757,49.391857711888,1751897334981
1730850240616454,Capitale-Nationale,-70.792124299972,47.789984599972,1661762411351
1209303016585894,Capitale-Nationale,-70.795498552574,47.764355895965,1661763453835
353023704072392,Capitale-Nationale,-70.381203356674,47.41822227043,1696695361750
1461635424393764,Capitale-Nationale,-70.386007623361,47.418966882958,1696696176000
1344301553128777,Capitale-Nationale,-70.386028869587,47.418959355275,1692889842000
2201406660035748,Capitale-Nationale,-70.846772222222,47.675002777778,1657539799921
582392463370472,Capitale-Nationale,-71.223716666667,47.531569444444,1657464162222
171425895883330,Saguenay-Lac-Saint-Jean,-70.058871058857,48.345604465096,1684496411000
1027080584949262,Capitale-Nationale,-70.043633207627,47.692505840213,1687274345000
1344606333151043,Gaspesie-Iles-de-la-Madeleine,-65.431241,48.093322,1691304909000
1478665092735832,Abitibi-Temiscamingue,-78.5566639,47.3255696,1627224853625
1333856554195414,Gaspesie-Iles-de-la-Madeleine,-65.431264,48.093199,1691139833000
1279084630151717,Gaspesie-Iles-de-la-Madeleine,-65.444496364405,48.0962553851,1691308671000
757306215352173,Capitale-Nationale,-70.355793899972,47.901434299972,1661606291098
728343853428854,Cote-Nord,-61.504602743764,50.169602543798,1752064902625
487147736270410,Capitale-Nationale,-70.3590441,47.899882099972,1661605846411
1204970167101363,Capitale-Nationale,-70.363286599972,47.8991236,1661605464238
113908147999658,Capitale-Nationale,-70.3407411,47.9056543,1661607609690
1944174709106170,Capitale-Nationale,-70.361892204894,47.899747591454,1661605564515
556980486117729,Capitale-Nationale,-70.3603523,47.8999116,1661605750193
1064305150955260,Capitale-Nationale,-70.344634999972,47.905191299972,1661607263444
449721207180289,Capitale-Nationale,-70.3547946,47.901905599972,1661606405449
836791820995676,Capitale-Nationale,-70.3413575,47.905640499972,1661607540782
809795100375449,Capitale-Nationale,-70.3456498,47.904865899972,1661607093645
1889461261909289,Cote-Nord,-63.473035703548,50.259029454757,1752053557833
406412414884867,Capitale-Nationale,-70.3577803,47.898838599972,1661605956714
162842893056122,Capitale-Nationale,-70.3525979,47.9027948,1661606569918
799173524603660,Capitale-Nationale,-70.3634303,47.898572199972,1661605389430
189040686931918,Capitale-Nationale,-70.3559946,47.901089399972,1661606218760
1030961247586715,Capitale-Nationale,-70.674670835115,47.806041586005,1661439167056
284445154096360,Capitale-Nationale,-71.741314536369,46.671707461091,1685189139000
578111317642074,Capitale-Nationale,-71.730454407973,46.679945841222,1685105863000
2991574787733180,Capitale-Nationale,-71.735369055638,46.676661523494,1428953110605
269060498273998,Capitale-Nationale,-71.98970282589,46.645039428126,1447941163655
185142496762679,Capitale-Nationale,-71.983065730471,46.649461486917,1447941188090
169216471658825,Capitale-Nationale,-71.936170613171,46.668679949235,1447941335083
301990878036300,Capitale-Nationale,-71.959563931837,46.659206973779,1447941261465
797739631989627,Capitale-Nationale,-71.236842319928,47.997714979983,1685541097000
1657000254704003,Mauricie,-72.5800113,47.397297,1628616623620
1148960342819490,Abitibi-Temiscamingue,-78.6695174,48.1500959,1626983751421
1544721446389636,Abitibi-Temiscamingue,-78.6646519,48.1664793,1626982653588
352256957125649,Capitale-Nationale,-70.401736467812,47.516999099652,1692902251000
520527642732126,Mauricie,-72.765131572132,47.320059130502,1622210204000
302979512894035,Capitale-Nationale,-71.017912337026,47.864647601225,1722178778000
725532869382055,Gaspesie-Iles-de-la-Madeleine,-65.173887241908,48.402197482893,1691322521000
203365162448939,Gaspesie-Iles-de-la-Madeleine,-65.169549,48.403085,1691322834000
1278685247252568,Saguenay-Lac-Saint-Jean,-71.433421169775,47.979562347136,1755181385403
1101857075382054,Saguenay-Lac-Saint-Jean,-71.433340680785,47.979531975442,1755172197801
1395465350813267,Mauricie,-72.882677586817,47.146199801981,1503669836608
1588469628796224,Gaspesie-Iles-de-la-Madeleine,-66.126936047882,48.105441337979,1750793920126
1087477656291653,Gaspesie-Iles-de-la-Madeleine,-66.136218643415,48.127264036853,1750793172383
1028688074466946,Saguenay-Lac-Saint-Jean,-70.2809234,48.1245234,1662558177000
1144510554104997,Cote-Nord,-63.250108485772,50.470007250066,1749569040992
600540649734576,Cote-Nord,-63.249927786541,50.470097844008,1749541781528
772932671822989,Cote-Nord,-63.249948972622,50.469978684051,1752076484458
1669032800632217,Cote-Nord,-63.250949214007,50.480683185523,1752074374916
270242035716733,Gaspesie-Iles-de-la-Madeleine,-65.679822,48.37605,1691156805000
506556662515972,Gaspesie-Iles-de-la-Madeleine,-65.67977026265,48.376024566031,1751210137000
1077002862789116,Nord-du-Quebec,-77.444022221346,52.080766662086,1531150448000
615960706466506,Nord-du-Quebec,-77.448813884683,52.080472225471,1531150464000
372051157461132,Nord-du-Quebec,-77.420705599848,52.082175009072,1531206394000
963304827815119,Nord-du-Quebec,-77.420705599848,52.082175009072,1531206394000
1131920718990175,Cote-Nord,-68.670958516383,49.743119982627,1751968479440
1103628677287704,Mauricie,-72.363416481342,46.432408202734,1696351656000
1375050809558656,Mauricie,-72.412026712214,46.554964905547,1597404923000
868602954981915,Gaspesie-Iles-de-la-Madeleine,-65.42142,48.157096,1691308037000
1001495994449319,Gaspesie-Iles-de-la-Madeleine,-66.177691365312,49.036059225616,1719685388000
1313507343614080,Cote-Nord,-61.992333295522,50.221862933707,1752067090458
352202444584224,Gaspesie-Iles-de-la-Madeleine,-66.45476018318,49.030463179119,1719682132000
2767904996684293,Gaspesie-Iles-de-la-Madeleine,-65.206241,48.218791,1691316406000
300781795906067,Mauricie,-72.783938147906,47.374075243076,1695495170000
335269212711123,Abitibi-Temiscamingue,-78.6884782,47.3789974,1627218911607
988212435991632,Abitibi-Temiscamingue,-78.6679795,48.1089835,1626986151465
1172452077502649,Abitibi-Temiscamingue,-78.6633682,48.1230828,1626984690741
983153043366179,Abitibi-Temiscamingue,-78.8729518,48.4590468,1626893796945
805738201517696,Abitibi-Temiscamingue,-78.8684676,48.459045,1626893932968
1019653673079811,Gaspesie-Iles-de-la-Madeleine,-66.423969284549,49.025447929226,1719683608000
1619164212112392,Gaspesie-Iles-de-la-Madeleine,-65.849717,48.176375,1751145864000
817177166795150,Gaspesie-Iles-de-la-Madeleine,-64.647923,48.93955,1719862607000
1443183093165812,Saguenay-Lac-Saint-Jean,-70.020302951685,48.100419498871,1684509470000
358866506808210,Abitibi-Temiscamingue,-78.5933652,47.7174194,1627061724204
2363055020555805,Abitibi-Temiscamingue,-78.5791708,47.9292355,1626998438103
1450957119070492,Gaspesie-Iles-de-la-Madeleine,-65.526477,48.18089,1691143937000
1247657053697059,Cote-Nord,-63.444826881643,50.986144178666,1749560510172
1039568521653873,Cote-Nord,-63.444087467315,50.985895607029,1749554502575
1146790430820759,Cote-Nord,-63.448299924758,51.003668201078,1749558476820
1553303722278600,Gaspesie-Iles-de-la-Madeleine,-65.658278,49.172538,1719770569000
260126920520380,Abitibi-Temiscamingue,-78.6236187,47.7708628,1627056423662
822830282823246,Gaspesie-Iles-de-la-Madeleine,-65.570837,48.196612,1691145477000
3463848717186510,Gaspesie-Iles-de-la-Madeleine,-65.166246,48.321208,1691317608000
2213003925805991,Cote-Nord,-63.296620723731,50.27801550316,1752054736750
535466862323696,Saguenay-Lac-Saint-Jean,-71.119979,48.177992,1722173997000
1123967605371119,Gaspesie-Iles-de-la-Madeleine,-65.525205,49.139181,1719769348000
355344767668884,Gaspesie-Iles-de-la-Madeleine,-65.494146508284,48.945784902634,1719759859000
464300042870803,Gaspesie-Iles-de-la-Madeleine,-65.486668,48.945967,1719768087000
2215768092106147,Gaspesie-Iles-de-la-Madeleine,-65.486982,48.94642,1719838404000
1355542939170180,Abitibi-Temiscamingue,-78.5673236,47.9968746,1626995231641
811420137609999,Abitibi-Temiscamingue,-78.6697268,48.0609834,1626987910127
641791908948317,Cote-Nord,-62.336946148329,50.279460943427,1752057893291
1350616202475736,Gaspesie-Iles-de-la-Madeleine,-64.729508950079,48.34180801503,1691331093000
1883976992121590,Abitibi-Temiscamingue,-78.6734062,48.2733781,1626974846629
370773912675346,Abitibi-Temiscamingue,-78.5994555,47.8204446,1627052714633
446226501495979,Abitibi-Temiscamingue,-78.5977355,47.8168102,1627053034529
3702669153324826,Abitibi-Temiscamingue,-78.5977048,47.830352,1627051649525
1149774112929014,Gaspesie-Iles-de-la-Madeleine,-66.129181,49.038104,1719687692000
1154476919719975,Cote-Nord,-63.253810767287,50.446429680378,1749541952766
1428241741170047,Gaspesie-Iles-de-la-Madeleine,-66.131526,49.039296,1719687677000
479692431258865,Abitibi-Temiscamingue,-78.8959725,48.3608405,1626890237197
3767985890148611,Abitibi-Temiscamingue,-77.9552086,47.2140388,1627305065942
759916696337956,Abitibi-Temiscamingue,-77.955206,47.2131593,1627305145231
424384883777228,Abitibi-Temiscamingue,-77.9592352,47.2164105,1627304173046
2048208835997441,Cote-Nord,-68.181543001182,49.268836936428,1751886050777
826955302332145,Gaspesie-Iles-de-la-Madeleine,-65.621268,48.37459,1691158878000
779523607600875,Abitibi-Temiscamingue,-78.0789964,47.2022204,1627246378775
141421125670825,Gaspesie-Iles-de-la-Madeleine,-65.482640363359,48.147934452705,1691306608000
1390537325151125,Gaspesie-Iles-de-la-Madeleine,-65.482770991487,48.147856116896,1691306801000
1491627634766465,Abitibi-Temiscamingue,-77.857381,47.2089904,1627310546917
977978193549781,Abitibi-Temiscamingue,-78.9214878,48.3383478,1626889118717
1047210884187486,Gaspesie-Iles-de-la-Madeleine,-65.668675580891,48.350843981264,1751205925000
1070367131721264,Gaspesie-Iles-de-la-Madeleine,-65.66920900033,48.351175000014,1751215052000
260677936744798,Gaspesie-Iles-de-la-Madeleine,-65.668633,48.350895,1691155672000
473338004522502,Saguenay-Lac-Saint-Jean,-71.063985300002,48.668607200584,1664110806466
5462926523825646,Saguenay-Lac-Saint-Jean,-71.063939700002,48.668590699999,1664110996493
1150588862471252,Saguenay-Lac-Saint-Jean,-71.063976599899,48.668613861386,1664110846076
827718795072346,Saguenay-Lac-Saint-Jean,-71.063939700002,48.668590699999,1664111001724
1741798710063927,Cote-Nord,-63.188460204191,50.60640181278,1749567698914
1430703387962688,Cote-Nord,-63.189288250631,50.606362963215,1749543248757
885575197045128,Cote-Nord,-68.153253909759,51.286666546463,1728063254571
465808629331242,Abitibi-Temiscamingue,-78.5786418,47.3747086,1627222201685
293364112293471,Abitibi-Temiscamingue,-79.51998005981,48.95196844603,1430145369237
1421680775178597,Abitibi-Temiscamingue,-78.6122554,47.7827729,1627055232924
957601539397507,Abitibi-Temiscamingue,-78.6691834,48.0189039,1626990155550
770457421934161,Abitibi-Temiscamingue,-78.9130139,48.3419641,1626889678769
24112537068356340,Gaspesie-Iles-de-la-Madeleine,-66.031216151784,48.533774024269,1751303000000
751265457587778,Gaspesie-Iles-de-la-Madeleine,-66.029602717125,48.540696340347,1751299815000
1249503192684613,Abitibi-Temiscamingue,-77.930435,47.199722,1627306493243
477444048270234,Abitibi-Temiscamingue,-77.9303736,47.199722,1627306715353
432092446354487,Abitibi-Temiscamingue,-77.9301088,47.1995275,1627306787335
1769691816880464,Saguenay-Lac-Saint-Jean,-71.430421273401,47.992509131184,1694792879000
1459750734659404,Abitibi-Temiscamingue,-78.5616085,47.3518087,1627223104311
478244848097733,Abitibi-Temiscamingue,-78.1086868,47.2021414,1627245117741
897351645492367,Abitibi-Temiscamingue,-78.0837343,47.1976804,1627246139253
1272936509867379,Gaspesie-Iles-de-la-Madeleine,-65.450142,48.153255,1691141327000
1532726497592276,Abitibi-Temiscamingue,-77.9295692,47.1990132,1627306969223
816462957108463,Abitibi-Temiscamingue,-77.9004597,47.1981184,1627308140908
281363464118022,Gaspesie-Iles-de-la-Madeleine,-66.065151188349,48.923990827504,1645464734066
4154455408143445,Saguenay-Lac-Saint-Jean,-73.302947443848,48.300840209239,1754231139000
1801557280766867,Saguenay-Lac-Saint-Jean,-73.30286517383,48.301003633957,1754232481000
1457130141971825,Saguenay-Lac-Saint-Jean,-73.303057909638,48.300668015863,1754229864000
465025962608184,Abitibi-Temiscamingue,-78.2664944,47.2242176,1627236891060
298431758437811,Abitibi-Temiscamingue,-78.104544444361,48.560049999917,1531070116000
461272408472578,Abitibi-Temiscamingue,-78.104544444444,48.56005,1531070116000
1080430424194749,Saguenay-Lac-Saint-Jean,-73.303992030648,48.311383688885,1754230217024
243111024984590,Saguenay-Lac-Saint-Jean,-70.868651096714,48.323110286598,1684506050000
191957519993312,Saguenay-Lac-Saint-Jean,-70.884453656009,48.336714940659,1684502174000
1653036308568446,Abitibi-Temiscamingue,-78.3990592,47.7170613,1627069052005
3715061162041097,Abitibi-Temiscamingue,-78.3977156,47.7180367,1627068251030
458144566796503,Abitibi-Temiscamingue,-78.3986871,47.7144252,1627069522327
444541931522363,Abitibi-Temiscamingue,-78.3990495,47.7171258,1627068873158
1276189833387876,Cote-Nord,-68.057479426277,51.724326840635,1728067544143
1944601549356865,Abitibi-Temiscamingue,-78.5936498,47.849192,1627050249811
711552804335034,Abitibi-Temiscamingue,-78.5949809,47.8575893,1627049722102
422072787280558,Abitibi-Temiscamingue,-78.5544158,47.3399181,1627224128144
863410692256907,Abitibi-Temiscamingue,-78.5574771,47.341985,1627223947887
540394441255418,Saguenay-Lac-Saint-Jean,-71.070418700002,48.4155954,1668100859482
1165131177246910,Nord-du-Quebec,-77.505233332993,51.152741666665,1531217550000
1347215485662144,Nord-du-Quebec,-77.505561109196,51.158777781898,1531217528000
828681838693876,Abitibi-Temiscamingue,-78.5832478,47.802367,1627054008456
1000635164765794,Abitibi-Temiscamingue,-78.5774931,47.9317416,1626998034249
128095373597582,Saguenay-Lac-Saint-Jean,-72.040990048087,48.430233173068,1683375402000
752002972158016,Abitibi-Temiscamingue,-79.250543492363,47.633086801434,1430158696668
196270693358121,Saguenay-Lac-Saint-Jean,-71.079182393934,48.386230809004,1684500709000
912733169297212,Nord-du-Quebec,-77.39561933022,51.285899174657,1507908743301
823329135203581,Nord-du-Quebec,-77.400327742814,51.279283397163,1531136965000
764627090840021,Nord-du-Quebec,-77.390594439582,51.290380559697,1531137012000
1427809928237842,Cote-Nord,-63.26481881204,50.627110281403,1749545072198
593915156196281,Saguenay-Lac-Saint-Jean,-72.032255,48.4297631,1687691271000
1045322077259540,Cote-Nord,-63.488867128057,51.213249896505,1749646841754
1250213386733226,Cote-Nord,-63.488718629352,51.213416154409,1749641201091
915964412527356,Nord-du-Quebec,-77.317044449509,49.811174997653,1531227497000
3906040016181318,Nord-du-Quebec,-77.321622220459,49.809549998698,1531227511000
226201035505657,Nord-du-Quebec,-77.081266666749,50.345208352353,1531224698000
916028419221142,Nord-du-Quebec,-77.082388894917,50.350250002659,1531224680000
4260446713966067,Nord-du-Quebec,-77.088609440034,50.359460067898,1507818720097
281759360952715,Saguenay-Lac-Saint-Jean,-70.916485846341,48.310052548347,1685537570000
1253961462778329,Cote-Nord,-63.213603565583,50.55049061231,1749567709925
1086846053541716,Cote-Nord,-63.213303443539,50.550982252918,1752074721625
29900210196293514,Cote-Nord,-63.213302599534,50.550873855019,1749543020429
714274781571928,Cote-Nord,-63.213456310268,50.550730119039,1752076117958
1063073775886851,Cote-Nord,-63.230199894451,50.532750362321,1749543280823
157867067020141,Saguenay-Lac-Saint-Jean,-71.52399660604,48.089061916447,1683372606000
292716142474416,Saguenay-Lac-Saint-Jean,-70.687163888889,48.37974,1475510611000
1049011287009239,Cote-Nord,-68.233187271184,51.498920489057,1728065864571
565649985652448,Saguenay-Lac-Saint-Jean,-70.895515218334,48.335523669503,1684501519000
467473814363617,Nord-du-Quebec,-77.658583330378,50.759663895328,1531220947000
471972090549260,Nord-du-Quebec,-77.659990115584,50.758933254472,1531220955000
172138634799393,Nord-du-Quebec,-78.318179060268,52.1871912958,1531202984000
241183594445676,Nord-du-Quebec,-78.307075001565,52.19040277818,1531203020000
2142510536235117,Cote-Nord,-61.58997319555,50.196937858671,1752065201041
702376329204377,Cote-Nord,-63.449937105582,50.913846433089,1749561436439
2420751571644686,Cote-Nord,-63.236140366258,50.529039139245,1752074662375
680015965054178,Cote-Nord,-63.234908202644,50.530073713909,1752076258208
1992830321479875,Cote-Nord,-63.192390547889,50.623233393538,1752075456666
775622225009195,Cote-Nord,-63.183049164104,50.624414861962,1752075716833
1718977778864192,Saguenay-Lac-Saint-Jean,-71.105350643522,48.035642009049,1722175970000
1959750481470670,Saguenay-Lac-Saint-Jean,-71.103048,48.013198,1722176937000
2910745579153847,Nord-du-Quebec,-77.253477764143,50.474872218124,1531223971000
848534092411783,Nord-du-Quebec,-77.269050004016,50.47620000269,1531223933000
875527699667718,Nord-du-Quebec,-77.245489770417,50.473977557033,1507827351687
2074710686035074,Nord-du-Quebec,-77.253499134598,50.474891634951,1507827469499
1121686599372981,Cote-Nord,-68.135472150176,51.3457740248,1728064114428
519600970898475,Cote-Nord,-68.151762447669,51.360730883119,1728064195857
1588100295495494,Cote-Nord,-61.717389234042,50.14444927512,1752065651833
1888636408379224,Saguenay-Lac-Saint-Jean,-73.096688276634,48.32550988201,1754239385312
1407880743831590,Saguenay-Lac-Saint-Jean,-73.0966768814,48.325563706716,1754239400033
3448161432144860,Cote-Nord,-68.713779484876,50.64400322652,1728056429250
1314211895628683,Nord-du-Quebec,-77.117461111111,52.199397222222,1531148492000
299362665200933,Nord-du-Quebec,-77.116697223592,52.199724997853,1531207987000
575790610071875,Nord-du-Quebec,-77.118666666306,52.19866666481,1531207981000
941928286644934,Nord-du-Quebec,-77.118719442875,52.198697226335,1531148496000
901279790723879,Nord-du-Quebec,-77.118436112055,52.198797221396,1531142883000
848933322645313,Nord-du-Quebec,-77.119130553319,52.198416666874,1531142881000
1183692050196936,Cote-Nord,-63.301014995518,50.649921605024,1749565878634
1138788216594744,Nord-du-Quebec,-77.300238891313,52.049291671367,1531141990000
288215666186318,Nord-du-Quebec,-77.300055533265,52.049461115501,1531149441000
288883216202461,Nord-du-Quebec,-77.300125003468,52.049452776982,1531149391000
466524694614560,Nord-du-Quebec,-77.30057692955,52.048908174096,1531207068000
978017406280666,Nord-du-Quebec,-77.300068648973,52.049403874879,1531207074000
514934631435566,Cote-Nord,-67.937111059851,51.781598224965,1728068301428
556210730196152,Cote-Nord,-67.947205145544,51.779802871722,1728068252000
1281783553114216,Cote-Nord,-68.211793414207,51.454611857677,1728065627858
2384319018574335,Cote-Nord,-68.213075286539,51.430007031011,1728065516571
1397245334685263,Cote-Nord,-61.946033018365,50.229779144102,1752066922916
3897712433846453,Saguenay-Lac-Saint-Jean,-72.161795861011,48.446689692412,1696437817000
375165008764396,Saguenay-Lac-Saint-Jean,-72.165845595517,48.447921412919,1696437778000
1136632091825647,Cote-Nord,-63.455548984556,51.026247298467,1749554536976
1265012594974859,Cote-Nord,-63.456975012628,51.026626784526,1749558610253
852136045771067,Saguenay-Lac-Saint-Jean,-70.658583506193,48.019908019872,1661689088941
614466733578855,Saguenay-Lac-Saint-Jean,-70.658552777778,48.019919444444,1661689235965
453602943382658,Saguenay-Lac-Saint-Jean,-70.658102777778,48.019158333333,1661689398518
2049509808577792,Saguenay-Lac-Saint-Jean,-70.647111111111,48.039283333333,1661688196059
1980384412444638,Cote-Nord,-68.129480482879,51.675964137942,1728067225286
389713697413114,Cote-Nord,-68.154315684273,51.665761894789,1728067140714
134666965344227,Nord-du-Quebec,-77.628149993992,50.869472222434,1531218855000
472075470517431,Nord-du-Quebec,-77.622624993473,50.877836115145,1531218821000
1172147551244247,Cote-Nord,-63.304810038439,50.689296763133,1749564603283
3034622183426803,Saguenay-Lac-Saint-Jean,-70.487244444444,48.010794444444,1661681418507
677710774426262,Saguenay-Lac-Saint-Jean,-71.418007878399,47.979325502789,1694788225000
1212916722587822,Saguenay-Lac-Saint-Jean,-70.449683333333,48.011969444444,1661680378827
1341521113980781,Cote-Nord,-63.241183112101,50.413774150469,1752076585291
539145642485164,Cote-Nord,-63.241234512381,50.413719714296,1749487262041
1401222377784682,Cote-Nord,-63.241110266638,50.413942721735,1749487259072
1265806315187172,Saguenay-Lac-Saint-Jean,-73.28901999374,48.309080000824,1754231607000
1069008645384029,Saguenay-Lac-Saint-Jean,-73.266293299506,48.292621168273,1754233450392
1414714139728377,Cote-Nord,-63.444573330448,51.092453098913,1749557608883
1446010723303272,Cote-Nord,-68.680962628752,49.702892833019,1751973634659
1416870789456731,Cote-Nord,-63.443391278833,50.9417118316,1749560595357
1638863633484634,Cote-Nord,-63.442846602205,50.941721341211,1749552917001
422370129242403,Nord-du-Quebec,-77.089622222222,52.322813888889,1531147667000
1133070690540832,Nord-du-Quebec,-77.08962222112,52.322813885989,1531147667000
612465798309178,Cote-Nord,-63.601821512899,50.244800627415,1752053083250
1071964784843530,Cote-Nord,-63.488087283682,51.279736908311,1749645643066
1392208218770483,Cote-Nord,-63.488013104974,51.279526526705,1749641453277
309621774002052,Nord-du-Quebec,-77.33664444674,51.960950001458,1531141329000
445932061574287,Cote-Nord,-66.47943399425,50.155624255222,1718978712000
601938139603881,Cote-Nord,-63.438402489061,50.979548594607,1749553007558
1402069044201220,Cote-Nord,-63.479519443806,51.118619285323,1749640400530
1234783195048255,Cote-Nord,-63.469750826284,51.114175603459,1749648583220
694768243338776,Cote-Nord,-63.259237424236,50.381486228614,1749487285998
1232266684938810,Cote-Nord,-63.259936445242,50.384314109831,1749487199245
630146759703071,Cote-Nord,-63.25973115367,50.383196783393,1752073766750
488198999045534,Nord-du-Quebec,-77.550452782028,49.791002780612,1531228091000
934096010740387,Nord-du-Quebec,-77.567074999155,49.775916665659,1531228165000
267121601823602,Nord-du-Quebec,-77.077947230914,52.268016679207,1531145705000
472031914081010,Nord-du-Quebec,-77.075919442147,52.264852779194,1531145691000
1518273802136390,Cote-Nord,-68.113944324108,51.30736353795,1728063417857
640327361929872,Cote-Nord,-61.631431571094,50.153230484389,1752065373208
1055919889321092,Cote-Nord,-63.500553608403,51.18418369397,1749646719165
1759378721384693,Cote-Nord,-63.500456815388,51.184091192991,1749641458615
1243983923546680,Cote-Nord,-68.227127932499,51.637496172948,1728066734285
1371194294094455,Cote-Nord,-63.389251364132,50.8777169061,1749551070865
1154829753075203,Cote-Nord,-63.368423182417,50.877370379185,1749550921817
1057638599800791,Cote-Nord,-63.368756556333,50.87745472593,1749561910868
538115085595756,Cote-Nord,-68.007284934811,51.756786877126,1728067910571
9849124228546354,Cote-Nord,-63.301854610409,50.770156725979,1749548418218
1315697199396072,Cote-Nord,-68.137017993973,51.945115886283,1728076746285
1255237448957183,Cote-Nord,-68.131791970236,51.958766411454,1728076820000
239216694630734,Nord-du-Quebec,-77.660981552768,50.694567357132,1531221586000
382628476298346,Nord-du-Quebec,-77.671874988866,50.699916658854,1531221534000
1258608509227162,Cote-Nord,-63.490494403023,51.32623255796,1749645802358
1047154447595942,Cote-Nord,-63.490405005642,51.326263551931,1749642794744
1107004587704679,Cote-Nord,-68.230538998576,51.606174047725,1728066492999
155750339746579,Nord-du-Quebec,-77.768255556339,52.076761110315,1531151538000
247019430510243,Nord-du-Quebec,-77.768644440724,52.076761116657,1531205060000
1217194918733591,Nord-du-Quebec,-77.765472221427,52.076205552867,1531151528000
498142794672692,Nord-du-Quebec,-77.767272232667,52.076483335762,1531205064000
426383400479502,Cote-Nord,-68.152747269605,51.920386143859,1728076580500
2203435256838694,Cote-Nord,-63.345146024487,50.871813932768,1749551075704
1134401548711752,Cote-Nord,-63.332024317794,50.80851912686,1749563417527
1025983233083636,Cote-Nord,-63.330825253865,50.802939883584,1749550004693
2224551431315434,Cote-Nord,-63.334501497774,50.825873760543,1749549827783
2662613637279162,Cote-Nord,-68.036876542097,51.743092649851,1728067686571
514955773447468,Nord-du-Quebec,-77.558780529201,51.056849345128,1507906314670
312648416943740,Nord-du-Quebec,-77.11756666524,50.069102774226,1531225759000
323198089203106,Nord-du-Quebec,-77.117362539699,50.067906117335,1507815914351
532027431141604,Nord-du-Quebec,-77.118741656715,50.050713915686,1531225825000
383356354235648,Cote-Nord,-66.473168570129,50.157193164257,1718979399000
984545593268303,Cote-Nord,-66.4767456677,50.156373081202,1718029051000
494137156479338,Cote-Nord,-66.473272643553,50.156749041408,1718979252000
1212014710171775,Cote-Nord,-66.478017959524,50.156316688271,1718979548000
480786067731120,Cote-Nord,-66.477851073751,50.156409729177,1718029324000
980337033825979,Cote-Nord,-66.478614716264,50.15594740867,1718978314000
988500309346723,Cote-Nord,-66.476481129204,50.155385476746,1718029184000
1133255867908769,Cote-Nord,-66.472810428551,50.157035331065,1718978555000
1228709584251609,Nord-du-Quebec,-77.390822225276,51.659297226016,1531139734000
240759131138838,Nord-du-Quebec,-77.39131666563,51.63381388764,1531139610000
1233308827729386,Cote-Nord,-63.310229070545,50.6799467291,1749565768290
1208432497270613,Cote-Nord,-63.31008369463,50.679819237242,1749547331328
1055643672701188,Cote-Nord,-63.301140367511,50.650106168003,1749547150999
10038700279543922,Cote-Nord,-63.334108763926,50.830308730445,1749562251909
1092403096271863,Cote-Nord,-63.450196200672,50.888999300827,1749551795915
1502590908332267,Cote-Nord,-66.259705,50.150091666667,1699752510000
1370131764041663,Cote-Nord,-63.258786862223,50.618590290802,1749566094283
460181751714356,Nord-du-Quebec,-77.372602778518,51.72032500037,1531140100000
199484265175512,Nord-du-Quebec,-77.383008699363,51.731358228466,1531140178000
1336721283378371,Nord-du-Quebec,-77.383721195704,51.734644597602,1531227537542
541636548447811,Cote-Nord,-68.204154893757,51.651494496248,1728066825857
2469406903436198,Cote-Nord,-63.49331544666,51.345063567054,1749643039455
1027013475813083,Cote-Nord,-63.270772459896,50.642824806989,1748953931980
1209483430957021,Cote-Nord,-63.270859243954,50.64283085207,1748953797216
1237683491314299,Cote-Nord,-63.270927917009,50.642618683153,1748954968181
1033870818439835,Cote-Nord,-68.737883449243,50.642559774295,1728055902500
889373189817167,Cote-Nord,-68.211892940796,51.399551267424,1728065369714
1192136654549414,Nord-du-Quebec,-77.104864451895,52.320968807306,1531161574968
2003486573134745,Nord-du-Quebec,-77.105230007163,52.320830502468,1531146228000
292982218960381,Nord-du-Quebec,-77.101602656713,52.321132663707,1531160890399
935245027309771,Nord-du-Quebec,-77.104941674226,52.320886266228,1531146232000
1034499352122764,Cote-Nord,-63.274670450857,50.650466461636,1748936392001
1099086725648514,Cote-Nord,-63.274641085876,50.650447528489,1748937788544
1219082563599901,Cote-Nord,-63.274736769814,50.65034594665,1748937657863
1232006585128317,Cote-Nord,-63.274997554165,50.650048313915,1748937957934
330060048526259,Nord-du-Quebec,-77.450994445071,51.374888887352,1531138356000
499373931413212,Nord-du-Quebec,-77.622600124081,50.829242152412,1531219826000
750754322256297,Nord-du-Quebec,-77.614912745213,50.820514565795,1531219974000
176312337729067,Nord-du-Quebec,-77.187750461182,50.455981642758,1507825175143
977041279768336,Nord-du-Quebec,-72.851435780525,56.103131532669,1486295442000
304652377913481,Nord-du-Quebec,-78.440244439236,52.171497222193,1531202630000
3835045836612954,Nord-du-Quebec,-78.441997708004,52.170812717616,1531202624000
179171290737636,Nord-du-Quebec,-77.435932022154,51.35786191009,1507909929374
1368074043567227,Nord-du-Quebec,-76,54.077816,1601544708000
496790198332807,Nord-du-Quebec,-78.502026348853,52.244993700752,1531201295000
731917050797413,Nord-du-Quebec,-72.851932287216,56.097391426563,1486295364000
498188914964682,Nord-du-Quebec,-77.431677790651,51.480363961983,1531215791000
1070219033506831,Nord-du-Quebec,-77.432294443319,51.4841361237,1531215775000
265330952002577,Nord-du-Quebec,-77.447590255682,51.423210098388,1507914114474
250154850228672,Nord-du-Quebec,-77.108611104947,50.381377775405,1531224538000
149225623868830,Nord-du-Quebec,-77.108611104919,50.381377775405,1531224538000
659009084922580,Nord-du-Quebec,-77.385838895982,51.343358332008,1531137382000
263065608900132,Nord-du-Quebec,-77.646867312048,50.948409493667,1507904866412
221364229759769,Nord-du-Quebec,-77.646973001124,50.946454538161,1507904471676
1150027072491238,Nord-du-Quebec,-77.463073827094,51.186637053096,1531150122343
298725819573829,Nord-du-Quebec,-68.399407379627,58.105476902349,1628280680000
2904971906338694,Nord-du-Quebec,-68.417935936439,58.096325492977,1628395160000
3779232792342288,Nord-du-Quebec,-68.416737,58.097016,1628394980000
141992504603311,Nord-du-Quebec,-77.05993871067,52.22835985271,1531143346000
168394588511615,Nord-du-Quebec,-77.685634263704,49.837654441013,1507790754000
6407913762599333,Estrie,-72.306024126861,45.094732603884,1682169105000
997991028447262,Bas-Saint-Laurent,-67.469732,48.658169,1719664323000
883748357123297,Bas-Saint-Laurent,-67.47343,48.651225,1719664266000
594066409607862,Chaudiere-Appalaches,-70.969905892007,46.398373341589,1693490849000
3276774939206632,Chaudiere-Appalaches,-71.413038671757,46.189214566981,1683449894000
228999676289986,Lanaudiere,-73.195212543924,46.092090006371,1679484704000
632012909023740,Chaudiere-Appalaches,-70.742344120019,46.869409267107,1690628181000
1188224338302366,Laval,-73.823849717969,45.520722380733,1557734870000
314763913341497,Laval,-73.750049501309,45.55619471645,1520795796024
1107587363626007,Lanaudiere,-73.196642685342,46.090374479423,1711820827000
186246137636763,Chaudiere-Appalaches,-70.742678158934,46.862877643966,1690627845000
1157796451402834,Lanaudiere,-73.197003678908,46.090053975231,1448025688645
311162583723211,Laval,-73.756563064027,45.571777157495,1522596808359
2142193952940494,Laval,-73.800832298952,45.579389619773,1758367185529
174001991668079,Centre-du-Quebec,-72.355085878965,45.990811992226,1655493412131
1151672075352420,Laval,-73.765427944187,45.555698299188,1583861715656
1240886680612361,Laval,-73.808052789459,45.553831862296,1724151495750
347057467952343,Centre-du-Quebec,-72.368360962688,46.009604792447,1703360150000
214082216830715,Monteregie,-73.860488883858,45.303769421666,1437035831000
534600911031726,Laval,-73.77559389279,45.575531059344,1543697693442
491797875596962,Centre-du-Quebec,-72.368248526129,46.009680494029,1572608943022
254623530375382,Monteregie,-73.140625628234,45.377154759194,1681148166000
507177240408252,Laval,-73.772389371214,45.561230360492,1583852057833
1325427188101343,Monteregie,-73.867849845932,45.316184320115,1685142670750
1209281486921964,Laval,-73.804602564483,45.556220778092,1722858980456
166596029687466,Monteregie,-73.13495,45.38115,1682155813000
1761967784684393,Laval,-73.758430218627,45.591150446495,1755173490532
1407182480224313,Monteregie,-73.849376491534,45.310828244609,1691177562900
826770933307108,Estrie,-71.543867883105,45.456932224368,1764948050737
155171399874851,Laval,-73.765424597387,45.55599431522,1522007067430
1859681441626748,Laval,-73.758319360845,45.591045320269,1758971035014
156723873068345,Laval,-73.790199866757,45.557938256402,1522596648556
1676598752792412,Monteregie,-73.13387,45.38279,1663427226000
140907864692529,Centre-du-Quebec,-72.534422326481,45.893896213054,1572608291523
392698488503568,Monteregie,-73.860036761957,45.304104212039,1558115902000
426665409820489,Lanaudiere,-73.628889311593,45.844290395563,1709307156833
286519623132804,Laval,-73.753593867056,45.554571231776,1520791362647
1940178793447663,Laval,-73.758422569366,45.59101575723,1755783284029
1360085358418074,Estrie,-71.827215746016,45.24251719068,1764520594788
553033302751632,Laval,-73.78596087049,45.554040004516,1521399809913
277971788592453,Centre-du-Quebec,-72.534701600401,45.893670650201,1703353747000
466967767706806,Monteregie,-73.849452668485,45.310739079128,1545928234937
152784383938794,Lanaudiere,-73.629104900924,45.844274255498,1654002570661
1125050919042889,Laval,-73.779467695025,45.58200828665,1758367476695
321774789305276,Laval,-73.787317144529,45.555388643019,1520286766649
1406952460942576,Estrie,-71.829080224785,45.245385203978,1764861482584
272478084628580,Centre-du-Quebec,-72.524323565261,45.902994582122,1465986323000
1349732758745637,Monteregie,-73.860657905955,45.304085539647,1437057523189
521960029641037,Lanaudiere,-73.628874169754,45.843841678696,1654014444429
1522552052079964,Laval,-73.801263302812,45.556747651975,1759061674319
1039577813238573,Centre-du-Quebec,-72.534622842837,45.894117982915,1407160535000
209816122153915,Monteregie,-73.851666135011,45.317711017863,1685142798250
1064958957608312,Mauricie,-72.414016209457,46.529752549624,1597423136000
170346582096276,Laval,-73.801209324113,45.556562296534,1654001057584
2863012127178121,Monteregie,-73.860799776559,45.304110024012,1654089064394
904554380324230,Centre-du-Quebec,-72.532739667609,45.8953403962,1465816151000
141085461545578,Mauricie,-72.401427777778,46.52705,1597397319000
186791756640710,Laval,-73.782183315084,45.550745367395,1520791062610
291516629308449,Centre-du-Quebec,-72.52358731738,45.903289564917,1572608338023
482599842980631,Monteregie,-73.860077934091,45.304051619678,1437035831655
1498582324126293,Montreal,-73.922462064678,45.496041800203,1700153898762
534675784363472,Laval,-73.808155541974,45.553950094878,1583940174700
321493359353290,Monteregie,-73.84985331011,45.310582624388,1558369832000
737011546991141,Centre-du-Quebec,-72.534431011175,45.893937951907,1406536066000
930422001136534,Laval,-73.803900145225,45.556294557571,1571867069838
371087740897676,Centre-du-Quebec,-72.526865851294,45.900403105576,1406536097000
900441395018320,Montreal,-73.910011625294,45.503611631792,1723735330000
914575530060674,Montreal,-73.921972511201,45.496333672544,1723742658000
579601304713476,Montreal,-73.910061235033,45.503520677652,1700153797278
1105029837682322,Laurentides,-75.628090364293,46.60870145751,1755288536000
130170119136958,Chaudiere-Appalaches,-71.399122918686,46.658407825979,1407156393000
649102560495639,Lanaudiere,-73.945979,46.896121,1692023792000
186416049997907,Chaudiere-Appalaches,-71.394571233428,46.659681651736,1406540070000
1566212010449289,Lanaudiere,-73.94594,46.896363,1692023797000
1232440487438454,Monteregie,-74.322823659815,45.36133901206,1691946604533
3502384749998990,Laval,-73.690277322506,45.663347987669,1681115986107
788348181784956,Chaudiere-Appalaches,-71.384187033996,46.663359371819,1406540094000
257519616156012,Centre-du-Quebec,-72.682339529279,45.772528279493,1572607670023
1938492000003057,Laval,-73.690281742792,45.663381986378,1722018001857
215887106713040,Centre-du-Quebec,-72.683054998626,45.772566305316,1407161197000
149260653835208,Centre-du-Quebec,-72.682176594939,45.772675517251,1465815551000
288880922961910,Centre-du-Quebec,-72.684020340913,45.771366063758,1572607663413
1970808273681228,Mauricie,-73.285578192559,48.104947980607,1754226530000
3616607171930777,Centre-du-Quebec,-72.685348817666,45.770421854662,1703353112000
653196733794732,Mauricie,-73.299833964079,48.109895197036,1754226600000
276987710765313,Centre-du-Quebec,-72.682989388364,45.772570576168,1465986958000
705111098940842,Laval,-73.679341875941,45.596697176978,1750338086524
1492735075214843,Laurentides,-75.298830217722,46.286741223826,1755199947000
1030206210974624,Laurentides,-76.0666547,46.949025699972,1659693999000
317295511270534,Laval,-73.676044608524,45.582187321082,1703016619466
1406033484217163,Estrie,-72.2708756527,45.167879074402,1764773632415
339273911493448,Laval,-73.688140597884,45.609187158898,1654001464614
361993735250140,Laval,-73.719561546068,45.558694123716,1551311059316
2203254783538972,Estrie,-72.270879074461,45.167915314277,1764778254337
373539538490656,Laval,-73.688454414075,45.609013243402,1703013055414
1921870652090021,Estrie,-72.278761156399,45.179416554144,1764773441431
279921051451211,Laval,-73.688879566497,45.60912630632,1693496354657
1089478729700670,Laval,-73.678651499433,45.597090125039,1750337319950
1222672052498762,Laval,-73.66059544722,45.602736768377,1751663006760
274093642322557,Laval,-73.677276682296,45.584272318177,1703017799356
738955123439949,Laval,-73.804607558263,45.549851566916,1572717639057
1395470871074201,Laval,-73.804377172683,45.550000294658,1709473944450
837613611386324,Laval,-73.677561157267,45.584262587949,1703017376065
4605897002772923,Laval,-73.804404818012,45.549967208446,1545925216670
475991005235241,Laval,-73.80342528163,45.549584382355,1724151475683
888056636243399,Montreal,-73.910288570296,45.430760092422,1703077531083
2762589324016056,Laval,-73.803753744009,45.549754411184,1583940157804
1017375996122180,Montreal,-73.910349763032,45.430758018614,1694972142116
111418541011771,Laval,-73.749213590873,45.556438047785,1520791404214
2922869754668332,Laval,-73.80408364347,45.549674011929,1545925218135
373271654091646,Laval,-73.803993977356,45.549671719318,1548420201701
920392039963871,Montreal,-73.924565631172,45.446811603868,1723576686000
1126879781114608,Laval,-73.749764762586,45.556356652806,1520795791600
201161825016460,Laval,-73.804091666667,45.549697222222,1497963581000
2018413911702569,Montreal,-73.916435451335,45.444737645617,1661273648685
485125952736107,Laval,-73.749752825339,45.556243334195,1522000311238
126541746124885,Laval,-73.804467212071,45.549727593458,1571867198826
1252952962328829,Monteregie,-74.228674758368,45.315855431378,1700154028250
2022735138092078,Montreal,-73.910737924845,45.430213686877,1693502245190
425388219423554,Laval,-73.805086035804,45.550846530334,1653071952248
154892349940006,Laval,-73.749727957833,45.57433236278,1548335618138
1287278288666324,Monteregie,-72.989737884151,45.412326108265,1682180945000
1336364554018389,Monteregie,-74.214370886091,45.327158389504,1732738698500
403629039457961,Montreal,-73.916373865241,45.444794376618,1700157660254
2667434600069003,Laval,-73.804091666667,45.549697222222,1497963581000
327338792352336,Laval,-73.749825224723,45.574566561847,1554580312043
3886563111572441,Lanaudiere,-73.181319234155,46.11552509394,1711820722000
1140543136463377,Montreal,-73.911036547166,45.430331687101,1465578196122
1949461975202637,Laval,-73.781127443617,45.549748381824,1520791096393
238733664674107,Laval,-73.749592727137,45.574349043604,1553690896931
3132068550300215,Monteregie,-74.214311888618,45.327188216045,1764268783750
182375997902990,Lanaudiere,-73.186269913731,46.112109970444,1679484625000
299599338366039,Laval,-73.749440557271,45.574720232462,1548533020481
1629634354535917,Montreal,,,1714133020617
216239073335654,Laval,-73.781078015968,45.549945442669,1521399863458
2051033648590479,Monteregie,-74.2143125887,45.327168724492,1666632007666
1099745938918405,Laval,-73.810899418849,45.576567751824,1756648706166
214886893522168,Laval,-73.749717216194,45.574362040382,1551107672964
164191018945230,Lanaudiere,-73.181646775399,46.115315875301,1448025536761
4244330525850243,Laval,-73.810545248851,45.568079923381,1756647369534
1204179590765965,Montreal,-73.910999929604,45.430424418098,1720196434600
301765429225309,Chaudiere-Appalaches,-71.108381023867,46.742595739822,1696441877000
2810566045919885,Laval,-73.749748971529,45.574237295549,1654017931624
183651144813277,Monteregie,-74.214351385213,45.327172629922,1700154376250
1165893559028791,Bas-Saint-Laurent,-69.225509155731,47.459732760996,1765199872932
1985355648954816,Laval,-73.810801686719,45.576543845301,1758369476749
142285198904100,Chaudiere-Appalaches,-71.090642738311,46.731113108931,1690648389000
1263819742219171,Montreal,-73.910265755011,45.430735993509,1764354845986
1080798383551147,Monteregie,-74.229951992345,45.316667393492,1732738582500
245302608229583,Montreal,-73.911512050096,45.430409992876,1699089291966
1183018318836774,Laval,-73.810367122752,45.555560496149,1550595408572
1368627383506094,Montreal,-73.911081742554,45.430314347904,1510141562531
1428206984204150,Laval,-73.810177960785,45.555431315771,1548420040556
489540524015473,Laval,-73.750667313503,45.639835298421,1722700566579
1109424420503362,Montreal,-73.550321362506,45.400827149907,1698504171540
497336066380138,Laval,-73.810244069481,45.555826516197,1724151505783
1255454902463822,Laval,-73.717637679114,45.619962670376,1754934973973
717792480216019,Montreal,-73.55047154831,45.400761769388,1698504174672
1109366501386613,Laval,-73.715075565199,45.622690549137,1759061748936
1438104357486387,Laval,-73.717605746574,45.619864571807,1754935369535
196402816653340,Chaudiere-Appalaches,-70.327665139594,46.424585408707,1693498338000
479770304491117,Estrie,-72.221231748409,45.249287453998,1724509802587
1383082519208336,Chaudiere-Appalaches,-71.212288,45.983828,1683465779000
236143588291132,Laurentides,-75.371122224715,46.766027783474,1489328818000
1011524193684687,Laval,-73.717159218318,45.624139651925,1722858408051
1231558174392616,Chaudiere-Appalaches,-71.229439,45.998122,1683465949000
2919360731522337,Laurentides,-75.379077060293,46.756677385779,1489328767000
1042198493415437,Estrie,-72.22119,45.24935,1663415298000
1229665794906106,Mauricie,-73.398734,46.742664,1728414498000
169957868377494,Monteregie,-73.691485764543,45.398769497002,1545926298843
767948682046059,Laval,-73.712879022179,45.62026259563,1703016594975
289502043746080,Estrie,-72.2209,45.249308,1689162955000
1083635896805010,Mauricie,-73.416517,46.73563,1728414818000
267695938418265,Monteregie,-73.69171366598,45.398675092552,1545926299881
1721255375111525,Estrie,-72.208954213765,45.261793505333,1724514559153
326357595513725,Centre-du-Quebec,-72.013899353837,46.270160453145,1572610375523
190472956262620,Monteregie,-73.696991918326,45.391228634604,1545926348585
163453222382066,Centre-du-Quebec,-71.983786528608,46.288750099968,1572610491023
1506151263814815,Estrie,-72.21102898768,45.259892591279,1764779167384
163353279070962,Monteregie,-73.69708567347,45.391060011528,1545926349557
146071420865733,Centre-du-Quebec,-72.014256837264,46.270009913366,1406537992000
1034399623634067,Centre-du-Quebec,-71.990441599935,46.284524403587,1572610465523
467670204293601,Centre-du-Quebec,-72.114138331627,46.181702311112,1572609885523
472846687310757,Centre-du-Quebec,-72.02490945556,46.264710298537,1572610344022
488084532334387,Centre-du-Quebec,-71.990439135029,46.285065497193,1407158485000
287801419565517,Centre-du-Quebec,-72.10623927,46.18695728,1407158969000
1986592131498364,Centre-du-Quebec,-72.030061921714,46.26038843642,1406537936000
367442657976880,Centre-du-Quebec,-71.984431856565,46.288942749805,1465984278000
1100359640455727,Centre-du-Quebec,-72.121030138786,46.178054278896,1465984843000
429020768415361,Centre-du-Quebec,-71.990546043903,46.284528965927,1465818222000
894056721450557,Centre-du-Quebec,-72.015422014858,46.269248379209,1465818137000
2570210746617935,Centre-du-Quebec,-72.123495749171,46.176034818084,1572609853023
767096900653003,Centre-du-Quebec,-72.038784352419,46.255006572334,1572610281023
289475783611991,Chaudiere-Appalaches,-70.128996396383,46.851502103824,1688651628000
310621771780485,Monteregie,-74.241629819153,45.28949452614,1666630193000
2798039187114439,Centre-du-Quebec,-72.114574747111,46.18184211794,1407158998000
968317753907980,Centre-du-Quebec,-71.990546024519,46.284529383735,1465818222000
461463201593602,Centre-du-Quebec,-72.013966161111,46.270132753941,1465818142000
4055595491157017,Centre-du-Quebec,-72.10090003663,46.189910360167,1572609941523
1534359834000176,Monteregie,-74.230092480776,45.278731849523,1699816016000
773393166884397,Centre-du-Quebec,-71.98531967,46.2878532,1406538094000
3003707643247367,Laval,-73.764877082413,45.549837043631,1520795972864
455108478897860,Centre-du-Quebec,-72.01068964316,46.272620847692,1407158552000
385612239194733,Centre-du-Quebec,-72.10076069065,46.189819869035,1465817746000
1085190496467562,Montreal,-73.603391820934,45.42973814344,1605190081750
1565006657961160,Monteregie,-74.241654627597,45.289472351984,1764269337500
306848074290246,Laval,-73.764688476998,45.549853031682,1520791281585
282629383344582,Centre-du-Quebec,-71.981501242446,46.290321758496,1406538100000
516448826052293,Centre-du-Quebec,-72.103842401254,46.188409588369,1407158963000
191357136165817,Centre-du-Quebec,-72.034104857683,46.258437316629,1465984448000
359319793297593,Monteregie,-74.241586714544,45.289451228402,1700153619750
302338498195571,Laval,-73.758036164817,45.549766856548,1583861818659
491821435567559,Centre-du-Quebec,-72.112210680559,46.183323420439,1407158993000
1120389001976007,Montreal,-73.6045215112,45.419695142119,1669999934685
416469987727790,Laval,-73.77483036931,45.521544082328,1709474069600
1304382343596995,Monteregie,-74.255684730226,45.299457799447,1700156058250
1186948952957320,Estrie,-72.303820792733,45.410001496942,1764770515443
3915263818757622,Montreal,-73.944395534094,45.463421776149,1723570330000
133560558830489,Laval,-73.774961382553,45.521496578133,1545925353159
867416534184622,Centre-du-Quebec,-72.10076069065,46.189819869035,1465817746000
1068722004666307,Montreal,-73.605114665873,45.419588369114,1701452705237
1161605636166227,Estrie,-72.302042184812,45.416910814931,1764797840675
1190499938915649,Montreal,-73.9450528,45.4625583,1570734790000
1436347416729471,Laval,-73.774719206874,45.521335484934,1548421017965
360614573149478,Monteregie,-74.230171314145,45.27880651288,1666467788333
4361502854177461,Laval,-73.840661164793,45.558171977707,1759061388576
148417124610060,Montreal,-73.604453817241,45.419769854693,1669999953693
1753369775355144,Chaudiere-Appalaches,-71.161629386592,46.791636092736,1765133783788
137831125051294,Laval,-73.774791565675,45.521428373027,1577373126662
1243062000072641,Montreal,-73.943970324273,45.463346757277,1723571356000
1061703958614966,Monteregie,-74.240395014023,45.273886303044,1666629166000
1143378706568234,Montreal,-73.599896832322,45.42249606619,1669994435566
1204683306914302,Chaudiere-Appalaches,-71.155408306965,46.818013918339,1685451389000
1082548943238595,Montreal,-73.9440306,45.4633389,1604336102765
295074692261854,Laval,-73.774755555556,45.521372222222,1497963729000
1053535546478486,Montreal,-73.599631079647,45.4227100774,1720888177977
1221957833180577,Monteregie,-74.248689677614,45.294510156537,1764269091000
247555537885443,Chaudiere-Appalaches,-71.159744524517,46.819461917372,1685451475000
1379166775786379,Laval,-73.774755555556,45.521372222222,1497963729000
864338029236574,Montreal,-73.941104005063,45.461659939842,1723570076000
413340871475078,Montreal,-73.605241346638,45.419523791245,1714416114081
904426624814072,Chaudiere-Appalaches,-71.140563819443,46.794767692281,1711390262000
8699931923462759,Monteregie,-74.230158897179,45.278836799706,1732726683750
1401036670262217,Laval,-73.779166073742,45.548115351375,1520709583498
629051195771596,Chaudiere-Appalaches,-71.168240197672,46.796527608479,1685452637000
1459091714429712,Laval,-73.774980905376,45.521402834869,1584024036919
1551926488644871,Lanaudiere,-73.286761359664,45.964268684583,1679485254000
1228387774536665,Estrie,-71.960248847262,45.058722360904,1689173287000
971570794013268,Chaudiere-Appalaches,-71.158996552646,46.790148124578,1685453019000
1117079135459866,Laval,-73.774755555556,45.521372222222,1497963729000
397103616382893,Lanaudiere,-73.270300140262,45.986143207314,1711821237000
581049727455548,Estrie,-71.96398,45.05846,1663411423000
1044617672948229,Laurentides,-74.350797622287,45.910375002922,1548441053799
172806798990541,Chaudiere-Appalaches,-70.088274364242,46.879079408869,1688651461000
386711427509182,Lanaudiere,-73.287310679954,45.96229348968,1711833160000
941001196634567,Laval,-73.75806015974,45.549952822029,1583851951825
173156501397532,Laurentides,-74.350668798319,45.910339812255,1550347315416
1709860782543178,Estrie,-71.398274142557,45.666658851117,1566681679503
1026964218197871,Monteregie,-73.400952780512,45.23662500117,1437038307000
1138015743383098,Laurentides,-74.350431493205,45.910387944381,1550592781983
1667163570467806,Chaudiere-Appalaches,-70.359287396342,46.796923101579,1690631448000
1741440143249519,Laval,-73.86102869232,45.523031611897,1748988294415
1173885043024903,Laurentides,-74.350638452445,45.910349635205,1545921849774
857044728264570,Monteregie,-73.395016304327,45.2199732385,1437038237949
1110716936006127,Laurentides,-74.350249196673,45.910422182606,1552148019504
220058349553238,Laval,-73.854999615162,45.523005912262,1557735253000
1886325031561281,Monteregie,-73.570534853377,45.357984029879,1654088152299
1114844968996900,Laurentides,-74.350768234205,45.910319830165,1557921148431
239662184598939,Monteregie,-73.571026812784,45.357871612389,1558116812000
1044711935934762,Laurentides,-74.350878280039,45.910360871993,1532632535268
174704511217320,Abitibi-Temiscamingue,-79.409444444444,47.808402777778,1531060296000
1029302044878892,Monteregie,-73.571334461821,45.358242987741,1691176779783
2893266257608402,Laurentides,-74.350994314389,45.910339006587,1548360478033
1213904085695195,Abitibi-Temiscamingue,-79.409330050131,47.793720085483,1531060238000
481312403141413,Centre-du-Quebec,-72.640616031066,45.805002510317,1572607840023
155063806633558,Laurentides,-74.350378181022,45.910398415086,1531830016333
258252396044226,Monteregie,-73.573211116012,45.358386111591,1437036688000
141037134685701,Laurentides,-74.350789944871,45.910321869025,1532799681246
329607269885850,Centre-du-Quebec,-72.644341934687,45.801900102623,1703353276000
1430151247353273,Monteregie,-73.570860038069,45.358168506023,1531331152995
166368045332846,Laurentides,-74.350992135521,45.910281723131,1553687843650
1029363454258416,Centre-du-Quebec,-72.645229836667,45.801773210833,1465986813000
503579664164857,Monteregie,-73.570809664567,45.358096384216,1437056711886
1809061052607337,Laurentides,-74.350352393654,45.91040189774,1548511137285
3156243771264341,Monteregie,-73.941162581759,45.123141886144,1493641999513
159254709359378,Monteregie,-73.573374077783,45.35842279722,1437036686507
2898204017104664,Laurentides,-74.350865754418,45.910312404189,1545921848875
270207978143178,Centre-du-Quebec,-72.642305558801,45.803565345786,1465815706000
539316443741698,Monteregie,-73.571040388296,45.358230756228,1558368972000
2562915267344292,Monteregie,-73.574778317032,45.359114314415,1407167564000
296200339594344,Chaudiere-Appalaches,-70.989855710998,46.641347550931,1690647792000
1044068210337005,Chaudiere-Appalaches,-70.989869800032,46.641314910133,1690917342000
360492719388146,Bas-Saint-Laurent,-69.300541361791,47.708103930194,1407063817000
786737023199829,Chaudiere-Appalaches,-70.9785197,46.6584564,1690625630000
3940165236063500,Bas-Saint-Laurent,-69.308248487041,47.712352003394,1406548530000
1068222614535485,Chaudiere-Appalaches,-70.988956715095,46.6406687712,1696441246000
1428623845100389,Chaudiere-Appalaches,-70.454705644505,46.861540404954,1724692607562
1087531920129255,Laval,-73.737984232319,45.60993625782,1758970816963
268900852435407,Chaudiere-Appalaches,-70.98991366874,46.648363333627,1690625550000
564115235968640,Mauricie,-73.447402,46.605474,1728406688000
1270681744692125,Chaudiere-Appalaches,-70.45463044452,46.861556042299,1724692608162
1091376676445375,Laval,-73.738058206877,45.609930011092,1758367457384
1128131842511967,Laval,-73.738178929244,45.609842837899,1755171760677
1179502673943186,Chaudiere-Appalaches,-70.45466805068,46.861548322202,1724692607862
1832680014012786,Laval,-73.815276302444,45.59223380786,1756647302050
1126908506201984,Laval,-73.738213687462,45.609780275821,1758369740388
978968936243723,Laval,-73.838447792366,45.581421782287,1548419907636
525900170366550,Laval,-73.600331137312,45.641411409791,1699024183391
1336601481158885,Laval,-73.738259000649,45.609748038137,1755173374875
1114583067284779,Laval,-73.815310029687,45.592036414507,1756648497374
1254232549057729,Laval,-73.600626723949,45.64122786942,1720025467000
930847652009628,Laval,-73.83906219382,45.581982665135,1709473797366
727660385199825,Laurentides,-75.4352738,46.208997699972,1452264499000
136710319499547,Laval,-73.838693985576,45.581655692017,1696532677121
1740996370125468,Laval,,,1749908950137
1185291582520485,Laval,-73.838277320841,45.581569757539,1724151633133
252823801130245,Laval,-73.626748323618,45.643857229231,1709306155416
822232517289196,Estrie,-71.638582608442,45.399651762089,1764968329590
685343746413405,Laval,-73.626482356512,45.643481583035,1693496035624
1029746164099951,Laval,-73.838644444444,45.581583333333,1497963423000
774826348907073,Estrie,-71.638698400919,45.399421774746,1764947482654
1656205754767024,Laval,-73.838555172697,45.581592940658,1545925062860
464548443298231,Lanaudiere,-73.535757,46.645527,1728480964000
149972323761525,Laval,-73.838644444444,45.581583333333,1497963423000
1260740168413100,Laval,-73.540618392522,45.670087221577,1699117048013
279358761003110,Laval,-73.83842670524,45.581681748979,1653071804249
1630241550829952,Monteregie,-73.215425631431,45.440493000757,1681148704000
449415711502307,Laval,-73.550393027295,45.670344724676,1719939675000
184913661132121,Monteregie,-73.22814,45.4389,1682181895000
1278581316395909,Laval,-73.54479180705,45.67001023298,1699117269765
296101279668227,Monteregie,-73.227037455608,45.438807936117,1663427871000
433479692564871,Monteregie,-73.329822714635,45.58005285558,1712661428165
1375815134075063,Estrie,-71.957429267844,45.450587393695,1764519130783
1315652949046599,Monteregie,-73.214244450222,45.420881469359,1682155304000
1059242228858947,Laval,-73.55024099788,45.670197614776,1699032653061
861760514554316,Monteregie,-73.321151203278,45.580990695852,1465813637000
357488860784416,Laval,-73.544676779528,45.670104879389,1719934157000
1074760947281483,Monteregie,-73.311767,45.5825591,1703351069000
1880891449171824,Chaudiere-Appalaches,-71.079939609929,46.218902385838,1766134672172
188525587259538,Monteregie,-73.309925533331,45.582860889665,1679504634000
4108252182772780,Chaudiere-Appalaches,-71.074535102513,46.216540301737,1766148602688
1031349948238470,Gaspesie-Iles-de-la-Madeleine,-65.72659,48.311458,1691150965000
1997918043874175,Chaudiere-Appalaches,-71.077736181654,46.214569531286,1683460212000
1155347189712420,Chaudiere-Appalaches,-71.074535102513,46.216540301737,1766148568422
304067375524511,Gaspesie-Iles-de-la-Madeleine,-65.729858287887,48.314120251976,1691151436000
937704008462434,Gaspesie-Iles-de-la-Madeleine,-65.729574002475,48.311632000467,1751291119000
648805713861097,Chaudiere-Appalaches,-70.718901002003,46.882278930552,1690628276000
1840047453564036,Laval,-73.785034757756,45.580250122569,1758369759532
1537676843977434,Chaudiere-Appalaches,-70.715333674333,46.9076371676,1765137690767
1257522459751051,Laval,-73.785849318544,45.580089907767,1758367509936
300084285018709,Chaudiere-Appalaches,-70.717395057168,46.906429829827,1406543219000
944738960074406,Estrie,-72.153372626913,45.123412632897,1689169799000
996351137775031,Laurentides,-75.075769586825,46.432116451171,1569002389000
1700058013780254,Estrie,-72.141289,45.131207,1689170981000
1705620289901159,Estrie,-72.148491,45.14727,1689169390000
1035723504467364,Estrie,-72.167831,45.120951,1689176657000
703555605229657,Estrie,-72.285323896444,45.540798467305,1719321993909
210964688732119,Laval,-73.700300954819,45.608046930601,1703016605251
3482471998690351,Estrie,-72.1629,45.13566,1663413693000
1545318986049477,Estrie,-72.279777183674,45.549455323485,1719321553469
350934184316019,Laval,-73.69017594968,45.593798562368,1703017793783
326341922173684,Laval,-73.749815034171,45.530182154058,1557733900000
668353975498870,Laval,-73.690348365122,45.593393157638,1703017370493
1263522628217778,Montreal,-73.690559479584,45.489419959279,1700235454544
1124863116498703,Laval,-73.713259593634,45.593856739089,1759061456769
1372536309786185,Laval,-73.722227330449,45.549703662537,1547667383510
468713341103091,Montreal,-73.685284264236,45.489981910303,1546532713959
1119860615156108,Laval,-73.722194533714,45.549726437109,1548356660172
852972059919618,Laval,-73.630602999884,45.647079702099,1709306172333
1472787663060023,Monteregie,-73.682256361054,45.387088493621,1493650776400
1023475739387265,Laval,-73.700489579709,45.607668894551,1722858595697
1447419663313327,Montreal,-73.69114486198,45.489569917672,1700235319941
259510086959975,Laval,-73.630503067367,45.647099937673,1693496056618
146626867374714,Laval,-73.72280320042,45.54976543348,1522596978465
739302495141564,Gaspesie-Iles-de-la-Madeleine,-65.604222777732,49.11995398843,1751377336000
443236805137706,Montreal,-73.685528562161,45.48999601561,1720198075700
257298574136921,Centre-du-Quebec,-72.433384617053,46.349026759006,1715254728720
909720636492246,Laval,-73.644100033286,45.650202890866,1433071199353
1579494026668242,Laval,-73.722075472894,45.549892253999,1773521425008
1586037391964506,Centre-du-Quebec,-72.43358562525,46.349265547708,1715259772798
1011335123693662,Montreal,-73.6853981,45.4899197,1711827830000
1131294981572611,Laval,-73.647893760167,45.643621107287,1703013067393
307080167700696,Laval,-73.722204482061,45.549870284928,1522000017365
1762565714151540,Centre-du-Quebec,-72.43293369227,46.348507500883,1715259795063
566430618376454,Laval,-73.644383478957,45.653975048364,1654001690642
1878111135950329,Montreal,-73.685440059345,45.489901376718,1720087365616
3543094299124912,Laval,-73.722720736684,45.549695784733,1543698269271
7426242464091056,Centre-du-Quebec,-72.437083817302,46.344335315441,1715248506122
1397178637525584,Montreal,-73.685556545217,45.489947262853,1679491328000
187466680727735,Lanaudiere,-73.738659507586,45.699744984861,1680963776521
852576377492400,Centre-du-Quebec,-71.679721295928,45.859700679317,1765055451034
561346699464510,Lanaudiere,-73.72365898699,45.707483467532,1681152312387
873463224517239,Laval,-73.722187325018,45.549841647337,1703012622950
967423057394088,Laval,-73.722848032301,45.549776662964,1573324932500
728249728432562,Lanaudiere,-73.72690523874,45.70579854728,1654015344584
6242859035793747,Lanaudiere,-73.737348908602,45.700734077308,1680892195920
7678127758919953,Abitibi-Temiscamingue,-78.1081907,47.2020158,1627245147899
1439532017593403,Chaudiere-Appalaches,-70.863792841579,46.870456465146,1765137245754
1672307653573940,Abitibi-Temiscamingue,-78.0837551,47.1976674,1627246131460
778780760060538,Lanaudiere,-73.737307942201,45.700781690748,1681036114480
365707728185853,Chaudiere-Appalaches,-70.85845084,46.87031831,1406542841000
453811083823547,Chaudiere-Appalaches,-70.870041346633,46.850624632515,1711389435000
1275849634196555,Chaudiere-Appalaches,-70.491753249128,46.825375751154,1725465949463
482184360550149,Chaudiere-Appalaches,-70.869460549808,46.850222873368,1674217791000
1290404515974559,Chaudiere-Appalaches,-70.508507143557,46.844544949406,1724692070736
175523154432879,Chaudiere-Appalaches,-70.86294569,46.87028359,1406542831000
576223750021472,Laval,-73.627055921937,45.681323819374,1433070900201
756524677336504,Chaudiere-Appalaches,-70.50888644556,46.836084632155,1725466435007
941317230018690,Chaudiere-Appalaches,-70.867971462012,46.870291540254,1406542819000
1163795284081991,Laval,-73.626962118911,45.686206744493,1433070762696
1294231352085196,Chaudiere-Appalaches,-70.508690849974,46.844533491347,1724692069535
313127567040308,Chaudiere-Appalaches,-70.845942640568,46.870283840041,1406542872000
1339792457568008,Chaudiere-Appalaches,-70.448610884301,46.819887978478,1725463953759
1061017611953444,Laval,-73.622169311052,45.69513496896,1681116387424
1041320694740935,Chaudiere-Appalaches,-70.509010489405,46.844520184369,1724692067433
2637687006383986,Laval,-73.68456119241,45.610733348025,1703013056248
1425334675365754,Chaudiere-Appalaches,-70.508598839706,46.844538596951,1724692070136
839255360392942,Laval,-73.685538331486,45.610684720137,1654001473619
479945079892367,Monteregie,-73.07423118079,45.329661860798,1558365185000
9923735567667664,Laval,-73.685763711123,45.610511613999,1693496344644
1021716138811364,Monteregie,-73.068751420765,45.325810524869,1682156185000
2544294869105309,Monteregie,-73.074092285745,45.329556245183,1719311608088
792996242554936,Centre-du-Quebec,-72.198650133022,46.126974419484,1684672977562
177419061526966,Monteregie,-73.073799957291,45.329320515993,1681147828000
222611156300124,Centre-du-Quebec,-72.218647962056,46.112710721913,1465817331000
200837118937561,Monteregie,-73.06563,45.32366,1663426566000
710505914407989,Estrie,-72.43788,45.09529,1682164019000
549627173085972,Centre-du-Quebec,-72.213429132492,46.116429246113,1572609526023
3806123666103264,Centre-du-Quebec,-72.196929350715,46.128657727823,1407159284000
911253743001305,Centre-du-Quebec,-72.210237644498,46.119285989728,1465985158000
1731659454138255,Laval,-73.657757698163,45.613466404901,1752404890576
1107443218052208,Laval,-73.632534157545,45.611123909283,1699627733347
3910849509035463,Laval,-73.64204101468,45.639713430932,1433071279717
1416893599995915,Chaudiere-Appalaches,-70.742535371781,46.887994388049,1765137585734
205821174426497,Chaudiere-Appalaches,-70.729319627869,46.897633486004,1406543177000
1193277148470378,Centre-du-Quebec,-71.907252435083,45.808114043096,1719326466115
1877173082809816,Laval,-73.632855125295,45.610268297829,1699638463868
1078930760367031,Laval,-73.632935150324,45.610395206263,1720107246000
1082046173261901,Laval,-73.632946944801,45.610090735575,1699628419463
1217769136006642,Montreal,-73.574553325143,45.45206475492,1605109164091
1396224287778258,Chaudiere-Appalaches,-71.086925393196,46.231775343234,1683458370000
2805989599572984,Montreal,-73.574312220303,45.448689075125,1605111088903
1428828371962550,Monteregie,-73.566096467897,45.241917352077,1762446790000
1002450744868070,Montreal,-73.568805519852,45.448300178746,1720888128228
175901084876726,Centre-du-Quebec,-72.296524869529,46.001396047182,1655493121138
230062839720426,Chaudiere-Appalaches,-71.086659038398,46.231559909107,1683459299000
512589325079776,Montreal,-73.578610401864,45.441964338725,1701444792921
1114784220157943,Gaspesie-Iles-de-la-Madeleine,-64.211134162642,48.846680764248,1750935465847
980946666408778,Chaudiere-Appalaches,-71.08573,46.222048,1683457773000
939721980505447,Chaudiere-Appalaches,-71.085817470247,46.229459319428,1683460028000
1104145918321123,Gaspesie-Iles-de-la-Madeleine,-64.210344804805,48.846664485441,1750935099969
1087776156411565,Montreal,-73.5691217,45.4479875,1717171519000
552335939778793,Bas-Saint-Laurent,-68.62856144295,47.54047518313,1407061466000
1095809095482765,Montreal,-73.577766772706,45.450324151019,1605109420166
772949414447663,Lanaudiere,-73.671540643973,45.725986207264,1680892209600
914848436700596,Lanaudiere,-73.660266467217,45.720812227399,1703013835230
1037455818180904,Estrie,-71.667081631933,45.117576550863,1724523336725
162262383103865,Lanaudiere,-73.684773961477,45.724393531109,1681152303545
1047632843309978,Centre-du-Quebec,-71.772258957755,46.225952934908,1727610289327
1306158550035359,Monteregie,-74.055372228099,45.42119355991,1695484719200
189734583838478,Lanaudiere,-73.684903053367,45.724377826074,1680963763908
1691660577968731,Monteregie,-74.076421531131,45.440708004157,1695484987833
246399041184597,Lanaudiere,-73.670900671277,45.726046560932,1681036128928
1051989309181847,Monteregie,-74.076296668219,45.440710304445,1700328990400
254153037404148,Chaudiere-Appalaches,-70.574038074157,46.952342034776,1690629552000
1264341577602222,Lanaudiere,-73.671590507862,45.726030255745,1693241024271
1433793894754866,Chaudiere-Appalaches,-70.585081293235,46.964898178094,1765138107719
125621243474861,Lanaudiere,-73.684474261317,45.724442453523,1654015202462
1375296250862965,Monteregie,-74.076284175112,45.440704008165,1764086439750
1355504178484575,Lanaudiere,-73.685590045423,45.724295458812,1703015747093
2908408029427448,Chaudiere-Appalaches,-70.57639559556,46.965773140539,1406543638000
1026370415931102,Montreal,-73.760511685399,45.499157208021,1700070115632
1335981820361667,Lanaudiere,-73.67554452728,45.731124486805,1703014029690
1220947042830192,Montreal,-73.760062849316,45.494628059668,1749766553086
541522765324473,Montreal,-73.906423610169,45.460452968983,1723567042000
1348944712752770,Montreal,-73.905893987101,45.460501929465,1700157206699
1599685733919827,Montreal,-73.760098661999,45.49460321775,1700069577673
874287004827704,Montreal,-73.759821157998,45.494358700279,1720806021000
350456610516477,Laurentides,-74.049440013489,45.890918616444,1652384934266
1250274366309171,Montreal,-73.906242074024,45.460551628511,1723566609000
320126622905732,Laurentides,-74.568402930464,46.126686706459,1568987775000
1828509224586047,Montreal,-73.908400419022,45.460846550502,1605619175153
1272942200905158,Mauricie,-73.59954623875,48.12450602859,1754154343000
125433110136623,Laurentides,-74.040648451095,45.893869624697,1652384848318
236567932214781,Laurentides,-74.550502642318,46.130600807314,1680880201801
537709235234969,Lanaudiere,-73.511084478467,46.212776046076,1681036163195
478270531926907,Montreal,-73.881157375818,45.464487726934,1605627655126
276306124902426,Montreal,-73.906121529951,45.460527739203,1700298995466
579107354777938,Montreal,-73.881630993436,45.464563796835,1700159565733
1253660765782703,Montreal,-73.88107915173,45.460480671203,1605628104141
254979380606990,Chaudiere-Appalaches,-70.144627217776,46.843677119599,1688651682000
852340426680338,Monteregie,-74.403873520057,45.287673068952,1666799638666
3568361323399104,Saguenay-Lac-Saint-Jean,-72.2591514,48.0640931,1687693923000
711151117502717,Saguenay-Lac-Saint-Jean,-72.259061845213,48.06411415498,1694800854000
875226587252404,Monteregie,-74.388311955042,45.294494421486,1666812660000
550103177307372,Saguenay-Lac-Saint-Jean,-72.259508700047,48.063644004673,1683378351000
257193133941166,Monteregie,-74.388856533239,45.294148542766,1692015027300
922589782617843,Monteregie,-74.389179753666,45.294056010968,1700160269750
1138445354945043,Monteregie,-73.073365631964,45.521038706493,1771183806935
1035570681030817,Monteregie,-74.409899792015,45.274212729073,1700159235000
340324752019468,Monteregie,-74.345492376502,45.234530566939,1700158007500
893269001774514,Saguenay-Lac-Saint-Jean,-70.714063133364,48.309200290536,1684506690000
277321948249674,Monteregie,-74.409620390732,45.274364639411,1666800146666
1520951848959192,Monteregie,-74.345277245544,45.23459080498,1764440354750
3466324903685165,Lanaudiere,-73.699722057713,46.706110808434,1692106913000
898583438445979,Monteregie,-74.393720988095,45.297069197151,1666795789666
892145022533279,Monteregie,-74.345343591424,45.234549966142,1666800514000
1035229807783988,Monteregie,-74.393739848767,45.297109777573,1699821039750
1696946857767782,Lanaudiere,-73.699585,46.706371,1728395032000
1195550621532957,Montreal,-73.832906198147,45.515645872802,1605886738292
934357581966856,Monteregie,-74.335018020356,45.22861294984,1733256251000
297868165250852,Abitibi-Temiscamingue,-79.378569444444,47.133227777778,1531054500000
716015591570896,Monteregie,-74.325595322035,45.212432794968,1764436354250
1475607326481317,Montreal,-73.829414931326,45.515754337808,1700152151112
2660107100955671,Abitibi-Temiscamingue,-79.377791665959,47.148030552692,1531054556000
333419942525661,Centre-du-Quebec,-72.268117072218,46.406044814675,1696347640000
1278238959784405,Montreal,-73.826009612116,45.514317418484,1605886234410
1459268631596751,Monteregie,-74.329374762979,45.228949256495,1666800668666
1078165520457492,Monteregie,-74.32943705348,45.229060247202,1733257464250
3647528665570049,Gaspesie-Iles-de-la-Madeleine,-65.691433,48.24854,1691149069000
2321925158219849,Monteregie,-74.345519331911,45.234549065261,1764440637500
2861589140825978,Estrie,-72.363061169594,45.303660551305,1465734312267
1423523061826524,Gaspesie-Iles-de-la-Madeleine,-65.695338318426,48.249982271259,1691149232000
470403980858822,Estrie,-72.375795917651,45.301898814764,1558120847000
595352132949620,Monteregie,-74.339148786719,45.211935231221,1733255427000
2172726673118798,Chaudiere-Appalaches,-70.987492489399,46.639581662415,1696441237000
523356332031383,Estrie,-72.363308974432,45.303607158917,1558120882000
1309691336639085,Monteregie,-74.325656203416,45.212399643771,1733253544500
657036159695222,Chaudiere-Appalaches,-70.987666602389,46.639712521039,1690917330000
1712891446175468,Monteregie,-74.325578746253,45.212417376505,1733255117500
248779674651035,Chaudiere-Appalaches,-70.964316190239,46.627150180449,1690647634000
1303022474923336,Monteregie,-74.334755644029,45.228701851766,1764438658750
283441291283441,Chaudiere-Appalaches,-70.962923747864,46.626175454469,1696441033000
1857794871542600,Estrie,-72.089363661052,45.315964502995,1764885107423
1419132872895637,Monteregie,-74.329336353393,45.228942127562,1764439641000
870900868966821,Estrie,-72.091155278735,45.304240958756,1764537235594
1002987447568186,Chaudiere-Appalaches,-70.964664544781,46.627487042992,1693509861000
112696241774315,Lanaudiere,-73.59137066259,45.700670710853,1681116400871
1436141651203951,Estrie,-72.126529869404,45.360696816984,1764795814277
1151596823754319,Estrie,-72.091396564466,45.303801724183,1764885000512
3328249490726038,Lanaudiere,-73.572200467044,45.715239000687,1680963735947
2014893115320033,Lanaudiere,-73.583099230916,45.69614921339,1433070261400
1167304997635261,Montreal,-73.549678401672,45.550170931439,1715536829000
571931954920875,Lanaudiere,-73.579086967225,45.715293493106,1681036146679
790575041587615,Abitibi-Temiscamingue,-78.411580548683,48.233274999948,1531067057000
1788927618309374,Montreal,-73.54993379322,45.459984891632,1608409425365
1074034490338941,Montreal,-73.54938534619,45.550177847026,1713893012360
125884183934360,Lanaudiere,-73.579589069061,45.715292445549,1693241270208
454975802264193,Abitibi-Temiscamingue,-78.412199997984,48.233394445984,1531067055000
296720535291313,Lanaudiere,-73.576915058637,45.699045947678,1433070089248
891707454741322,Mauricie,-72.641548029633,46.288070888975,1502139036770
771875428719010,Mauricie,-73.783946309481,47.902409491642,1754162487000
1085233729443519,Montreal,-73.549666725682,45.550010330033,1715542753000
1110581482775247,Mauricie,-72.656529176977,46.289845156521,1502139442755
684032937983393,Mauricie,-73.799654188472,47.894001830016,1754169849000
1269087751228587,Mauricie,-73.798575,47.894108,1754171667000
826176098313146,Mauricie,-72.668513389598,46.279081407656,1502123880161
1451570956057501,Mauricie,-73.801838554446,47.912779110149,1754159291000
592379742814105,Laurentides,-74.006155293377,45.789587603938,1680443766849
923813975107324,Laurentides,-74.000281093922,45.776914261891,1568912675000
506784333852288,Laurentides,-73.996662151227,45.786676177495,1568912883000
1351233856297438,Estrie,-71.425212307245,45.389934797625,1764967222585
1775008813012580,Laurentides,-73.988448272744,45.763312002137,1709309944600
2134337854036697,Chaudiere-Appalaches,-70.968314490884,46.345616917667,1765121868828
147468270693602,Laurentides,-73.992812861147,45.760597499822,1552149982934
874957951721552,Estrie,-71.872028413764,45.66793590816,1765046183054
1863486557433911,Laurentides,-73.992751162841,45.760662504648,1709310039316
1198847851282141,Monteregie,-74.374868715755,45.33551069792,1728144939816
412895734913172,Monteregie,-74.378327858528,45.338232627085,1728144958083
1269630607465549,Mauricie,-73.46777440974,47.745147349786,1754174514000
149993100393081,Chaudiere-Appalaches,-71.443872693155,46.643033785124,1407156531000
2968159560086155,Chaudiere-Appalaches,-71.448910050622,46.640758719122,1465820167000
514739752899122,Chaudiere-Appalaches,-71.444944452915,46.642342688726,1406539918000
467713442461743,Mauricie,,,1716661681166
671430231263864,Chaudiere-Appalaches,-70.630340171601,46.373451269694,1693493234000
1110312756129414,Laurentides,-74.374457097862,45.917390109043,1545921755935
313767820259043,Laurentides,-74.373999844641,45.91709031673,1554576543053
1968398590191223,Gaspesie-Iles-de-la-Madeleine,-64.860084,48.351426,1691330091000
1558746605003939,Montreal,-73.585380451452,45.610067161588,1699453290384
389818648856640,Laurentides,-74.37456151308,45.917472870069,1532799595702
266479506140119,Gaspesie-Iles-de-la-Madeleine,-64.862211,48.351459,1691330080000
499370522749665,Monteregie,-74.357224264682,45.471296041688,1720972631616
1087492148741283,Laurentides,-74.374472324269,45.917439643588,1547672694282
1268199751283848,Montreal,-73.58223584015,45.610077668902,1699194888047
947244193054542,Estrie,-72.29581,45.0274,1682168707000
523429289030935,Laurentides,-74.374014137237,45.917104351054,1552147930223
1552370872080397,Montreal,-73.581941294291,45.610148529293,1699195102064
1110055096184515,Laurentides,-74.37420482929,45.917234171476,1553687752466
935370614253164,Estrie,-72.03428,45.02529,1663411798000
139450788171526,Laurentides,-74.373959001072,45.917061011464,1531829928253
159877822747845,Laurentides,-74.374267925296,45.917304608608,1548441151019
1344835162580071,Laurentides,-74.374508651525,45.91742051504,1534886565833
557943029804968,Monteregie,-73.032237089386,45.419570216916,1682181185000
895420564397756,Centre-du-Quebec,-72.540802824363,46.292030442479,1597426268000
1227576788594326,Centre-du-Quebec,-72.531024119253,46.286927512397,1715259809831
343531830490140,Laurentides,-74.374577257159,45.917411732094,1553812193277
628178729476507,Centre-du-Quebec,-72.451780959187,46.395754376659,1696351290000
844648173723762,Centre-du-Quebec,-72.526510675087,46.291457740022,1696348741000
1289988842456188,Lanaudiere,-73.532704,46.851515,1728318904000
2984724261805023,Centre-du-Quebec,-72.540586111111,46.292072222222,1597426467000
1053525332757238,Monteregie,-73.543552289199,45.356258076858,1691176706533
881378043950716,Lanaudiere,-73.539629,46.850644,1728318834000
656092900826548,Chaudiere-Appalaches,-71.108225341579,46.201984950768,1766134507192
206084284509952,Monteregie,-73.543114251431,45.35622218044,1531331074195
1160137295842198,Estrie,-71.199911380493,45.401860508144,1764966123609
546900090709002,Monteregie,-73.11038,45.36637,1663426841000
776004774132527,Chaudiere-Appalaches,-71.080236462706,46.209554699436,1683460262000
3881111925277651,Monteregie,-73.543145100945,45.356182930495,1437036771476
654868166606666,Chaudiere-Appalaches,-70.875646874176,46.303462445507,1693491849000
1930670204191139,Chaudiere-Appalaches,-71.102728906194,46.205508580369,1765120843890
969129927438514,Monteregie,-73.112109672235,45.367640223041,1682155928000
1195552007868473,Monteregie,-73.542459989137,45.35632124858,1654087983343
136655195118832,Montreal,-73.795180810895,45.517865489833,1557734538000
231100955455623,Monteregie,-73.543316042314,45.356290980327,1558368896000
296441752996105,Chaudiere-Appalaches,-70.872352783118,46.309934087455,1693492111000
143691421105822,Montreal,-73.803450845712,45.51893405152,1557734632000
176293607695275,Bas-Saint-Laurent,-69.422852592581,47.75860730283,1406548148000
601161071945620,Monteregie,-73.11921,45.37246,1681148070000
1469394780496594,Chaudiere-Appalaches,-71.080566532363,46.219237058931,1683457729000
920639849477540,Montreal,-73.909818827326,45.503784193365,1723735326000
1407078406476335,Monteregie,-73.545616385014,45.355997722167,1654088037333
561146736394331,Montreal,-73.79010559257,45.508829527337,1700238619226
499496747845013,Bas-Saint-Laurent,-69.43240804,47.7609582,1406548123000
802234381924031,Montreal,-73.909921082566,45.503655295875,1700153796043
908657546534036,Monteregie,-73.543846728944,45.356091524101,1558116892000
827388268945535,Chaudiere-Appalaches,-70.569245,46.5729131,1690637246000
1242725023031425,Chaudiere-Appalaches,-71.105272,46.191369,1683460400000
1437553189925654,Monteregie,-73.554699859267,45.355163096263,1437056666342
1045172471021946,Chaudiere-Appalaches,-70.564164677672,46.576705222762,1724686827224
106602635552291,Saguenay-Lac-Saint-Jean,-71.063981100002,48.668607699998,1664110840540
1268288061024325,Montreal,-73.909894994101,45.503720526645,1723742822000
1903291927060558,Estrie,-71.037594764503,45.81575595565,1764958385654
178623684027680,Monteregie,-73.554482343032,45.355039243499,1437036740000
1215888023678578,Chaudiere-Appalaches,-70.563819946972,46.576928920076,1724686421124
1651014309164545,Montreal,-73.880657837063,45.498574300668,1605730095663
182814407564801,Saguenay-Lac-Saint-Jean,-71.063987400002,48.668606099997,1664110807107
493469300403140,Montreal,-73.880900829767,45.498709552947,1605716327487
3110892832389515,Saguenay-Lac-Saint-Jean,-71.063939700002,48.668590699999,1664110997117
783744347362024,Bas-Saint-Laurent,-67.4929291,48.2056439,1757260244000
869902901963059,Laurentides,-74.60823238615,45.787578505582,1746090156400
402050921828106,Laurentides,-74.846901973588,46.370472034818,1653424033832
183028113679849,Laurentides,-74.608191663241,45.78696943903,1530869313000
262616489527174,Laurentides,-74.8474620417,46.370814490743,1680880324023
1133100811010030,Monteregie,-74.131436427849,45.271131226083,1700341315181
1380090122520375,Laurentides,-74.828716377163,46.369673353184,1655400011204
2259620507744809,Monteregie,-74.385636876835,45.340183336824,1728144997583
704257408388956,Chaudiere-Appalaches,-70.902063527464,46.596457009775,1693509553000
1082596840558042,Monteregie,-74.131941237506,45.270978690758,1764271298750
1060069094399022,Laurentides,-74.841742767214,46.371243583925,1568997874000
186803754423537,Monteregie,-74.131769540751,45.27103872018,1700341276080
670459577869456,Chaudiere-Appalaches,-70.925216569758,46.600630401036,1690647420000
553453669823190,Laurentides,-74.822528299999,46.3670355,1655399989309
1468845867281319,Chaudiere-Appalaches,-70.91138932656,46.597452921203,1690916947000
840364514437346,Monteregie,-74.112352767708,45.27191964924,1700341410073
899011101734602,Chaudiere-Appalaches,-70.918178850029,46.598493767763,1696440802000
1738078143300333,Chaudiere-Appalaches,-70.771764396476,46.753423162397,1690898222000
1052531886193541,Chaudiere-Appalaches,-70.764115772692,46.730824749891,1696173584000
2028850984625661,Estrie,-71.881874556975,45.775431559913,1765054171992
794796090250753,Estrie,-71.517478120632,45.388574242711,1764967578572
824914109043200,Chaudiere-Appalaches,-70.779303957996,46.776375172524,1690626566000
622565083033195,Chaudiere-Appalaches,-70.764181692466,46.760217670165,1690898267000
751265185583795,Monteregie,-73.880069198118,45.416948089294,1464007564975
1605976306472841,Monteregie,-73.882486465591,45.41682507729,1699698915533
322833460080843,Chaudiere-Appalaches,-70.490120627271,46.515187546102,1690637902000
1928689301198513,Laurentides,-75.720535486467,46.812725970126,1755368913000
741286549867336,Monteregie,-72.918045243203,45.361096396202,1558119318000
1706049229808071,Chaudiere-Appalaches,-70.482837663539,46.513824791377,1690644704000
3839807342801559,Monteregie,-72.910735517042,45.360030994103,1465732889188
356409564164986,Monteregie,-73.882138373544,45.416444772504,1567195626000
278526071456368,Chaudiere-Appalaches,-70.50156319806,46.493650643955,1690644899000
1064057891610793,Monteregie,-73.8821028,45.4164389,1567195625926
635914725338678,Monteregie,-72.916104856416,45.361012067606,1694013987056
1140712171205996,Montreal,-73.550673299991,45.514473943395,1751662564144
1173772918048098,Monteregie,-72.917721435661,45.361414183828,1764370265550
1489608841745661,Monteregie,-73.882241643289,45.41641742986,1721328941000
302516317907323,Centre-du-Quebec,-72.641375017329,46.164628604324,1502211085607
431245879633161,Montreal,-73.549506491078,45.516490181005,1701459318965
1267061961463323,Bas-Saint-Laurent,-67.7562842,48.4669929,1755963009000
3776969222400451,Monteregie,-72.924205611687,45.362191547574,1558119301000
2605508349618118,Monteregie,-73.890707445795,45.41764438251,1717605203316
1458033352996761,Montreal,-73.533453971701,45.490781275577,1756586849033
788867489611792,Monteregie,-72.935557378083,45.360395459695,1682179958000
1131450444044722,Monteregie,-73.896884811196,45.416646658391,1464006035092
1105948040875898,Montreal,-73.54946831892,45.516487083259,1751638248144
3913972195484716,Montreal,-73.544532195508,45.490208368314,1570558625000
2952869964988397,Laurentides,-75.623533316964,46.088694434845,1489324589000
7255219067929239,Chaudiere-Appalaches,-71.0416647,46.8171464,1711389997000
1360525275852571,Estrie,-72.194498909207,45.48122791765,1764799463020
1331402058760896,Chaudiere-Appalaches,-71.044550338593,46.816154900842,1765136692730
838606522362812,Estrie,-72.191973750759,45.480102609747,1764769021476
1032601463933596,Chaudiere-Appalaches,-71.042017663266,46.816640597568,1406542341000
1747929409222273,Estrie,-72.192821619511,45.480617738037,1764517977831
1361774397815922,Chaudiere-Appalaches,-71.046721810108,46.815761296733,1711373174000
1015564459468650,Lanaudiere,-73.724278,46.911861,1692113391000
106544732342899,Chaudiere-Appalaches,-71.041669078415,46.816719821875,1674217156000
700095297986995,Bas-Saint-Laurent,-68.778504456686,47.604064569448,1407062002000
4164466370272795,Bas-Saint-Laurent,-68.7734731,47.6024398,1406550357000
469364277676761,Centre-du-Quebec,-72.667089029757,46.143828016924,1502211208196
767052007512980,Mauricie,-73.002052926617,46.196939055918,1447937647309
844251930927006,Monteregie,-73.179266672674,45.326843761188,1719311615562
1630537191056751,Monteregie,-74.048431906532,45.389068169592,1720101349000
172692332282210,Mauricie,-73.02628583409,46.185017624585,1679484112000
863152942961490,Chaudiere-Appalaches,-71.229717411731,46.64021090223,1765123913805
375631637131352,Monteregie,-73.17919157224,45.326913172187,1558366062000
1148832186540128,Mauricie,-73.025797080354,46.185408045495,1711820233000
866087245297554,Monteregie,-74.048912772863,45.389012781214,1717950332100
738721731970790,Estrie,-72.278171072238,45.33137556089,1764772067432
287362786259174,Mauricie,-73.02584104185,46.185267062387,1448025064539
1875344709859382,Monteregie,-73.492079559371,45.489350467324,1755900529037
1474379883181085,Monteregie,-74.048624869389,45.388957010876,1721749826216
1517630252469286,Monteregie,-74.048214588304,45.389016867269,1720022114666
1285410550261751,Monteregie,-73.484467025566,45.493518467175,1755372602029
1082561792831422,Monteregie,-73.508437754395,45.484432264747,1713804104562
1165793189098834,Monteregie,-73.49219044711,45.489347754845,1756586502043
754950325983599,Lanaudiere,-73.148502942619,46.134527609207,1679484493000
4045102732473591,Estrie,-71.133884153777,45.434685143135,1708272700000
1849171082186916,Lanaudiere,-73.147846006587,46.134611467566,1711820608000
966599572274137,Monteregie,-73.485006990206,45.484318206754,1756564554029
878620482720392,Laurentides,-74.627677764184,46.09183610062,1530614777000
723786553272426,Estrie,-71.140547434362,45.447668739856,1708276270480
874799501508462,Laurentides,-74.285114823986,45.716551996614,1729164738566
425762248853116,Lanaudiere,-73.145122629425,46.134910872661,1448025410559
618630459832575,Laurentides,-76.013765899972,47.0425017,1659644190000
526780989203979,Laurentides,-76.012662199972,47.044387899972,1659693399000
832426679657252,Chaudiere-Appalaches,-71.304587653531,46.10903717974,1765059977936
1273453716600199,Chaudiere-Appalaches,-71.313884673611,46.104314847343,1683448454000
8121827941189126,Estrie,-71.7782374,45.5189748,1724074643640
1318405823421516,Chaudiere-Appalaches,-71.291897034399,46.112262189083,1766133757277
1131877232487079,Chaudiere-Appalaches,-71.106256136503,46.527896290316,1765123289803
1329919698474068,Laurentides,-75.466133154621,46.772449588222,1755371828000
595755506402497,Monteregie,-74.244437753787,45.383099934968,1736514986883
227944319813775,Monteregie,-74.230073026264,45.360044515855,1691946232883
1845594999444488,Estrie,-72.133321599963,45.221545770532,1764535404682
1184437060489087,Estrie,-72.13193612836,45.213775492944,1764883645240
911114696683026,Centre-du-Quebec,-72.1606627,46.050737,1703361124000
385870384451367,Estrie,-72.078240914187,45.005766292467,1716127523000
776358790767739,Estrie,-72.0502,45.0065,1663412033000
24581879991405779,Chaudiere-Appalaches,-70.562491035856,46.677549714254,1725474255780
435561552172109,Chaudiere-Appalaches,-70.561175374169,46.68765909193,1711375900000
506049330556235,Centre-du-Quebec,-72.494362873709,45.909343011287,1406536202000
850642889907440,Chaudiere-Appalaches,-70.563698140347,46.678517455297,1690913993000
1126700204498911,Centre-du-Quebec,-72.496737225157,45.909595348963,1572608424023
468749997539358,Abitibi-Temiscamingue,-79.423116662233,47.714480549797,1531059900000
783870537523485,Chaudiere-Appalaches,-70.541303522326,46.675714997902,1725473882982
733494638306762,Centre-du-Quebec,-72.505667811755,45.910884679735,1703353854000
2676862382490808,Laurentides,-74.015633510505,45.753236922075,1709472664200
246887697232617,Monteregie,-72.996957232015,45.376666865815,1544031146990
205269138095237,Centre-du-Quebec,-72.519490111852,45.906843501336,1572608355523
1155559456597560,Chaudiere-Appalaches,-70.560454988009,46.818804710776,1724691554616
1356954514890989,Chaudiere-Appalaches,-70.5416047,46.6754881,1690912130000
931749890952224,Laurentides,-74.015865198908,45.753258417063,1508327418511
1089559638206210,Abitibi-Temiscamingue,-79.423143172996,47.719984003242,1531059920000
307631987638109,Monteregie,-72.970030765313,45.375806873597,1558119150000
1021146538421587,Laurentides,-74.015477797716,45.753238467675,1545924112110
875982286285553,Centre-du-Quebec,-72.517276882993,45.908881367313,1406536139000
119336780169803,Monteregie,-72.997194403774,45.37669123957,1465732656102
1278590943936864,Chaudiere-Appalaches,-70.560701631053,46.818631833737,1724691550845
3467971039971337,Laurentides,-74.015833277169,45.75330528452,1551106393649
295209045583146,Centre-du-Quebec,-72.51097621692,45.911435547504,1407160441000
1297178118613711,Chaudiere-Appalaches,-70.560643838881,46.818674326682,1724691551880
1172035186646322,Laurentides,-74.015815340981,45.753328392763,1550594367803
510231880155199,Centre-du-Quebec,-72.519733802458,45.907024517745,1465986303000
413977297256422,Laurentides,-74.9663768,47.4917383,1659519666000
330687636060019,Monteregie,-72.975426753754,45.376190925038,1694014154081
493361625329390,Laurentides,-74.015892704039,45.753286714127,1546111498407
1098840491744787,Chaudiere-Appalaches,-70.567442148474,46.81383742967,1724691459744
1824313414869494,Monteregie,-72.970229820203,45.375994255132,1764370091726
604488684916562,Laurentides,-74.015912459504,45.753366805838,1680892122213
292993996706561,Monteregie,-72.998022425357,45.376738028185,1694014212101
533232951367252,Laurentides,-74.01550511584,45.753249966893,1545924111975
153999400021922,Laurentides,-74.018679553887,45.756059666324,1553716611777
2319122075124858,Monteregie,-74.293267873597,45.411246459522,1736515328816
1024279589404543,Laurentides,-74.018994855252,45.755805141431,1718965718599
1043252910250020,Chaudiere-Appalaches,-71.029521964457,46.66962169557,1696441415000
1054377702664639,Laurentides,-74.018934080594,45.756332998994,1724152723600
6312012885575666,Chaudiere-Appalaches,-71.029675631531,46.669716108022,1690917522000
1314326585904197,Laurentides,-74.018543845831,45.755988795743,1709310297466
1441394859537960,Laurentides,-74.018555525174,45.756048752453,1547668719609
1482861979188444,Chaudiere-Appalaches,-71.027191166139,46.667402185494,1690625363000
1176281613521865,Laurentides,,,1718959914307
1139769484198409,Mauricie,-73.335946,46.73536,1728414000000
305627991867693,Chaudiere-Appalaches,-71.029490949559,46.669607787808,1690647971000
1164453614027977,Laurentides,-74.020040892918,45.756670256848,1552149755462
413892581381612,Mauricie,-72.835829531204,46.269308127641,1711819671000
352542499561144,Laurentides,-74.015819998918,45.753211635832,1532615621368
1178880000441594,Estrie,-72.467824688237,45.402058856387,1764516096837
1817194822529671,Gaspesie-Iles-de-la-Madeleine,-65.920985006778,49.15584500089,1751389594000
755593748461589,Laurentides,-74.015865268768,45.753311615628,1548333941801
1364780953907033,Mauricie,-72.846497591227,46.268563201751,1448022520807
2300499063756570,Estrie,-72.450416917963,45.405176913492,1764516171806
147938180643947,Laurentides,-74.019149617808,45.755938347136,1545924097705
1244468472944252,Mauricie,-72.829720566788,46.269198338679,1679483496000
1467892423729447,Centre-du-Quebec,-72.175193923504,45.990946767007,1655492659062
759507089876684,Gaspesie-Iles-de-la-Madeleine,-65.90111344972,49.168263810402,1751388957000
152336976853889,Laurentides,-74.019043928822,45.756047586715,1554578935509
533999044970382,Centre-du-Quebec,-72.168574550228,45.987965656051,1655492626205
1034064451749622,Saguenay-Lac-Saint-Jean,-71.107318,48.037202,1722175938000
536046169083916,Monteregie,-74.062279267959,45.351060830388,1723818217316
478169764920079,Laurentides,-74.015751546566,45.753308841406,1718965733281
25255327327400889,Chaudiere-Appalaches,-70.507923913739,46.698357675926,1725473631965
1814476992313654,Monteregie,,,1714138795709
1157685005588588,Laurentides,-74.019188886557,45.755893953185,1709472651666
296134842951279,Chaudiere-Appalaches,-70.508021358751,46.698314788942,1690911856000
500058215995225,Saguenay-Lac-Saint-Jean,-71.101548524663,48.014009598852,1722176926000
3214782985334900,Chaudiere-Appalaches,-70.48197891412,46.699385752555,1688658116000
1100810137561245,Chaudiere-Appalaches,-70.481409320501,46.699239208098,1690903155104
791727006011550,Centre-du-Quebec,-72.348194313218,46.38140797812,1715249921252
3629591800682720,Chaudiere-Appalaches,-70.48146639836,46.699341823708,1724689296512
1501163753800368,Centre-du-Quebec,-72.363303979103,46.376926709668,1715250734956
1147938693258238,Monteregie,-73.757423934717,45.026964654389,1656456383428
1240074004041788,Centre-du-Quebec,-72.36353216648,46.376728017266,1715248873422
920345542529871,Monteregie,-72.896377949688,45.294388965823,1682179320000
1107066473656564,Monteregie,-73.760466114763,45.019489722097,1656456466286
215978574647577,Centre-du-Quebec,-72.362892405183,46.375980181011,1696348059000
2007141919647673,Monteregie,-73.555260016236,45.399301824842,1698504253322
1145238720052854,Centre-du-Quebec,-72.340879345949,46.382027505343,1715248551934
343422638197161,Monteregie,-73.55013001146,45.400822123522,1698504168706
782671136652621,Saguenay-Lac-Saint-Jean,-71.058928954139,48.404058369282,1684500067000
737041711755226,Saguenay-Lac-Saint-Jean,-71.063543416361,48.399609292365,1684500070000
928879775623559,Laurentides,-74.038931516827,45.940441030218,1709471475750
828843555528472,Gaspesie-Iles-de-la-Madeleine,-65.75812,49.221976,1719774812000
3924249187721162,Mauricie,-73.267869049893,47.968278843433,1754142426000
866928486090776,Estrie,-71.101028751991,45.394682593568,1764965729616
2035849213848076,Estrie,-71.870511408967,45.712663978344,1765047251034
1070521681953165,Gaspesie-Iles-de-la-Madeleine,-65.773834804775,49.221685847574,1751386674000
1325974392661497,Estrie,-71.883095019386,45.719564986666,1765047307053
1128051656044423,Gaspesie-Iles-de-la-Madeleine,-65.752578968613,49.225727038634,1751383052000
819068250229664,Estrie,-72.347130594948,45.154115505192,1724509693545
1054360825719266,Monteregie,-74.169282046638,45.330138453254,1667066359250
259800946427937,Chaudiere-Appalaches,-71.252535244395,46.124597836483,1694779997600
216663653171585,Monteregie,-73.27382360314,45.274893142904,1437039464615
1001185174568697,Estrie,-72.331459,45.162186,1689161553000
2071364817014526,Chaudiere-Appalaches,-71.237760872878,46.128939343638,1765119936845
1495932584281910,Monteregie,-74.16927312386,45.330080514986,1700340208673
1088276378325025,Monteregie,-73.270413670558,45.287064200394,1437046008768
1794354191163415,Bas-Saint-Laurent,-67.7012495,48.4635609,1755960803000
753648172973942,Estrie,,,1682170457000
952810605783589,Monteregie,-73.377976728303,45.492357814126,1691176021783
171304448135875,Monteregie,-73.00056216487,45.287483723753,1558364810000
823982355823872,Estrie,-72.347371,45.154051,1689161483000
823833874893561,Monteregie,-73.372116750033,45.509534288034,1407166650000
2080467039099962,Monteregie,-73.001203289274,45.287505974654,1719311694775
1092744581214287,Monteregie,-73.027574226206,45.297244060052,1558364925000
272496758900114,Monteregie,-73.372473438591,45.509989153144,1693357950080
1514154416171037,Monteregie,-73.0275369377,45.297255390965,1719311846326
750500549543596,Monteregie,-73.3773886,45.4923536,1661424032000
1896295050742805,Monteregie,-73.02331,45.29432,1681147596000
678183375272180,Saguenay-Lac-Saint-Jean,-73.278422503447,48.167904036657,1754227694000
288206432799367,Monteregie,-73.372116749426,45.509534267424,1407166652000
203385119187941,Laurentides,-75.267693,46.195982,1684683831000
1734172147011508,Monteregie,-73.001127174062,45.287595255567,1682156479000
1210430867518067,Cote-Nord,-63.184379387726,50.332216671078,1752054666833
1734955160342313,Monteregie,-73.370611379013,45.509531986898,1703350461000
2222432301518187,Mauricie,-73.389164802026,48.018175356471,1754145623000
512066633311216,Laurentides,-74.614224972695,46.166024991801,1530449495000
1457539105394039,Mauricie,-73.362747420132,48.011278636316,1754147842000
1387038378345650,Laurentides,-74.614183118677,46.165975146976,1568988872000
1424058065670644,Mauricie,-73.360055552427,48.039322687048,1754150172000
517638317692215,Bas-Saint-Laurent,-69.347552903375,48.024582069049,1728078530391
484368882629481,Monteregie,-73.06269967548,45.383898452275,1544031316555
146836920740759,Abitibi-Temiscamingue,-79.410247219527,47.261094444071,1531055551000
25363811769940395,Monteregie,-73.062809357527,45.383754165377,1764369796646
785353669033618,Abitibi-Temiscamingue,-79.411199999959,47.26731666274,1531055575000
309875554087958,Monteregie,-73.06292091921,45.3837831913,1558118872000
1484764359577518,Monteregie,-73.615762753697,45.417575324726,1605195042940
2275795516143980,Monteregie,-73.062441413192,45.383936076745,1694014392087
1380216499029148,Abitibi-Temiscamingue,-79.400283333333,47.246244444444,1531055234000
579518131087967,Monteregie,-73.61646029143,45.419715152809,1605195737963
1412205999113370,Monteregie,-73.063047147246,45.383811924786,1465732468232
1125921551829556,Monteregie,-73.617906019754,45.415753437471,1720888199732
525649098803658,Abitibi-Temiscamingue,-79.404250124883,47.250758217637,1531055263000
306435100945674,Monteregie,-73.062889924616,45.383963141963,1543505651973
1015368433690425,Monteregie,-73.617647171079,45.415853854317,1701452602633
2407211279453437,Estrie,-72.35354,45.22821,1682171932000
3227560440710253,Monteregie,,,1713803953786
1750596685606329,Estrie,-72.354322933212,45.213767496618,1764772931386
1406400630125099,Monteregie,-73.1287,45.19728,1681137131000
366208782457944,Monteregie,-73.128100936929,45.18714189877,1713819722555
1551307618694502,Estrie,-72.35716,45.23918,1682172010000
337634948836513,Centre-du-Quebec,-72.22030285301,46.452839155073,1696347335000
3998695350352927,Monteregie,-74.213261876615,45.339492773225,1764268663000
1750648302222897,Chaudiere-Appalaches,-70.631507216736,46.746297899511,1724689942039
332714061617813,Laurentides,-73.857571306228,45.83508446783,1546118061859
1068381277509232,Monteregie,-74.212997309778,45.339680445496,1666632355333
3434567370107950,Chaudiere-Appalaches,-70.630941272502,46.746161787581,1674219127000
1081504466389066,Laurentides,-73.831269908769,45.837691671629,1709308990416
586673580985406,Monteregie,-74.212056534635,45.33829776346,1732738882500
3819634978135416,Laurentides,-73.831532645744,45.837638253313,1546113573968
1020585892403635,Chaudiere-Appalaches,-70.639929920663,46.752231683432,1690898785000
151510810273576,Laurentides,-73.857173402525,45.835026936079,1546113496438
196574323031936,Chaudiere-Appalaches,-70.631650524069,46.746679994951,1674231447000
148215793954023,Laurentides,-73.83181070413,45.83770492447,1546117981389
2195263214152411,Chaudiere-Appalaches,-70.631424499134,46.746534212165,1711388224000
458531972075230,Laurentides,-75.33479167281,46.780436108682,1489331518000
778481987406735,Chaudiere-Appalaches,-70.631307876265,46.746394448462,1688659001000
504839544209365,Laurentides,-75.334372230124,46.780619451396,1489331515000
239138091828273,Chaudiere-Appalaches,-70.643987001629,46.75516105043,1690898769000
1232131220776311,Lanaudiere,-74.174236,46.835228,1692030218000
783519809219113,Laurentides,-75.334630526374,46.780530572124,1489328983000
2023146061362709,Lanaudiere,-74.195630896321,46.835423613731,1692032073000
740182529981307,Laurentides,-75.331436095947,46.781863901777,1489329000000
1037755254760383,Mauricie,-73.511836,46.870169,1728319346000
280079158065864,Lanaudiere,-74.175052,46.830863,1692029793000
227460142047605,Laurentides,-74.438911129655,45.883002785063,1530964603000
1353002735568291,Monteregie,-73.776772899272,45.337409802806,1691177348400
1288421898430697,Mauricie,-72.351312355436,46.823749169298,1685195640000
422896764033993,Estrie,-71.660185873368,45.142252684466,1724523527116
345469784838027,Monteregie,-73.824899089964,45.018625372808,1656457255858
141322738022300,Monteregie,-73.452665153932,45.003897148698,1531329048530
1091783665902708,Mauricie,-73.514601279864,46.893259639196,1728320946231
271615575733519,Lanaudiere,-74.195546,46.835967,1692033862000
2140770906097425,Monteregie,-73.7768320288,45.337392612454,1654088785462
610869081009854,Mauricie,-72.350137707605,46.811648108141,1685195713000
155079129967886,Monteregie,-73.452853501169,45.020838771821,1531329561540
1153057076270312,Mauricie,-73.538559,46.896502,1728323825000
172666262398248,Estrie,-72.31479,45.03286,1682168641000
3015211138706800,Monteregie,-73.777257894792,45.33738411644,1558369599000
3687967658142167,Monteregie,-73.819294545048,45.018705125628,1656456884571
1005349217332928,Lanaudiere,-74.175069,46.830822,1692037205000
297103971884982,Monteregie,-73.452712491701,45.003847825476,1531499625000
1252358586004547,Mauricie,-73.514600449581,46.893277129615,1728320924029
2237616013040029,Monteregie,-73.776935945511,45.337405700284,1407168171000
323611785811264,Monteregie,-73.452942328617,45.021016550599,1531500558000
309951947454543,Monteregie,-73.77868599173,45.337190729641,1437057280320
901903797990028,Mauricie,-73.514252,46.893203,1728320640000
459845657068795,Mauricie,-73.514585449737,46.893282258231,1728320917091
1004277040623406,Lanaudiere,-74.088931607056,46.872776764091,1692025691000
1698142907353979,Lanaudiere,-74.092936,46.861705,1692026138000
4121786004755598,Estrie,-72.140489164758,45.368247799913,1764795944321
2168915973582304,Cote-Nord,-62.020266861413,50.222974396658,1752067199458
264129063269406,Chaudiere-Appalaches,-70.548308342785,46.750808224465,1696174697000
1434953544875983,Bas-Saint-Laurent,-66.139960092227,48.669710111128,1751308288000
785859844504699,Estrie,-71.8969669232,45.727109099253,1765047373008
576281257818199,Chaudiere-Appalaches,-70.561185870747,46.73014503979,1690899071000
339732728555117,Chaudiere-Appalaches,-70.548027870551,46.750804384532,1711376543000
235262462697398,Chaudiere-Appalaches,-70.56539661781,46.730558345379,1688658712000
436893598910387,Chaudiere-Appalaches,-70.56454433593,46.748820348481,1711387609000
1392514758992262,Centre-du-Quebec,-71.632331594603,45.893978653715,1765055986450
341958230686283,Laurentides,-74.052846973453,45.787310957527,1572721836680
285290039912289,Laurentides,-74.04365200167,45.776782477738,1572721451676
1499663700837721,Lanaudiere,-74.026069,46.901983,1692024612000
850223925877728,Laurentides,-74.046413839135,45.776435425315,1572721468699
2157440254736327,Chaudiere-Appalaches,-70.510098152068,46.844280336024,1724692059692
2078133032518339,Lanaudiere,-74.049955,46.90487,1692024834000
1942284729882055,Chaudiere-Appalaches,-70.51012117657,46.836876758748,1725466471313
1248760626717448,Chaudiere-Appalaches,-70.510286220945,46.844207433643,1724692058357
238695102023273,Monteregie,-73.98730813563,45.296533118994,1691177966766
1635237470374697,Estrie,-71.659573990093,45.117736570804,1724523316205
1873652779710764,Estrie,-71.63032536164,45.111284865557,1724522891664
1376511042719431,Monteregie,-73.986594440198,45.296330555412,1437035457000
137430885044017,Monteregie,-73.988898377007,45.295888766426,1558115484000
218128503077031,Monteregie,-73.988701987821,45.296181889012,1437057878493
1532811910260380,Monteregie,-73.976644795623,45.299363193508,1407168764000
2009745293149246,Monteregie,-72.861530229938,45.337075685785,1762340901393
732267078083774,Centre-du-Quebec,-72.335296261179,46.006492588203,1655493251138
1140789250323909,Monteregie,-74.080465313169,45.343630557763,1723818271516
124964726285406,Monteregie,-72.8674860363,45.353034035275,1558119460000
457810622112530,Monteregie,-73.987461040711,45.296128009343,1437035453838
421324380604263,Monteregie,-74.080298337843,45.343748284403,1714154222667
1895200958015757,Monteregie,-72.863303669517,45.3529310975,1764370431751
1494744584323443,Centre-du-Quebec,-72.329895217637,46.007038021123,1655493226178
208215944243426,Monteregie,-73.990148682371,45.29612470472,1558370303000
348121131306295,Monteregie,-73.940632972919,45.378810920428,1704229642000
814054863914816,Monteregie,,,1714138877916
603529561720839,Monteregie,-72.877292535436,45.35487981747,1694013882083
693953170209101,Estrie,-71.366451280306,45.398258202968,1764966998585
324407020555038,Monteregie,-73.933032643965,45.378650130697,1704229740000
772185425302319,Mauricie,-74.078483097604,47.949951241876,1754167314000
906594400680009,Monteregie,-74.086079098326,45.342417022183,1704227245000
538142888749150,Lanaudiere,-73.477610983022,45.702293222516,1726317293349
888272623865124,Estrie,-72.049898541531,45.39923001912,1764538699753
1265640684108359,Lanaudiere,-73.477950922618,45.71695124151,1693241827238
590722356457880,Chaudiere-Appalaches,-71.2464,46.016362,1683466092000
264521216414144,Lanaudiere,-73.472132964858,45.716101519986,1693246767215
980764472661765,Laurentides,-74.459241672115,45.789725009651,1530701034000
457907952181594,Estrie,-72.471912688197,45.303801880491,1465734034495
1384221168828948,Lanaudiere,-73.46710889305,45.719318500852,1693242007187
1055401508317138,Estrie,-72.474877868116,45.304418808269,1558120567000
1386797242962873,Estrie,-72.484596823624,45.323877033026,1762258712268
550474050944467,Lanaudiere,-73.998390432606,46.561067975213,1722676695194
148605104948288,Lanaudiere,-73.838911,46.798826,1692120354000
865924664274970,Nord-du-Quebec,-78.159163069794,52.172177646801,1531203483000
1055378455617245,Lanaudiere,-73.838962,46.799005,1692121025000
4493274197369280,Nord-du-Quebec,-78.158269441233,52.170294444448,1531203493000
1565728214823200,Estrie,-72.350246662545,45.153717090384,1724509676728
594845416095790,Estrie,-72.350056,45.153721,1689161472000
1734186750851059,Centre-du-Quebec,-71.542474425949,45.859839441263,1765056563021
328811206672726,Centre-du-Quebec,-72.544401890455,45.885258111688,1703353706000
989438128712192,Estrie,,,1682170439000
1270761917505157,Estrie,-71.611862676375,45.204918597129,1724523531854
1849129399049549,Centre-du-Quebec,-71.532205921255,45.858960797671,1765056634333
292556075838160,Centre-du-Quebec,-72.54485321029,45.884880379876,1572608246523
3550704381839709,Estrie,-72.37303,45.16054,1681144717000
879772869275308,Centre-du-Quebec,-72.549657958595,45.880703742979,1465816081000
297528171859632,Centre-du-Quebec,-71.834135851292,46.39381514204,1572611060023
137932291645434,Centre-du-Quebec,-72.544419430641,45.886213257289,1465986408000
921230675334029,Centre-du-Quebec,-71.83237398969,46.39499167874,1465818807000
6208034145949705,Laurentides,-75.320611,46.196204,1684684359000
523559035314555,Centre-du-Quebec,-72.54229650002,45.887161715439,1406536035000
130434935741838,Centre-du-Quebec,-71.833739820874,46.39401870795,1465818802000
515790376109993,Centre-du-Quebec,-72.545749609118,45.88462978611,1407160582000
478603306784827,Centre-du-Quebec,-71.83587606605,46.393066647134,1407157926000
700429492093377,Laurentides,-75.306942,46.199474,1684684265000
2912844655600610,Centre-du-Quebec,-72.539149781922,45.889874478517,1406536053000
2973372766278356,Centre-du-Quebec,-71.858175946186,46.376688643035,1572610969523
793778236070086,Estrie,-72.078864727212,45.688389810379,1719321998413
2062505167425824,Chaudiere-Appalaches,-70.333290574436,46.420688072733,1693498318000
4076670249056868,Centre-du-Quebec,-72.548782414319,45.882041119078,1407160604000
1859655417782692,Lanaudiere,-73.916435,46.861251,1692125913000
315205863352201,Centre-du-Quebec,-71.834824021065,46.393822571076,1465983738000
1195030111473614,Lanaudiere,-73.925912156818,46.862851307585,1692022258000
1002477373489775,Centre-du-Quebec,-71.858890553,46.37670514474,1407158012000
901430520962117,Estrie,-71.95485,45.05928,1663411373000
1599347974466593,Estrie,-71.959583959091,45.448792201304,1764519076721
1413522223450712,Estrie,-71.95760708579,45.448727107312,1764971317624
2027014748121120,Estrie,-71.959049684449,45.448742795543,1764945395676
1008536896999632,Chaudiere-Appalaches,-70.491557738798,46.584613769273,1690635409000
1336785181469865,Estrie,-71.9576344,45.4486417,1764856166621
2261982834235267,Chaudiere-Appalaches,-70.491614859467,46.584774639661,1724687271578
501838308808909,Chaudiere-Appalaches,-70.491553793221,46.584692685489,1690634801000
287777796218635,Centre-du-Quebec,-72.144737633498,46.163541791822,1407159111000
899362710792384,Centre-du-Quebec,-72.145555850259,46.162573294013,1572609776023
126917353799159,Chaudiere-Appalaches,-70.491478177439,46.584651881244,1690635119000
379084950117805,Centre-du-Quebec,-72.135354358539,46.168795971148,1572609811523
184645433423646,Centre-du-Quebec,-72.576543634277,45.858207550356,1572608110523
275478678849941,Centre-du-Quebec,-72.576181152416,45.858436256659,1703353575000
298473904991222,Centre-du-Quebec,-72.134531053641,46.169260647242,1465817631000
2988071908184760,Centre-du-Quebec,-72.130150319884,46.171966669764,1465817647000
2958207417833316,Centre-du-Quebec,-72.576752197139,45.858004806038,1465815972000
307656107520385,Centre-du-Quebec,-72.138930615239,46.166575513696,1465817617000
1860385900786471,Centre-du-Quebec,-72.577007555937,45.858337423344,1407160772000
907447443661967,Laurentides,-74.225534836234,46.000234899784,1680868376188
303272114541083,Centre-du-Quebec,-72.578449869322,45.856730930777,1406535880000
590540592575437,Laurentides,-75.084636399972,47.094335,1659449054000
165146145498702,Centre-du-Quebec,-72.147462888964,46.161993714254,1465984933000
1661681704019041,Laurentides,-74.23488057847,46.017012548536,1558037232922
1800724973966081,Estrie,-71.759235476407,45.371513476508,1764947024728
1094572674589934,Laurentides,-74.23438714765,46.017416585496,1664642791631
846582891320595,Estrie,-71.754690980029,45.371935252164,1764968813529
2911834555639400,Mauricie,-73.327476,46.636849,1728411812000
606243157779048,Lanaudiere,-73.426853280281,45.840830266174,1681118740057
1271139013863511,Estrie,-72.229552578256,45.597991743371,1719322008924
786969242820636,Lanaudiere,-73.602678312375,45.755805202609,1681152258533
174524331829595,Laurentides,-74.225832262859,46.000120666749,1664642724662
1231219265493088,Estrie,-71.767744125859,45.367797365826,1764946991755
1553119068911538,Mauricie,-73.315671,46.642686,1728412056000
426305226164461,Laurentides,-74.230570352736,46.009834296756,1653427024811
156781036935210,Laurentides,-75.206224899972,46.364436599972,1452268724000
2806909536272128,Laurentides,-74.226857248544,46.000915470449,1653427062841
262979373345832,Chaudiere-Appalaches,-70.09441749957,46.566813026404,1693503918000
1994683907558149,Chaudiere-Appalaches,-70.094354717539,46.566885366407,1690906125000
1249788920319504,Estrie,-72.215023625588,45.49034792903,1764769156445
1402775367856769,Estrie,-72.214927820419,45.490306843308,1764799362740
1380955736870549,Estrie,-72.202690580473,45.483621413395,1764517934742
25258306937154160,Estrie,-72.0091884,45.4484749,1764855937649
823090753766247,Estrie,-72.015209225191,45.448465603058,1764971604472
1561462801526317,Estrie,-72.009580724593,45.448475971215,1764945178769
280183948193679,Centre-du-Quebec,-72.231906638394,46.428945353001,1696347456000
1824398484608815,Chaudiere-Appalaches,-70.58875293697,46.719005033808,1674231026000
1782065825806679,Estrie,-71.995831235629,45.448694602201,1764518918734
379480581665637,Chaudiere-Appalaches,-70.570382599746,46.729556541981,1711376203000
338105798783501,Centre-du-Quebec,-72.236469894171,46.422198191667,1696347488000
1925326084525293,Mauricie,-74.141281599972,47.928902299972,1659539520000
565374201906063,Chaudiere-Appalaches,-70.587605932308,46.719844563153,1674219500000
2006728846134985,Centre-du-Quebec,-72.247350986206,46.411892046179,1531508788972
199096839212271,Laurentides,-74.25032821892,46.024520023641,1664642855610
250084516849210,Abitibi-Temiscamingue,-79.372847225268,47.164205559729,1531054623000
701508600969298,Laurentides,-74.250852717318,46.024222321037,1653426925803
1017349466356618,Chaudiere-Appalaches,-70.512691037172,46.767667816255,1696174829000
522301930107487,Laurentides,-74.250206900391,46.024497796848,1680868385698
769381493941818,Abitibi-Temiscamingue,-79.378219444444,47.156527777778,1531054589000
1155329142032803,Chaudiere-Appalaches,-70.512635941541,46.767515011781,1711376691000
1088851305911020,Cote-Nord,-68.531650317284,49.386870615773,1751897329542
1200537057058839,Laurentides,-74.25037316,46.02432882,1434815149651
1158879495282481,Chaudiere-Appalaches,-70.512812749741,46.767378378177,1711387404000
150518663642862,Laurentides,-74.261810345293,46.027387701996,1558037321374
326610062305896,Laurentides,-75.119851787597,46.490578657889,1569003846000
292154436728552,Chaudiere-Appalaches,-70.175197948625,46.513925207142,1690906441000
951632619359438,Estrie,-72.47002,45.18135,1663418148000
832476774895366,Chaudiere-Appalaches,-70.173855052451,46.514919832258,1693503553000
633739531936127,Estrie,-72.47067,45.20967,1681145127000
858849546997926,Bas-Saint-Laurent,-69.377387235585,47.532561737719,1765143566247
857975266715893,Estrie,-72.137806937857,45.351214311186,1764795744307
978964330065133,Mauricie,,,1716661098500
6361039234006159,Mauricie,-72.211415004576,46.567689751349,1696353893000
257137087157806,Mauricie,-72.192682845672,46.570077295452,1692560094000
1192948801681757,Lanaudiere,-73.622841828659,45.839675235087,1709307133333
1613451315848700,Mauricie,-72.189895407017,46.569560842403,1696358398000
1444676409499022,Estrie,-72.05549998686,45.713538416201,1719326466048
404795198322947,Lanaudiere,-73.617160775071,45.834248583562,1654002521679
2678223222481145,Mauricie,-72.190488285467,46.569483354378,1597333296000
1904294616824577,Estrie,-72.235218175921,45.501446358305,1764517757724
1296734150857335,Lanaudiere,-73.623346533756,45.839475390646,1654014467518
316895487408201,Mauricie,-72.210551257828,46.569245867043,1692559908000
853069127567771,Estrie,-72.253369948287,45.502285771292,1764517632753
1441568526640877,Lanaudiere,-73.807638,46.896684,1692114735000
205779292349543,Mauricie,,,1685197916000
1345240803488265,Estrie,-72.236146674402,45.501805750048,1764799234783
1239106240632370,Bas-Saint-Laurent,-66.017869914264,48.592311302498,1751299074000
1144001569942493,Chaudiere-Appalaches,-70.970137741828,46.821151522016,1711389817000
926036128865132,Lanaudiere,-73.807393,46.89664,1692115531000
4305184616384322,Estrie,-72.25537311178,45.500550453394,1764769392395
106190218994069,Chaudiere-Appalaches,-70.967365,46.8215831,1674217372000
312577014578064,Lanaudiere,-73.785921,46.907097,1692113891000
1520965072450452,Chaudiere-Appalaches,-70.960723826924,46.823825592356,1765136923672
267385723017218,Centre-du-Quebec,-72.328545342933,46.039214626738,1703360325500
131088159953158,Estrie,-72.35998,45.09503,1682169411000
1023836581479134,Chaudiere-Appalaches,-70.966995432033,46.821686012425,1406542522000
1124758004704365,Centre-du-Quebec,-72.334740948093,46.037820194117,1572609081523
742493487727672,Chaudiere-Appalaches,-70.854206621242,46.599095151809,1696440547000
482074459700884,Centre-du-Quebec,-72.33941192851,46.033938682039,1572609061522
276711054965876,Chaudiere-Appalaches,-70.869033842094,46.601410794163,1690647196000
503276257703104,Centre-du-Quebec,-72.339282575409,46.034130127779,1465816901000
1279617412678230,Chaudiere-Appalaches,-70.858096718414,46.599911176376,1690916682000
994047785252942,Gaspesie-Iles-de-la-Madeleine,-65.255071,48.104121,1691314604000
174330777916651,Centre-du-Quebec,-72.336983102445,46.036563378469,1407159781000
292235446744168,Chaudiere-Appalaches,-70.868706775838,46.6019296126,1693509378000
826775978929189,Chaudiere-Appalaches,-70.869224796447,46.601147424836,1696440641000
943043090123269,Gaspesie-Iles-de-la-Madeleine,-65.241676,48.112182,1691314752000
2938978949651681,Centre-du-Quebec,-72.336891721216,46.036625252277,1465985607000
274340129056044,Chaudiere-Appalaches,-70.710369818923,46.776644008096,1711388554000
2547442172046263,Centre-du-Quebec,-72.342955358009,46.031012814667,1465816886000
24395093973434413,Laurentides,-75.641557078469,46.737736371513,1755364087000
3681225455490306,Chaudiere-Appalaches,-70.717539465609,46.762641180291,1696173807000
1238559054778525,Estrie,-71.350009064585,45.6117812018,1764949079755
529534594886790,Laurentides,-74.190931615031,46.020540061924,1568971373000
2526485381078262,Laurentides,-75.645746912388,46.733790185147,1755367978000
1524936204650906,Chaudiere-Appalaches,-70.7061514,46.7783247,1674231735000
469884857417927,Centre-du-Quebec,-72.343509214199,46.030525044831,1572609044022
1546586966161876,Laurentides,-74.213337100011,46.021760903731,1709311855900
228307496306050,Chaudiere-Appalaches,-70.702040924781,46.778644663087,1674218828000
4134871253499013,Laurentides,-75.650681742497,46.736393112872,1755365142880
381916204356816,Centre-du-Quebec,-72.342943115394,46.03108898736,1703360258000
216115233398448,Lanaudiere,-73.756194402953,45.892270015335,1546117350319
319788247151320,Chaudiere-Appalaches,-70.71678227782,46.777054901806,1690898517000
295326988932781,Centre-du-Quebec,-72.360427497607,46.016239097998,1572608974023
1097060301975551,Laurentides,-75.649450591385,46.736058486743,1755367229901
1205899526520638,Lanaudiere,-73.755826152189,45.892789461813,1546114216275
269215505727404,Estrie,-72.104890643454,45.089913056265,1689171522000
922905229310468,Chaudiere-Appalaches,-70.70276816631,46.77868000943,1711388527000
767848800586273,Centre-du-Quebec,-72.615550585348,46.260791751107,1502210311715
222060252702915,Lanaudiere,-73.757419901686,45.875737701835,1546114120690
3787745591347986,Estrie,-72.083060417578,45.089812886191,1558122465000
3964132477037012,Lanaudiere,-73.757308853279,45.875839253181,1546117443903
681584650476615,Estrie,-72.10066606486,45.060039565183,1689171929000
280644773743199,Lanaudiere,-73.757360572127,45.873450370814,1546117457515
472242164030488,Estrie,-72.083407100556,45.08157700966,1465735786014
6470675792986265,Gaspesie-Iles-de-la-Madeleine,-65.722009,48.301283,1691150408000
1822945884874048,Centre-du-Quebec,-72.370430315554,46.373599336751,1715248836685
2087983051372216,Centre-du-Quebec,-72.370053487053,46.37356397831,1696348093000
225644187021500,Mauricie,-72.781679946897,47.385825231942,1687702406000
1913385659035767,Mauricie,-72.7800014,47.3820764,1694807606000
807962714272060,Centre-du-Quebec,-72.370140344114,46.37896348954,1715250819173
310325043832812,Laurentides,-75.46700831752,46.6088027617,1489327753000
858439325868559,Mauricie,-72.77987064369,47.381916351009,1695496334000
825452676475110,Laurentides,-75.47618634904,46.622642285864,1755372968000
1134579321026405,Lanaudiere,-73.3843264,45.84101,1711825047000
6074546085966512,Mauricie,-72.774991911387,47.381071380819,1683382153000
3711402172470094,Lanaudiere,-73.362083723764,45.869762179383,1681036231163
498472021292371,Laurentides,-75.46684999862,46.608111116879,1489327750000
1021133119135683,Mauricie,-72.779954623482,47.381994623368,1695495224000
169513038875461,Lanaudiere,-73.36906097095,45.864137579009,1679488577000
1151472467028544,Bas-Saint-Laurent,-67.6411485,48.4705017,1755959783000
2132888827047640,Mauricie,-72.4169647,46.4551847,1711837298000
1388742341831995,Lanaudiere,-73.3808264,45.841145,1711832667000
114165087653801,Mauricie,-72.402091666667,46.460233333333,1597424063000
3531230707143963,Chaudiere-Appalaches,-70.806406677368,46.550000154016,1696440224000
3002239029910518,Mauricie,-72.4019514,46.4602197,1711818055000
1422862178557707,Chaudiere-Appalaches,-70.808910345876,46.550911212768,1690646360000
191205980288743,Mauricie,-72.417572866803,46.458074782666,1679481858000
2467918816708180,Chaudiere-Appalaches,-70.80802812534,46.550559424868,1693508969000
3494466757481325,Centre-du-Quebec,-72.121800772557,46.027531229142,1703361259500
753392172853828,Lanaudiere,-73.326508434517,45.920936485376,1681036251050
238662842371914,Chaudiere-Appalaches,-70.807102243314,46.549985954101,1690916178000
344501027092940,Mauricie,-72.429218728299,46.455177172734,1448020956195
387177857539607,Lanaudiere,-73.32205390516,45.923989161851,1711832998000
441519341774117,Mauricie,-72.4001181,46.4592897,1711837344000
224425192376247,Chaudiere-Appalaches,-70.950631532359,46.759584604235,1535120113622
1140371656635119,Lanaudiere,-73.329541653967,45.917458954115,1679485493000
414680968192988,Bas-Saint-Laurent,-66.821575754475,48.871233866249,1719673362000
1364058570964617,Chaudiere-Appalaches,-70.951511946845,46.759192652837,1711373992000
266641659750529,Lanaudiere,-73.329468414167,45.917491005062,1711821516000
1178230159967822,Bas-Saint-Laurent,-66.829861,48.86052,1719673198000
1511040946107446,Lanaudiere,-73.322307339304,45.9243071219,1711821488000
762189511166617,Chaudiere-Appalaches,-70.950538277004,46.759548190904,1535118760513
863923446214618,Estrie,-71.921015892692,45.368297988368,1764519639689
1993837024327153,Chaudiere-Appalaches,-70.951479518292,46.759177996608,1690897330000
220162937675864,Estrie,-71.923405,45.3806748,1692103569257
642145081269607,Estrie,-71.926717900002,45.386968900001,1692104007556
404618701429253,Laurentides,-74.180340718122,45.876306651772,1636659830671
307096828511148,Estrie,-71.9267175,45.386978600003,1692103995560
303392021829313,Laurentides,-74.189544950272,45.879551811283,1636558712024
272345911623201,Laurentides,-74.166958748733,45.878678160102,1636490330071
1295289074770054,Lanaudiere,-73.8039634,46.5875308,1628290828822
367217928457325,Laurentides,-74.189577956533,45.879549148415,1636559695059
1573460153225192,Centre-du-Quebec,-72.447856619694,46.339891223214,1715255065457
767063955698376,Mauricie,-73.451540488888,47.675541151771,1754174192000
913884627772163,Estrie,-71.891212337647,45.780195662375,1765054132987
280927814892585,Centre-du-Quebec,-72.447805764198,46.339961149805,1696348407000
998160158677109,Estrie,-71.900044332784,45.809040172562,1719326513529
999167315253961,Centre-du-Quebec,-72.44780979443,46.339908981944,1715259449671
1634070380686526,Centre-du-Quebec,-72.44757048781,46.339957838867,1715248454370
1627622061563640,Estrie,-72.056944170178,45.361020183554,1764537540395
1275727936411329,Lanaudiere,-74.046886,46.816928,1692038071000
315920467495056,Lanaudiere,-74.027755776434,46.810820436988,1692038138000
1015367019979577,Bas-Saint-Laurent,-67.33301,48.694905,1719667079000
1175823683420228,Bas-Saint-Laurent,-67.336723,48.696592,1719667027000
2918722014992389,Bas-Saint-Laurent,-68.915164779367,47.393708111493,1765203051911
1324900664787745,Chaudiere-Appalaches,-70.498618393984,46.396355883971,1693496583000
227999555757797,Laurentides,-75.058723338554,46.4239935713,1569002123000
1197060275712094,Bas-Saint-Laurent,-68.92437520488,47.399784733504,1765203004890
613062920958632,Chaudiere-Appalaches,-70.631212328033,46.919182611778,1690629002000
1051421407177279,Chaudiere-Appalaches,-70.654436712954,46.939172138087,1765137893705
3498401373755239,Chaudiere-Appalaches,-70.081180797996,46.884052053599,1688651431000
733132168633019,Chaudiere-Appalaches,-70.06912213572,46.892367757221,1688651374000
697070203236619,Estrie,-72.003453702556,45.569901856556,1765044744154
4832304293560090,Chaudiere-Appalaches,-70.647574748513,46.934808358076,1690629139000
1224615992238880,Gaspesie-Iles-de-la-Madeleine,-65.302962,48.98204,1719871526000
1185937549506202,Centre-du-Quebec,-72.491614648751,46.313282993663,1715259633855
461385638466851,Chaudiere-Appalaches,-70.654437008163,46.938945149478,1406543413000
278937738547166,Centre-du-Quebec,-72.490715257152,46.319572352625,1715246529423
6129194113866338,Saguenay-Lac-Saint-Jean,-70.226545488029,48.198195974325,1684508472000
270225332645445,Centre-du-Quebec,-72.492133090409,46.313311712476,1696348589000
125623886904321,Saguenay-Lac-Saint-Jean,-70.229264299972,48.218790099972,1662559602000
1424650318326093,Lanaudiere,-73.863454,46.861023,1692116891000
217482029908453,Estrie,-72.495477051325,45.355738802211,1505651555677
448121750884781,Laurentides,-74.060698062291,46.033708888598,1709470489600
1230389100965517,Lanaudiere,-73.867549,46.860552,1692116920000
371241750989377,Laurentides,-74.054354330111,46.030746892774,1558036089422
7353085791438086,Chaudiere-Appalaches,-70.7818664,46.636355,1711374861000
147317574074777,Centre-du-Quebec,-72.668204405797,46.278879691144,1502123837900
127461803655344,Estrie,-72.3728,45.14222,1681144619000
1358971474679273,Estrie,-72.35904,45.13392,1682169647000
713417473523557,Chaudiere-Appalaches,-70.756665816619,46.799280247575,1674218551000
148515768271340,Chaudiere-Appalaches,-70.76239058571,46.813537869564,1690627091000
3304362326516339,Laurentides,-76.0860741,46.933359,1659694099000
244139171881906,Chaudiere-Appalaches,-70.757602842099,46.793627693016,1690626689000
688032209801417,Estrie,-72.199146697635,45.193076565393,1689177128000
1179231087203902,Laurentides,-75.392328946743,46.393903375509,1755201209000
434303332592280,Chaudiere-Appalaches,-70.757092208303,46.799379980447,1711388832000
719132919989329,Estrie,-72.19523,45.18092,1663414093000
570809925435046,Estrie,-72.289268248232,45.209336296274,1724509742560
1208120620579856,Chaudiere-Appalaches,-70.756756550964,46.799305314518,1696198958371
1294628192433805,Estrie,-71.406953644222,45.567090217476,1764948770739
1025006879786025,Estrie,-72.260894572535,45.184104179404,1764778630422
1445963782854963,Gaspesie-Iles-de-la-Madeleine,-65.585721,48.330777,1691159211000
1346098846250627,Estrie,-72.271561,45.203216,1689162190000
472447477316005,Abitibi-Temiscamingue,-79.021711905728,48.239913840041,1531064889000
844411508329170,Estrie,-72.278934822716,45.180075920585,1764773437371
175253334375954,Abitibi-Temiscamingue,-79.019678610689,48.239893417107,1531064909000
377081178520947,Lanaudiere,-73.741550185122,45.867835173156,1709308105100
952262319280762,Laurentides,-74.725892906597,46.271363449318,1680880294460
217337744338559,Estrie,-72.28926,45.20942,1663415693000
301668558110496,Laurentides,-74.724280552631,46.282786100703,1530445487000
704837171761909,Bas-Saint-Laurent,-66.83174,48.859375,1719673187000
1406202803528490,Lanaudiere,-73.381840558311,45.9913075293,1681036273839
346330170226502,Laurentides,-74.715893378496,46.270435113119,1568991733000
737923321324183,Laurentides,-74.726121889109,46.271299504624,1680880232165
2133008590393897,Centre-du-Quebec,-72.201763341049,46.496703452115,1696346973000
24303795482616075,Chaudiere-Appalaches,-70.627137468815,46.743942050133,1724689927124
1537933594280450,Gaspesie-Iles-de-la-Madeleine,-65.809047298828,49.207047442186,1751387249000
174299001961802,Laurentides,-75.469382,45.987446,1684580935000
222823367319108,Chaudiere-Appalaches,-70.627010966011,46.744083858556,1688658985000
661917855763992,Laurentides,-75.454678,45.991977,1684581061000
557614256279834,Chaudiere-Appalaches,-70.627154008494,46.744049126311,1674231428000
846540436459701,Chaudiere-Appalaches,-70.627409557171,46.744085506139,1674219143000
161042735957768,Abitibi-Temiscamingue,-79.438497222222,47.550263888889,1531057549000
995865911851350,Estrie,-72.44268,45.20849,1663416623000
1516151969153953,Estrie,-71.954447106027,45.076794532084,1689173868000
152270127394605,Laurentides,-75.3501377,46.225087199972,1452265489000
977129390714624,Chaudiere-Appalaches,-70.627004123442,46.744048319011,1711388204000
195182599094668,Abitibi-Temiscamingue,-79.437377280909,47.56069375112,1531058865000
980405026750834,Chaudiere-Appalaches,-70.811953675978,46.657326620117,1711374692000
248314331020653,Estrie,-72.44817,45.1877,1681145015000
308345988421954,Chaudiere-Appalaches,-70.627495826907,46.744125669646,1690898834000
3356099818048740,Laurentides,-75.359177299972,46.226646799972,1452265109000
457637325301682,Abitibi-Temiscamingue,-79.4378100329,47.56856162053,1531058971000
1643053806201971,Estrie,-71.955918558277,45.066152431573,1689173793000
1195224881138569,Estrie,-72.46949,45.18169,1663418143000
530537919142092,Chaudiere-Appalaches,-70.61003235937,46.742764959222,1674231379000
1172859329954510,Laurentides,-75.358959249986,46.22667265,1452265264000
23986838660915682,Estrie,-71.9507,45.06185,1663411348000
828373114437993,Abitibi-Temiscamingue,-79.438117704119,47.560409671796,1531057597000
258122410346662,Chaudiere-Appalaches,-70.624132949673,46.94680388242,1690629255000
735479315013507,Mauricie,-72.634151380391,46.657109778088,1692556079000
1478887309513084,Mauricie,-72.634973058361,46.657084665616,1692555691000
2064727281045508,Chaudiere-Appalaches,-70.603634473121,46.962529553488,1765138056758
1053514063225668,Lanaudiere,-73.75018,46.650992,1728396594000
276036708669421,Mauricie,-72.6368814,46.6553564,1695491098000
1734802606951815,Chaudiere-Appalaches,-70.619691900455,46.968448818294,1688638532000
1303574411814931,Chaudiere-Appalaches,-71.1107042963,46.530704951725,1765123309829
1351468332458960,Lanaudiere,-73.751562,46.664529,1692105564000
140565624638014,Chaudiere-Appalaches,-70.6100949122,46.9606309435,1406543547000
749547401389080,Bas-Saint-Laurent,-67.3067502,48.1444462,1757274597000
299045209532904,Mauricie,-72.635204844092,46.656989262442,1695500637000
1064360028543819,Lanaudiere,-73.547848,46.592408,1728405072000
3623769167842696,Lanaudiere,-73.764538,46.654497,1692104602000
683523817135434,Chaudiere-Appalaches,-71.131027326061,46.523731357928,1693489581000
1798968640522523,Mauricie,-72.635537111115,46.656379366814,1695491092000
1152095028624603,Laurentides,-74.340537109916,46.085920960836,1568983283000
1082329423237907,Lanaudiere,-73.556398,46.592264,1728404944000
1051798213110072,Lanaudiere,-73.765845,46.658268,1728397290000
1933584757020306,Mauricie,-72.609773392653,47.637219430937,1687696455000
179082421880529,Mauricie,-72.605766630496,47.622702656585,1694802906000
487468896036877,Laurentides,-75.182385389851,46.510808968203,1434820160108
268790355494255,Mauricie,-72.6098058806,47.637854780201,1683380876000
186677057749625,Chaudiere-Appalaches,-70.300945705839,46.584157375332,1690910978000
346555223707241,Laurentides,-75.190677128766,46.520754688774,1434820205078
110787191969719,Lanaudiere,-73.533402863042,45.724926664343,1681036155855
2579481425543141,Lanaudiere,-73.521412495646,45.728207570415,1680951967299
1176177076378459,Lanaudiere,-73.534539228683,45.725360958302,1680963728206
894568879811061,Bas-Saint-Laurent,-69.027981815726,47.450739144266,1765202376858
1027086631627164,Lanaudiere,-73.537861460597,45.72393756642,1693241394243
136430749481478,Estrie,-71.96003,45.060898,1689173755000
1231032934213414,Lanaudiere,-73.538312022505,45.723609970212,1681116419390
832930157303872,Lanaudiere,-73.538410182501,45.723516077711,1447934589476
830484576544677,Estrie,-72.084847779565,45.394502797497,1764885690460
1324381108428327,Chaudiere-Appalaches,-70.215585342033,46.793731705032,1688652070000
191050007143022,Gaspesie-Iles-de-la-Madeleine,-64.886103,48.352479,1691329964000
461757416594864,Gaspesie-Iles-de-la-Madeleine,-64.988151,49.181352,1719866912000
1109125896330212,Laurentides,-74.168568990255,45.912009812745,1636641860766
6152649484770564,Chaudiere-Appalaches,-71.163072,46.140902,1683460738000
130688779441748,Laurentides,-74.160405347412,45.910038829307,1636642412052
185615570744362,Mauricie,-72.77770017611,46.856878127765,1658834828356
1179144346376339,Mauricie,-72.786707926569,46.859298716407,1695492459000
301191662617479,Mauricie,-72.777774996871,46.856853650732,1695499250000
168547781764294,Lanaudiere,-74.148248744597,46.387681085928,1596828595908
826590885541041,Chaudiere-Appalaches,-70.8279781,46.3393864,1693492355000
1856666358091254,Estrie,-71.972214770017,45.002653745458,1716129547000
843401397090690,Mauricie,-72.76613127063,46.855171697018,1694810517000
1230307872277085,Estrie,-71.245241620906,45.401849423702,1764966300582
780863554259360,Bas-Saint-Laurent,-67.501486,48.545942,1719662764000
5669532829816344,Mauricie,-72.766202204131,46.855184076611,1687705246000
1618755728968882,Estrie,-71.973176,45.001965,1716128201000
1095690535476250,Estrie,-72.319453602035,45.161491413199,1724509822407
1665027947612299,Estrie,-72.308930561463,45.175673389315,1724509440559
3454850371500048,Estrie,,,1682170739000
1336547713611228,Estrie,-72.319806,45.161602,1689161598000
1507032143401489,Lanaudiere,-73.915466,46.804002,1692126379000
1632930277079891,Centre-du-Quebec,-72.105988408932,46.003421172574,1655492392229
859281740081210,Estrie,-71.8156355982,45.199213564262,1764861752627
1565246630550242,Chaudiere-Appalaches,-70.902069046276,46.310720626848,1693491558000
25489840087291967,Estrie,-71.869117625437,45.711938128061,1765047245048
1564266621428216,Estrie,-72.271737256081,45.487283674417,1764517499730
1014867669570311,Estrie,-72.286853570399,45.539893845271,1719321971953
1562651238222156,Estrie,-71.817641619926,45.205787371527,1764523396757
1156612642502280,Lanaudiere,-74.035058865841,46.219005581398,1715437572120
265701682996848,Chaudiere-Appalaches,-70.925496162936,46.336271905606,1693491383000
501638037672855,Centre-du-Quebec,-72.095815819416,46.193334007644,1407158936000
25263721626553742,Bas-Saint-Laurent,-67.5465138,48.188209,1757259767000
1551430795900058,Estrie,-72.271477282019,45.486789279524,1764798945879
1192140416087444,Lanaudiere,-74.033645077457,46.219712698425,1715447764649
2671947726432031,Centre-du-Quebec,-72.086256890608,46.198664443728,1572610004523
1953175998587006,Bas-Saint-Laurent,-67.547479509667,48.185419015177,1757259022000
2326357301135655,Estrie,-72.271602162874,45.487227848473,1764769497428
377983226920894,Centre-du-Quebec,-72.099486124966,46.190771081589,1572609949523
1721025468615022,Bas-Saint-Laurent,-67.5464723,48.1913424,1757260026000
1466381061281846,Lanaudiere,-74.037249441646,46.211268421079,1715443803520
3979975198737772,Centre-du-Quebec,-72.077266015051,46.204124434934,1406537666000
1504408210867666,Lanaudiere,-74.043032632371,46.224422296779,1715435047000
2045077792918361,Bas-Saint-Laurent,-67.5497893,48.1998254,1757258594000
3985041684914732,Centre-du-Quebec,-72.080852647962,46.202393021704,1407158887000
1131419658574526,Lanaudiere,-74.034879540263,46.223507885995,1715435952200
260756063798289,Laurentides,-74.17760922969,46.001458090807,1724176496783
1018704331994155,Centre-du-Quebec,-72.098934183913,46.191461468381,1465984768000
3849787008474937,Centre-du-Quebec,-72.661768672778,45.7884308975,1465986878000
1192839859348288,Lanaudiere,-74.038547911426,46.223915804101,1715435559160
907869094508067,Laurentides,-74.178082657323,46.001713133763,1724154131716
1660544841128691,Chaudiere-Appalaches,-71.371309917457,46.044326212609,1683477528000
1411410859560627,Estrie,-72.354151806486,45.481051000153,1719318937966
485908099398841,Centre-du-Quebec,-72.650010566395,45.797446700629,1572607801023
4429747213706400,Centre-du-Quebec,-72.078675378719,46.203200824789,1465817822000
145982520878316,Laurentides,-74.189654279923,46.019058003509,1568971340000
1020905592617877,Chaudiere-Appalaches,-71.354749886504,46.057554973256,1683478095000
1090594622355572,Centre-du-Quebec,-72.649548447736,45.797785377483,1703353255000
834860725290688,Laurentides,-74.175833161477,46.000564770893,1724154109666
250821350129728,Laurentides,-74.569903117794,46.117319408151,1553351856404
25693109243647397,Chaudiere-Appalaches,-71.371339579736,46.04440816162,1765059170977
856620364917102,Centre-du-Quebec,-72.078675378719,46.203200824789,1465817822000
248755623669048,Centre-du-Quebec,-72.663877268169,45.786152179135,1572607743023
135901039103626,Laurentides,-74.570450127088,46.116437886427,1655398344294
170842214959936,Laurentides,-74.569744560937,46.117284852123,1553351782140
327120228807873,Centre-du-Quebec,-72.663657200839,45.786299714633,1465815621000
573722408161307,Laurentides,-74.428320872883,46.115298524566,1680868287700
242065214383686,Laurentides,-74.428723677909,46.114981661596,1548193655162
516365056409811,Centre-du-Quebec,-72.650306922543,45.797687368139,1465986833000
319446199592050,Laurentides,-74.569044126518,46.116983183756,1531058592065
1636293260117245,Laurentides,-74.420561699114,46.102439609674,1680880340907
469587301015352,Centre-du-Quebec,-72.661956617129,45.788317669509,1407161116000
1067945363695580,Laurentides,-74.576001460199,46.115485883543,1548192926465
205440265816373,Estrie,-72.112461,45.033305,1689172151000
723507325437069,Laurentides,-74.428575942204,46.115522017673,1655397829345
327746908744695,Laurentides,-74.568958347457,46.11709371244,1553350196717
283050390621351,Laurentides,-74.428769672437,46.115089899912,1653426196817
1611199093159053,Estrie,-72.172364826706,45.648756162574,1719321947796
310891490541575,Laurentides,-74.571987018223,46.115862683258,1553350095259
1033020691016821,Estrie,-72.1143,45.05204,1663412873000
1803609733326844,Laurentides,-74.428344658994,46.115324226894,1664643590631
973239047377146,Laurentides,-74.570469285509,46.116340144895,1680880216516
1121349745701386,Lanaudiere,-73.730485940633,45.767772423125,1703014741598
536873034869188,Laurentides,-74.570902914336,46.116416174224,1664644119557
1104574610039480,Laurentides,-74.576328919127,46.11571657806,1531055212222
506519063834570,Estrie,-72.385428208798,45.301674537782,1465734255112
491328162108123,Estrie,-72.389783398133,45.301504410543,1558120811000
665319532087253,Lanaudiere,-73.501847035441,46.205343092145,1681036159859
666709151459619,Chaudiere-Appalaches,-70.591422728639,46.978438788536,1688638636000
199948179036844,Mauricie,-74.452915399972,47.898730999972,1659537550000
605968941490088,Estrie,-72.39079,45.06134,1681144251000
1001724177766601,Estrie,-72.40712,45.06492,1682164771000
1580565303378687,Estrie,-71.515520300823,45.486354246422,1764948242681
1070140424418661,Estrie,-71.610913290424,45.092462323194,1724522574648
1098134017936918,Estrie,-71.610215408067,45.092162486059,1724521518581
1411921609450726,Chaudiere-Appalaches,-70.9288125197,46.842448512626,1711389688000
700384683141730,Chaudiere-Appalaches,-70.924321926716,46.845422411889,1765137051770
480541020949151,Chaudiere-Appalaches,-70.928390476957,46.842023594395,1674217521000
463256704756330,Chaudiere-Appalaches,-70.922371653587,46.846638682164,1406542660000
3914910108785324,Lanaudiere,-73.935365709971,46.674884924634,1722676917984
1094182991092032,Chaudiere-Appalaches,-70.928530129306,46.842038119837,1406542638000
710534074930912,Lanaudiere,-74.222316578486,46.333044880989,1752174407000
1698172310964246,Lanaudiere,-73.943396243173,46.674630130295,1722677107873
1430856324889886,Lanaudiere,-74.22606176552,46.325238063813,1752244518000
917796719483868,Estrie,-72.42139,45.21051,1663416538000
315715140976000,Chaudiere-Appalaches,-70.645954029744,46.890838924742,1690628736000
1281931826138090,Estrie,-72.419216292619,45.16418377603,1724509810261
664354048469807,Estrie,-72.419891838853,45.16325205464,1689160686000
1180869705891740,Mauricie,-72.857307302178,47.7418054627,1451682382581
1357091464990467,Laurentides,-74.008340838714,45.910862336848,1709471730650
644627061452565,Chaudiere-Appalaches,-70.435445966898,46.592181687668,1725480673355
287622923943662,Estrie,-72.410329474591,45.162689990099,1689161048000
881878776544498,Laurentides,-74.00342970553,45.935938777221,1652371567297
1037084661004149,Chaudiere-Appalaches,-70.150375368723,46.657518366751,1690904526000
1943224209848782,Chaudiere-Appalaches,-70.438976457099,46.587285301046,1725479558841
759754380033683,Chaudiere-Appalaches,-70.420111359516,46.596015783133,1725480758434
167343516193938,Mauricie,-72.541336635204,46.411582052201,1679482272000
1268386211453306,Chaudiere-Appalaches,-70.427100650971,46.592930688187,1725480912950
1344538056140833,Chaudiere-Appalaches,-70.785818829554,46.538600873511,1696440134000
1438861123932339,Chaudiere-Appalaches,-70.43300240879,46.587590086607,1725479783275
166243448887486,Mauricie,-72.539875388893,46.403223087725,1597424532000
6484973431628044,Chaudiere-Appalaches,-70.786238032181,46.538696579606,1693508871000
1230617562217609,Estrie,-71.888446163109,45.651703108186,1765046070098
945326123487300,Mauricie,-72.539326821479,46.403465338278,1711836882000
510453867030649,Chaudiere-Appalaches,-70.504723710389,46.987686709634,1406543847000
1060513708653950,Chaudiere-Appalaches,-70.785185604874,46.537920649739,1690916081000
1066216743781840,Mauricie,-72.53935191946,46.400879738394,1448021338801
941672373595415,Chaudiere-Appalaches,-70.792111736481,46.539879332662,1690646291000
459501801822128,Estrie,-72.410881884821,45.303139035706,1465734190691
517354669676041,Chaudiere-Appalaches,-70.489005916738,46.994199445849,1406543909000
948702943595413,Mauricie,-72.5413564,46.4119081,1711818475000
1243176586401173,Chaudiere-Appalaches,-70.806243160724,46.549786977578,1690646351000
787949784278027,Chaudiere-Appalaches,-70.504901366924,46.98762786618,1765138343764
465743681321594,Estrie,-72.417231635392,45.303065247874,1558120733000
155619956496591,Chaudiere-Appalaches,-70.493729724577,46.991807539366,1406543878000
228744423011006,Mauricie,-72.539314353921,46.400820415818,1679482314000
1543335929615371,Abitibi-Temiscamingue,-78.672348,48.0436683,1626988970836
1063063962585051,Estrie,-71.53521880912,45.393715349477,1764967646628
2093948897637594,Laurentides,-74.034237210337,45.934290874182,1709471533666
1651230122311046,Mauricie,-72.5426814,46.4175164,1711818454000
866058926205718,Estrie,-71.400030787999,45.39028824798,1764967131563
226398187008021,Chaudiere-Appalaches,-70.507532613126,47.000459437961,1688639595000
747745471686485,Estrie,-71.407158073114,45.390212870193,1764967155556
564443615083281,Laurentides,-74.789994227572,46.31262439644,1655399676362
615750567245977,Laurentides,-74.790997213479,46.323536844656,1680880264197
147622281726621,Chaudiere-Appalaches,-70.361166139026,46.400791143852,1693498135000
506103157973430,Laurentides,-74.790042006961,46.312481953789,1653424413862
350954173849786,Laurentides,-74.790873666585,46.323404766136,1655399737440
1166307540554290,Laurentides,-75.022222370187,46.393930551597,1530387598000
256239226870665,Estrie,-72.38116,45.26558,1682172380000
125008806290106,Laurentides,-75.001892531543,46.392474701091,1569001081000
110138774478646,Laurentides,-75.002355555754,46.392547225539,1530436826000
790741382844980,Gaspesie-Iles-de-la-Madeleine,-65.483135,48.146257,1691306550000
619077510068853,Gaspesie-Iles-de-la-Madeleine,-65.482505,48.15092,1691307772000
1648247162352157,Gaspesie-Iles-de-la-Madeleine,-65.485154,48.151318,1691306981000
161033239776689,Lanaudiere,-73.239633048305,46.039599275353,1679484938000
1023518025840341,Lanaudiere,-73.787466093534,45.695604653935,1722700039802
1088308339049795,Lanaudiere,-73.238285826766,46.041284423164,1711821031000
508598218199679,Lanaudiere,-73.787248289435,45.695516458982,1722690851136
948923316682868,Lanaudiere,-73.232277894867,46.048987773675,1711821000000
1983871242180716,Chaudiere-Appalaches,-70.983204319492,46.432337574681,1765122679793
238521721392612,Chaudiere-Appalaches,-71.313930121651,46.691365314825,1407156123000
1304969649903811,Laurentides,-74.943329658679,46.428506435887,1569000021000
3023951251171415,Chaudiere-Appalaches,-71.313550662026,46.691122160926,1406540304000
369833091101417,Laurentides,-74.943519433708,46.428013895288,1530437927000
1363909818749340,Estrie,-72.050775944862,45.531641054332,1765044301130
475858580356670,Chaudiere-Appalaches,-71.318110326627,46.688849746601,1406540280000
1236651330949808,Lanaudiere,-74.316245016404,46.35566740945,1752178544000
866669125945918,Estrie,-72.068606810603,45.513479638708,1765044179152
1310392737092719,Lanaudiere,-74.317604986354,46.358354182101,1752178354000
275917671636890,Saguenay-Lac-Saint-Jean,-71.251960853214,48.252691821125,1685540106000
716704827656059,Lanaudiere,-74.292046395009,46.362373011858,1752179012000
292159720433267,Chaudiere-Appalaches,-70.534409452756,46.753041414342,1711376588000
283121151183511,Lanaudiere,-73.963666,46.899779,1692023936000
777398567297044,Chaudiere-Appalaches,-70.5257847,46.7583097,1711387467000
257292550049149,Estrie,-72.46318,45.06659,1682163539000
1907543896500632,Bas-Saint-Laurent,-68.861781339436,47.3879575569,1765203769841
291610527143165,Chaudiere-Appalaches,-70.534644788121,46.752871780729,1696174737000
2059950070869923,Estrie,-72.46611,45.064,1682163513000
288158460766187,Mauricie,-72.32020565504,46.442953592569,1696352227000
282746146841134,Chaudiere-Appalaches,-71.266771880358,46.759996613221,1538926558050
435388365022984,Laurentides,-75.869563781102,47.288116791805,1659627094000
414435988244170,Bas-Saint-Laurent,-67.363485,48.712118,1719666908000
2924184764493678,Chaudiere-Appalaches,-71.266551615535,46.759976689204,1538927872002
169166149016717,Mauricie,-74.3383914,47.8869826,1659538080000
802518108530176,Lanaudiere,-73.541846858092,46.589962570363,1728405154000
471925260752476,Estrie,-71.414427468898,45.655885881938,1566681382411
213059210359297,Centre-du-Quebec,-72.826446641281,46.054843495758,1502212789657
1310634723157320,Chaudiere-Appalaches,-71.288488901316,46.739259347019,1696340718000
1096162851454752,Lanaudiere,-73.569504,46.584139,1728404798000
748046565909639,Chaudiere-Appalaches,-71.287946172291,46.758605789367,1540144785001
389638740159043,Mauricie,-72.286596981823,47.65105054134,1716663382083
140752048061880,Laurentides,-75.523711111112,46.368147224185,1489326389000
1658718844652862,Centre-du-Quebec,-71.968606479838,46.068162112847,1703362052500
1197105310723495,Chaudiere-Appalaches,-71.287914599229,46.758629873556,1523654981737
1430416320632013,Chaudiere-Appalaches,-71.287886990644,46.758652504982,1523571279968
1179007176614881,Mauricie,,,1716661863916
784730043114627,Chaudiere-Appalaches,-71.286993456584,46.739401162661,1685447724000
1281830346995489,Lanaudiere,-74.221778885269,46.319111438345,1752244394000
1041191531468509,Estrie,-71.75492241077,45.450068825183,1750690084334
1108908883566931,Chaudiere-Appalaches,-71.286204778245,46.73906177135,1711372351000
2873520229526822,Chaudiere-Appalaches,-71.288850917574,46.746829040751,1501852379409
2503834156636557,Lanaudiere,-74.221856580443,46.319069901405,1752174200000
1971696446698309,Estrie,-71.754648751963,45.450112225196,1750689851602
1347993309979342,Chaudiere-Appalaches,-71.286970058448,46.739351758583,1765132960770
862323862840777,Estrie,-71.959952740161,45.598329022229,1765045618127
909535942952382,Lanaudiere,-74.215155766088,46.317272010939,1501249624147
200882649144549,Chaudiere-Appalaches,-71.286976454092,46.739387880355,1674293588000
3185334101737126,Laurentides,-74.818894413699,46.365516434229,1655399976354
353302796225635,Laurentides,-74.817489427039,46.364912465454,1568997520000
926841607877048,Lanaudiere,-74.215855758696,46.318686559981,1501249790949
955211432963342,Lanaudiere,-73.305579106816,45.939511790128,1711833066000
878603633228581,Laurentides,-74.819003881913,46.365468101174,1680880280146
5948568398529733,Lanaudiere,-73.302943171486,45.942588754671,1679485359000
580982099964281,Laurentides,-74.819514522048,46.365621751193,1653424124838
1027814132411961,Estrie,-72.001332350212,45.381036563178,1720899039888
819864390159686,Lanaudiere,-73.302732209325,45.942841602878,1711821409000
1179332422514836,Laurentides,-74.817336103908,46.364833333423,1530441314000
170126248344098,Abitibi-Temiscamingue,-77.120644001235,47.507431484231,1531243692000
3893114594104472,Abitibi-Temiscamingue,-77.120661229617,47.507428823574,1531243692000
520068689184732,Estrie,-72.265400846601,45.289543802138,1558121181000
1508415517016535,Bas-Saint-Laurent,-67.807646863756,48.40535543653,1755970789000
1788894675341771,Chaudiere-Appalaches,-70.464144456528,46.636895219015,1724688865520
822150932530420,Chaudiere-Appalaches,-70.46535015976,46.635257688193,1690633845000
1468657523887987,Chaudiere-Appalaches,-70.464808167715,46.638337459808,1690633825000
1025664286409723,Chaudiere-Appalaches,-71.179464557996,46.166246185897,1765120526823
1481371819723013,Bas-Saint-Laurent,-67.237846423158,48.657350758811,1756745139000
579661747776538,Lanaudiere,-73.998140255534,46.558684590388,1722676660326
1091082865464954,Laurentides,-74.144157474086,45.933270392352,1709311251600
1083075092982889,Chaudiere-Appalaches,-70.952799999014,46.760051377309,1711373982000
694763481892071,Laurentides,-74.159399889944,45.910707336451,1636642426519
4028860233834223,Chaudiere-Appalaches,-70.950251279301,46.760111942319,1535118766333
792579932198327,Lanaudiere,-73.690033502341,45.723698552405,1680963764909
2963747397203738,Laurentides,-74.143838661484,45.933409876853,1557922308047
566679298984931,Lanaudiere,-73.690177304415,45.723663968589,1703015748027
1655723401578668,Chaudiere-Appalaches,-70.952774214045,46.760030714477,1690897323000
350638430492837,Laurentides,-74.14401357588,45.933362843905,1653427526854
829345031771470,Chaudiere-Appalaches,-70.371853265294,46.63232361004,1690911238000
557489229105275,Lanaudiere,-73.690743640458,45.723553375034,1654015220589
1010242913321662,Chaudiere-Appalaches,-70.380333118122,46.638779120907,1690911271000
863169491965837,Laurentides,-74.144054818626,45.933393976984,1724153556316
1121541881791707,Laurentides,-75.089239599972,47.143572499972,1659450228000
165308105518907,Chaudiere-Appalaches,-70.950283609388,46.760188294121,1535120106292
3530570820552351,Lanaudiere,-73.690556645036,45.723596568421,1681152304680
1451309415206299,Laurentides,-74.141061355024,45.910348075931,1568967339000
1950739249094894,Chaudiere-Appalaches,-70.374852926996,46.639065452571,1725470545303
257372039510183,Chaudiere-Appalaches,-70.943103494132,46.767964748554,1535122818552
889641242113578,Laurentides,-74.143351548985,45.934029159796,1680892060318
200417242711542,Lanaudiere,-73.691329647274,45.723462952029,1680892205930
1818968225364709,Chaudiere-Appalaches,-70.539835052631,46.67665834461,1725473871971
1337556843641497,Laurentides,-74.147349009104,45.924543381501,1680868340620
714435680365726,Lanaudiere,-73.690362190861,45.723252963321,1693240966219
1251097535540370,Chaudiere-Appalaches,-70.5398614,46.6766447,1690912117000
807042096923890,Lanaudiere,-73.690591502007,45.72362766742,1681036125191
1388123468828912,Lanaudiere,-73.605905,46.594788,1728404500000
1962209164325756,Estrie,-72.492367087377,45.38713663329,1764515968748
1536180457242228,Gaspesie-Iles-de-la-Madeleine,-65.699362,49.197063,1719771700000
945116809489982,Centre-du-Quebec,-72.747584157167,46.153002133754,1502211977225
25560073406931325,Estrie,-71.854871516379,45.125758896842,1764862550583
1795685960986639,Gaspesie-Iles-de-la-Madeleine,-65.696262593069,49.201670646894,1751379251000
887384968995172,Estrie,-71.86273,45.12319,1663410758000
4215202448767917,Estrie,-71.863306713922,45.123060933296,1764533435675
1361975848038864,Chaudiere-Appalaches,-70.510446895618,46.593487638382,1690634592000
1407869900903794,Estrie,-71.863028763633,45.123140806965,1764871475478
660260973753034,Chaudiere-Appalaches,-70.510152132414,46.593272534616,1724687019626
889993263674104,Estrie,-71.863423757022,45.121259020715,1764870976552
163040983468635,Chaudiere-Appalaches,-70.510922646178,46.59418952796,1690635631000
2309397089259369,Centre-du-Quebec,-72.280050945879,46.40002587116,1696347729000
1123974356315351,Chaudiere-Appalaches,-70.510583441393,46.590252666958,1725483306430
1336171641443839,Laurentides,-75.539875955188,46.819004186475,1755371018000
904280657401466,Mauricie,-74.2908197,47.862143,1659538345000
628778036941943,Laurentides,-75.378830437331,46.370457898079,1755201013000
1519226445905575,Laurentides,-75.369916898566,46.360879893148,1755200907000
2081130142717308,Estrie,-72.050097422362,45.40592991731,1764538749092
815931130316278,Mauricie,-72.729719332214,46.690294885185,1694811374000
1111494809825907,Mauricie,-72.72988953763,46.690422379889,1695500145000
1558798141823832,Estrie,-71.147437773655,45.71913698989,1764950415673
491809523411086,Estrie,-72.04766578882,45.708214137499,1719326529378
1558893201326132,Mauricie,,,1716661216250
1484601891961902,Centre-du-Quebec,-72.099318697343,46.009047999162,1655492363209
481968957660302,Estrie,-72.038076261488,45.704492592372,1719326061244
1279277590394547,Chaudiere-Appalaches,-70.447692681755,46.820487125662,1725463965737
327864876348907,Chaudiere-Appalaches,-70.742942448637,46.335221097968,1693492694000
3233516956803301,Chaudiere-Appalaches,-70.44284160716,46.836069469666,1725464481512
561538831494068,Abitibi-Temiscamingue,-78.804205560615,48.210036111026,1531066040000
2949553568701856,Laurentides,-74.85572905754,46.382948724221,1568998157000
147376368015760,Laurentides,-74.855956242316,46.382795680864,1680880320053
133830908784140,Abitibi-Temiscamingue,-78.817362606625,48.21190212846,1531065996000
1094424604400430,Laurentides,-74.42909681956,45.931615749523,1551103773900
288514529411662,Abitibi-Temiscamingue,-78.81356666439,48.2106472273,1531066009000
3267342800254363,Laurentides,-74.855681706202,46.382538911586,1653423974852
631603909066729,Chaudiere-Appalaches,-70.569403909409,46.434342220243,1690645329000
291684953440389,Chaudiere-Appalaches,-70.556971319,46.430842504038,1690645206000
798554594468030,Laurentides,-74.855979117543,46.382834761873,1655400126284
1149059348903610,Laurentides,-74.42880786333,45.931542406625,1550592490556
937880297550243,Estrie,-72.43949,45.08502,1682163905000
471922550746207,Laurentides,-74.855605538844,46.382833329326,1530440734000
155089259907423,Laurentides,-74.429119344451,45.931587261787,1554576339739
2792758654251380,Bas-Saint-Laurent,-67.3571164,48.1760432,1757267255000
1094333918167668,Estrie,-72.43405,45.0724,1682164617000
1088313688324809,Laurentides,-74.428988282097,45.93162176978,1516991373449
212357587111465,Abitibi-Temiscamingue,-79.268019444444,48.174916666667,1531062616000
643745058781669,Bas-Saint-Laurent,-67.3483799,48.1727276,1757267436000
188489903142554,Laurentides,-74.428816084151,45.931559664668,1553687534871
634806998790309,Mauricie,-72.416374407778,46.859805837502,1692554039000
112477330918167,Laurentides,-74.428760819748,45.93155273088,1545921548980
832301247373792,Abitibi-Temiscamingue,-79.269238653422,48.170205555298,1531062598000
199555322518658,Mauricie,-72.416321039198,46.859902031598,1682599322000
1545472022528613,Estrie,-71.999252,45.054955,1689172846000
297845208714140,Laurentides,-74.428533228738,45.93153052762,1552147709559
504139288463419,Mauricie,-72.412566336566,46.86116983513,1682599305000
632502708775595,Estrie,-71.99013,45.05693,1663411523000
1214773268980158,Laurentides,-74.429128211492,45.931628406888,1553812399903
276897515189737,Mauricie,-72.416193737952,46.859969489812,1695488666000
147561004016561,Laurentides,-74.428955502698,45.931568895474,1532799395455
1610914622439656,Centre-du-Quebec,-72.151515595747,46.158938330928,1572609755023
155592006536386,Laurentides,-74.429145381715,45.931628442109,1532632799106
457265802011786,Centre-du-Quebec,-72.155206516445,46.15716198191,1407159136000
1109468469542285,Laurentides,-74.428465262822,45.931571994467,1548441358407
1018051242659127,Chaudiere-Appalaches,-70.274255621507,46.566040181271,1690910847000
115285941573108,Mauricie,-72.207400124466,46.611163725408,1685198206000
177724647572854,Laurentides,-74.428716825001,45.931547128942,1546109386604
231608145423168,Centre-du-Quebec,-72.151878894857,46.159291137143,1465984948000
721589868936670,Laurentides,-74.8842695,47.3478189,1659451683000
935899534345877,Mauricie,-72.2020914,46.6255264,1685197399000
177112704319736,Laurentides,-74.428819819011,45.931610830271,1548536951110
1513318429612470,Centre-du-Quebec,-72.46027034181,46.333787655521,1715247228150
1922638604551000,Centre-du-Quebec,-72.153591065995,46.157597573477,1465817567000
202244242752141,Mauricie,,,1685197543000
472964738723697,Centre-du-Quebec,-72.460313898002,46.333983919252,1715246930707
2008829139564607,Estrie,-72.389191821765,45.15973403167,1724509383502
824218369586424,Centre-du-Quebec,-72.460601083131,46.334558464192,1715248027146
602983701172228,Laurentides,-75.983192099972,47.171383499972,1659642874000
1107115900395871,Centre-du-Quebec,-72.460007416716,46.334539624394,1715259497752
599774679062222,Estrie,-72.409512629285,45.162281573708,1724509843161
281023378208947,Centre-du-Quebec,-72.46018659382,46.33459050968,1696348458000
581038617342294,Estrie,-72.38966,45.15956,1681144779000
1037762644250267,Estrie,-72.409729044189,45.162348590143,1689161054000
1680398299299335,Mauricie,-73.80505,47.856356,1754171881000
867138319009717,Chaudiere-Appalaches,-71.044889052533,46.498807723886,1765123024851
210116898433902,Estrie,,,1682170247000
496815856361232,Bas-Saint-Laurent,-66.956179,48.805793,1719670989000
1429148668355116,Laurentides,-75.620173939461,46.591751729623,1755288710000
2078930925835021,Gaspesie-Iles-de-la-Madeleine,-65.340102,49.015218,1719841728000
1187240116766760,Laurentides,-75.601148765085,46.584882461053,1755288862000
1338906941368681,Estrie,-71.812289580528,45.367209082873,1764946807723
189413613048709,Centre-du-Quebec,-72.475765392191,45.919879030024,1572608500023
701536965063469,Chaudiere-Appalaches,-71.32625,46.029778,1683472945000
1271994626768430,Centre-du-Quebec,-72.4782539,45.9176202,1703359685500
930001818309200,Chaudiere-Appalaches,-71.332409,46.03335,1683475402000
1382028956977082,Estrie,-71.812481431801,45.367348615719,1764969079558
161670115909717,Centre-du-Quebec,-72.489967145028,45.909314163444,1572608442523
309988184721275,Gaspesie-Iles-de-la-Madeleine,-65.190960547712,48.186494055387,1691315966000
651306756820703,Chaudiere-Appalaches,-71.33598681692,46.026703280561,1683473611000
516522592996846,Centre-du-Quebec,-72.673230384219,46.139189476937,1502211236295
200213675125435,Centre-du-Quebec,-72.476411945647,45.919802824569,1407160330000
1925103901639953,Mauricie,-73.57397,46.895758,1728324325000
212725531821383,Chaudiere-Appalaches,-70.749250919367,46.737247312903,1696173641000
271966325178752,Chaudiere-Appalaches,-71.323241,46.027427,1683476328000
1550249862405946,Centre-du-Quebec,-72.4842426,45.9123532,1703353921000
3249719165319544,Chaudiere-Appalaches,-71.093089926876,46.673235645651,1693510846000
752082808808824,Centre-du-Quebec,-72.845480293131,46.030047616594,1502212918205
6696596313762071,Chaudiere-Appalaches,-70.726925562829,46.752294973805,1696173748000
476108521733436,Estrie,-72.080147611517,45.686795455969,1719321980462
299843502733023,Chaudiere-Appalaches,-71.088281505705,46.677342094402,1693510876000
3658887047567550,Centre-du-Quebec,-72.47651520946,45.919128230868,1465816341000
2476977855813335,Laurentides,-75.412269725258,46.130315567518,1684670665000
506488768825871,Estrie,-72.107170280283,45.660455479038,1719321848764
150571844250719,Laurentides,-74.943316499972,47.235531299972,1659450983000
450756255993088,Centre-du-Quebec,-72.479365719717,45.917543554433,1465986178000
121709707574732,Chaudiere-Appalaches,-71.160635412913,46.821986505039,1685451499000
143064982220447,Chaudiere-Appalaches,-70.728383239322,46.520053026647,1696439837000
1095505615547033,Estrie,-71.568289017584,45.273855262799,1724523424046
1233535060858055,Mauricie,-72.438574657981,46.732396350492,1682600501000
246855681122800,Chaudiere-Appalaches,-71.140506304611,46.849904814192,1681382832000
294344969910371,Chaudiere-Appalaches,-70.728389072702,46.520029381199,1690915774000
621067790226863,Mauricie,-72.438783934481,46.732849517959,1695503275000
568310125211350,Chaudiere-Appalaches,-71.165551118981,46.825659613842,1685451891000
1115383806295066,Centre-du-Quebec,-72.571901515183,45.861899999512,1703353593000
1017760626241734,Chaudiere-Appalaches,-70.728370988807,46.520057887889,1693508510000
833250719492948,Estrie,-72.275362180612,45.479524816192,1764769559410
818997777642134,Estrie,-71.870225424383,45.1206774701,1764862613583
1378825536250609,Mauricie,-72.435619029069,46.727790618692,1682601145000
1226461381145154,Centre-du-Quebec,-72.573849013342,45.86032071652,1572608121523
1338029178094912,Estrie,-71.934003230175,45.74827230333,1765047550109
1784761688911068,Estrie,-72.274932085089,45.479939514158,1764798893835
1370419127912330,Estrie,-71.870099779794,45.120730901333,1764871507578
237039098234305,Centre-du-Quebec,-72.567880667807,45.865736790042,1407160737000
1287299039821749,Estrie,-72.274992744206,45.479956076227,1764517447750
573473748139786,Mauricie,-72.437586523737,46.730394440354,1692558357000
564208723027832,Lanaudiere,-73.658495,46.595159,1728403936000
1168499486895867,Centre-du-Quebec,-72.574170987739,45.860014367667,1465815982000
201320132935575,Lanaudiere,-74.005879,46.904545,1692024308000
1188058728871277,Estrie,-72.315805582428,45.507663796337,1719321654770
2407048049469373,Mauricie,-72.856477399823,47.737593167213,1451682404369
1247633855896962,Mauricie,-72.433333764302,46.723701101134,1692558405000
883992810723069,Estrie,-71.8703967415,45.120555108388,1764533463664
1068152981418452,Lanaudiere,-73.642134,46.590647,1728404110000
1216256118808831,Centre-du-Quebec,-72.575613184008,45.860065491134,1465986533000
3749181875323767,Abitibi-Temiscamingue,-78.5566666,47.3255667,1627224857782
804993440396292,Centre-du-Quebec,-72.558194523456,45.873323418303,1572608188023
559995299552677,Estrie,-71.87039,45.12049,1663410783000
664373758662685,Lanaudiere,-74.00304,46.909184,1692024238000
232068082042285,Centre-du-Quebec,-72.567504273231,45.865608669711,1406535922000
1011019383368873,Chaudiere-Appalaches,-70.537279212495,46.4120542259,1693496349000
3586868331596124,Chaudiere-Appalaches,-70.870234299223,46.600668810045,1693509391000
1004231327595862,Chaudiere-Appalaches,-70.870192201191,46.600842464031,1690916748000
1167349438854582,Estrie,-71.271787274482,45.636837548247,1764949392697
1103208410845824,Chaudiere-Appalaches,-70.870087328195,46.601123276288,1696440644000
870544051496363,Chaudiere-Appalaches,-70.651783879852,46.625614214689,1711375371000
2906498689483350,Chaudiere-Appalaches,-70.868848763193,46.566317077485,1690647224000
774099874117637,Estrie,-72.17205,45.13049,1663413763000
787087252927765,Chaudiere-Appalaches,-70.635040603482,46.636088504469,1711375450000
1294922368873495,Cote-Nord,-63.340895596666,50.25671626222,1752053994916
770502155079355,Estrie,-72.172002158628,45.123228076829,1689176706000
1848120565589957,Estrie,-72.178162504434,45.14525301277,1689176861000
1419084102890700,Bas-Saint-Laurent,-69.29620971914,47.49613383625,1765143969629
3846969352102406,Bas-Saint-Laurent,-69.291456455724,47.495904133908,1765145685623
1325457008391719,Estrie,-72.172542541087,45.122461943483,1689169674000
1345741650582986,Estrie,-72.329343119147,45.279707823814,1764772580399
312594030264140,Estrie,-72.322194027174,45.299133278366,1465734421454
210732720638290,Estrie,-72.322453888884,45.29909962661,1558120999000
207221729017079,Chaudiere-Appalaches,-71.154043755519,46.537383014429,1693489478000
308022781849561,Centre-du-Quebec,-72.367664616132,46.43000380245,1696351620000
844863290552219,Chaudiere-Appalaches,-71.170125080052,46.547448111357,1693489399000
727712280378509,Chaudiere-Appalaches,-71.140441374216,46.548423947753,1765123430851
1367120790985019,Estrie,-71.180962659532,45.690553744842,1764949780703
1733583757397744,Lanaudiere,-73.385237,46.618043,1728410962000
2206696909675726,Chaudiere-Appalaches,-70.739147711545,46.615083489989,1711375056000
146601180806216,Centre-du-Quebec,-72.389170657922,45.992798292773,1465985817000
317980459738703,Centre-du-Quebec,-72.397802668911,45.984920620878,1572608817523
271964855536670,Centre-du-Quebec,-72.3957928,45.9865907,1703360033000
141895077924287,Centre-du-Quebec,-72.395693296487,45.986688268919,1572608826023
654514916583150,Chaudiere-Appalaches,-70.238715237579,46.786325731848,1688652170000
1192246117891893,Centre-du-Quebec,-72.389205306784,45.99278094274,1407159983000
1178188223833254,Estrie,-71.807468985316,45.149415657051,1764862041552
5576454355700167,Centre-du-Quebec,-72.399271527213,45.98770051095,1655493667206
1408147294219460,Estrie,-71.809845618079,45.147751453296,1764532905664
1122521166605316,Bas-Saint-Laurent,-66.7648057,48.7606759,1756039926000
1481209622945473,Estrie,-71.809892785714,45.147693514016,1764528582700
1107385046437906,Centre-du-Quebec,-72.387336452331,45.993763882267,1465816706000
298694495301481,Centre-du-Quebec,-72.378159337126,46.001386196889,1572608901522
3809271502461810,Centre-du-Quebec,-71.902813019828,46.344932012321,1572610800523
296369132049703,Centre-du-Quebec,-71.90915475012,46.340957821212,1407158195000
519755999036007,Centre-du-Quebec,-71.895251422897,46.350294844697,1465818577000
577808607108963,Mauricie,-72.779265476274,46.789823744352,1658834997842
1475559450008460,Mauricie,-72.557522859852,46.367295048711,1711836719000
1840041196174058,Centre-du-Quebec,-71.896854797262,46.349780280055,1465983963000
626306403018162,Mauricie,-72.779331358127,46.789906508844,1695499623000
7156884987741949,Mauricie,-72.557678643795,46.366398228619,1711818672000
1715756562234737,Mauricie,-72.779466254924,46.789900392699,1694810858000
861298696363050,Chaudiere-Appalaches,-70.995667129943,46.438172871018,1765122723855
764862031699738,Mauricie,-72.557596710644,46.368316273573,1679482468000
482281716551100,Centre-du-Quebec,-71.908917613035,46.340589523882,1465818527000
1508207099710361,Lanaudiere,-73.344679385863,45.896129567593,1681036239505
771437211090522,Estrie,-72.35169,45.03947,1682168465000
847506623371295,Mauricie,-72.77931355761,46.78992053999,1695492053000
167441738609823,Mauricie,-72.557699698112,46.366329136195,1448021496060
480351933242093,Centre-du-Quebec,-71.891333155992,46.353077528217,1572610843523
734175063930725,Lanaudiere,-73.348839718548,45.890351836588,1447936086126
941132568072555,Estrie,-72.258664619413,45.23808686043,1724509589574
3629903447265630,Mauricie,-72.779256739302,46.789926441528,1687705569000
1318676988826519,Lanaudiere,-73.349799266539,45.889888619436,1711821637000
6085308078208760,Mauricie,-72.556105555556,46.372119444444,1597424870000
1500131621248898,Estrie,-72.231250168373,45.218286396054,1764778918351
5577271079061824,Mauricie,-72.769121014099,46.809038572344,1658834563458
717020720149655,Lanaudiere,-73.34774,45.8960347,1679485589000
1016820649285408,Estrie,-72.25943,45.23767,1663415483000
1156425658651239,Mauricie,-72.76941344766,46.80784615895,1695492146000
1512222770052205,Centre-du-Quebec,-71.667000506822,45.871800443603,1765055564105
862306786381200,Bas-Saint-Laurent,-68.839380419452,47.380164335053,1765203861876
438652145214833,Lanaudiere,-73.3435247,45.8973131,1711832888000
186458840857105,Estrie,-72.239036,45.222126,1689162610000
292713022403666,Lanaudiere,-73.349158785906,45.889864007226,1447935538785
201589396026182,Chaudiere-Appalaches,-71.421720280445,46.193594569536,1683449933000
980561609763428,Estrie,-72.231685670942,45.21251358257,1689162508000
1326343649055531,Bas-Saint-Laurent,-67.7759557,48.4469206,1755963315000
883258127485911,Estrie,-71.444516408404,45.539615373258,1764948609716
265336562575153,Chaudiere-Appalaches,-71.421061694541,46.192785517276,1683449930000
1972826653531843,Bas-Saint-Laurent,-67.7706025,48.4517864,1755974052000
523683702373730,Centre-du-Quebec,-72.436035833333,45.823676944444,1606571242000
1448230202439863,Chaudiere-Appalaches,-70.91920133582,46.850216893519,1711389651000
478248996832225,Centre-du-Quebec,-72.438289722222,45.824971944444,1606571160000
718864201172526,Mauricie,-73.598295371723,47.681880049754,1754173096000
1256193508269760,Chaudiere-Appalaches,-70.912500459139,46.85352774747,1674217589000
768067148306909,Estrie,-72.43886,45.26294,1682172650000
1682585912995468,Chaudiere-Appalaches,-70.917737423226,46.850389758938,1765137077672
175365804388555,Bas-Saint-Laurent,-67.512875986248,48.851153648038,1559383475211
277591197132520,Chaudiere-Appalaches,-70.911897034399,46.853818194706,1406542696000
1185150699740927,Estrie,-71.13424125726,45.730414571911,1764950482728
139684302480868,Chaudiere-Appalaches,-70.908585287404,46.870652792117,1688637372000
1541720090562011,Lanaudiere,-73.560013,46.712111,1728478472000
1198440045164569,Estrie,-71.887560651748,45.358934338158,1764519754769
1235253815086807,Estrie,-71.467894720382,45.389239879016,1764967362610
798389842438787,Estrie,-71.960700716214,45.752327420153,1719326342992
1606403097187276,Bas-Saint-Laurent,-69.414372910664,47.546527028266,1765143421224
494555589763494,Gaspesie-Iles-de-la-Madeleine,-64.581889,48.898787,1719862310000
1445234322851059,Gaspesie-Iles-de-la-Madeleine,-64.600823,48.897531,1719847748000
530692206294544,Gaspesie-Iles-de-la-Madeleine,-64.60801,48.906903,1719847528000
1557725318366424,Centre-du-Quebec,-72.547774630643,46.336280439396,1696349316000
1488108536176858,Centre-du-Quebec,-72.548199868365,46.33260550911,1774898656000
840406013896197,Lanaudiere,-74.083479,46.822122,1692037938000
3458922694333527,Centre-du-Quebec,-72.546937156979,46.337740005378,1502136522446
1239394174665049,Estrie,-71.67828157566,45.373062600795,1764968549644
2589510161352071,Centre-du-Quebec,-72.784756432372,46.091652350123,1502212487412
3424280437719736,Centre-du-Quebec,-72.547890033308,46.332400575728,1774897286000
858418063574525,Estrie,-71.660518209477,45.376400843576,1764947359799
1466669048340659,Centre-du-Quebec,-72.5484731,46.3322956,1774895943000
193101449350955,Estrie,-71.624713363175,45.010420312797,1405788961001
1867490223961229,Centre-du-Quebec,-72.5483788,46.3322273,1774896032000
139852741531282,Estrie,-71.624630176322,45.010456703082,1531065450554
1299573565432768,Centre-du-Quebec,-72.548933846785,46.331098042533,1774896784000
932227907875728,Chaudiere-Appalaches,-70.6294500589,46.576070389671,1690914901000
1152590713442360,Mauricie,-73.619534036472,48.165040156352,1754155363000
841538070646741,Chaudiere-Appalaches,-70.150572816912,46.673908304319,1719610509428
2877984659117112,Estrie,-71.624837825412,45.01044496911,1467387148017
973160978570718,Centre-du-Quebec,-72.546841068468,46.33093893932,1774898175000
678839640976404,Chaudiere-Appalaches,-70.627664432383,46.577416298355,1696438780000
760456415561569,Lanaudiere,-73.569152540164,45.715236723572,1681036148681
670853777834445,Chaudiere-Appalaches,-70.174202728223,46.67306652858,1690904421000
1371355839912154,Estrie,-71.624859398648,45.010491899862,1531065452960
271709082493860,Chaudiere-Appalaches,-70.6245647,46.5795764,1696439125000
551145253805601,Lanaudiere,-73.605497489654,45.749811753393,1681152270779
725241602671468,Lanaudiere,-73.569545394951,45.715118235447,1681116413083
173853671342984,Estrie,-71.624976385256,45.010495975884,1467548853529
2135263296885376,Mauricie,-73.384909996665,48.11032123417,1754151500000
343432825361676,Lanaudiere,-73.600972505771,45.734188488031,1709306673466
889245952336198,Lanaudiere,-73.568242621659,45.715891937174,1680963735213
2903347326615473,Estrie,-71.624441991629,45.010384457406,1467387150004
149036288246180,Lanaudiere,-73.569734508507,45.71513817259,1693241299401
2954125848162758,Estrie,-71.624664780776,45.010455938496,1405781935508
725431945554387,Lanaudiere,-73.578886215181,45.953679146295,1654003300749
1880316405642974,Chaudiere-Appalaches,-71.259803906374,46.728432193009,1659089224360
293364385716202,Lanaudiere,-73.54267474389,45.700253812115,1433069898573
713041283274143,Lanaudiere,-73.578981746918,45.954113710524,1654013739674
2746398675500045,Chaudiere-Appalaches,-71.258072856948,46.72840768087,1685447842000
2002006046613050,Lanaudiere,-73.569609517779,45.71509861941,1447934504474
180434537320312,Estrie,-71.624694297158,45.010407275519,1531069496064
957087888782064,Chaudiere-Appalaches,-71.259583833369,46.728501626821,1711390669000
557945022242593,Estrie,-71.624669333392,45.010459097246,1467548852016
1548405796194066,Chaudiere-Appalaches,-71.259688876944,46.728020368482,1765133101805
1588601358334746,Chaudiere-Appalaches,-70.803287714225,46.75719549194,1690626456000
1376918003874718,Centre-du-Quebec,-71.513922495147,45.862548615405,1765056763814
146481440842685,Estrie,-71.624413500709,45.010377600816,1531069498433
1837874183257691,Chaudiere-Appalaches,-71.259600537152,46.728075146928,1674216399000
671046501628312,Chaudiere-Appalaches,-70.782679268125,46.746869160466,1690898169000
1183296189886427,Estrie,-72.128023361545,45.209892038117,1764535331624
1350281319154966,Chaudiere-Appalaches,-71.255206550251,46.72952191105,1674296207000
1051084149469844,Centre-du-Quebec,-72.009958914852,46.051716420206,1703361841500
861096109850386,Estrie,-72.123322975425,45.207712982706,1764883589189
166166265327199,Abitibi-Temiscamingue,-77.398974852546,48.097669174399,1531240701000
1845689062607428,Gaspesie-Iles-de-la-Madeleine,-64.495327645605,48.835587592974,1719855633000
208816998490365,Chaudiere-Appalaches,-71.259841801394,46.72839313771,1690649258000
1342519852815329,Abitibi-Temiscamingue,-76.921037712546,47.335438802548,1531244595000
1899923830345314,Chaudiere-Appalaches,-71.259451765467,46.72808726371,1674293722000
718352730029853,Lanaudiere,-73.509374391585,46.287855480363,1681036208140
193255582647122,Abitibi-Temiscamingue,-77.398974851604,48.097669227084,1531240701000
1198185335747429,Estrie,-72.110426593033,45.203379739253,1764535245606
500213761119633,Abitibi-Temiscamingue,-76.917915983539,47.331505766204,1531244614000
1471721153466312,Gaspesie-Iles-de-la-Madeleine,-64.505955826146,48.847972146418,1719848166000
1596912904177505,Chaudiere-Appalaches,-71.259631215807,46.728440458379,1696442622000
882603157018902,Gaspesie-Iles-de-la-Madeleine,-64.494476823987,48.842991856157,1719848210000
1888704278289068,Lanaudiere,-73.517650643431,45.696430878598,1699115459857
1037641617389667,Chaudiere-Appalaches,-71.25627647969,46.729172268494,1696442612000
1028642796145608,Gaspesie-Iles-de-la-Madeleine,-65.712648429781,48.313575055934,1751204656000
896450615614408,Chaudiere-Appalaches,-71.259781960164,46.728002286571,1711372477000
131368829540041,Lanaudiere,-73.518253440207,45.696165388195,1654103986368
299726499251129,Gaspesie-Iles-de-la-Madeleine,-65.712578440011,48.313850291827,1691151629000
257973886776743,Chaudiere-Appalaches,-71.257197029188,46.728912858606,1685453458000
952863745785312,Gaspesie-Iles-de-la-Madeleine,-65.704847,48.328329,1691154599000
3473340809637432,Lanaudiere,-73.510281324977,45.698557160107,1699115508346
280510891127089,Mauricie,-72.927917719472,46.899648875372,1687704648000
559972156719582,Lanaudiere,-73.51563444244,45.696979846249,1603897732000
693075432581109,Mauricie,-72.927998277456,46.899770790401,1683384957000
140312878024502,Chaudiere-Appalaches,-71.451554408337,46.639685939371,1406539899000
247975820350818,Chaudiere-Appalaches,-71.458361611552,46.637474637815,1407156577000
1197464571314702,Lanaudiere,-73.5187833,45.6956111,1568995040000
880742389568737,Mauricie,-72.927958907446,46.899829395772,1695492982000
1415726078802402,Chaudiere-Appalaches,-71.452872440676,46.639449435789,1407156560000
872152598718599,Chaudiere-Appalaches,-71.376479178252,45.931651459568,1765058283015
1826011887762111,Mauricie,-72.925653928954,46.894696789263,1658835051930
3697246113731215,Bas-Saint-Laurent,-68.886346250365,47.677039226535,1406549809000
522095702337032,Chaudiere-Appalaches,-71.467649589559,46.634255561631,1407156606000
1339872993282241,Centre-du-Quebec,-72.209317169777,46.483984944571,1696347171000
825350568107659,Bas-Saint-Laurent,-68.875694276572,47.672790137537,1406549838000
261976418947764,Chaudiere-Appalaches,-71.459168242052,46.636748313487,1465820137000
3557434961186806,Mauricie,-72.927909290075,46.899778219257,1694809935000
1359433961839845,Estrie,-71.657417914273,45.381975737421,1764968447558
1395368101051527,Mauricie,-72.926132247734,46.895989597637,1695498681000
1145762883994600,Estrie,-71.65187282522,45.389564033454,1764968398567
933474427951050,Chaudiere-Appalaches,-70.038535357252,46.912800280326,1688651179000
1382812169976169,Estrie,-71.656922060645,45.382430758451,1764947389687
1105287198227527,Mauricie,-73.232627335186,48.004405472724,1754141538000
382721308002525,Lanaudiere,-73.207052554196,46.078054828585,1711820883000
710912798345192,Estrie,-71.502003662471,45.498795010761,1764948340741
1464522884207928,Lanaudiere,-73.650211,46.855305,1728391063000
762162601934171,Lanaudiere,-73.20952518547,46.075575086678,1679484779000
838875299114252,Estrie,-72.318349478691,45.423496909783,1764797998736
1021699903030673,Lanaudiere,-73.647034,46.852411,1728316939000
1941548636409053,Estrie,-72.30130649812,45.421622860361,1764770417419
3306283339643579,Centre-du-Quebec,-72.244111592211,45.992784382332,1655492954181
1267741947739901,Lanaudiere,-73.650154,46.855306,1728326601000
3131778590461029,Chaudiere-Appalaches,-70.118865,46.8580897,1688651588000
475274990941542,Centre-du-Quebec,-72.229150507335,45.993404446888,1655492881109
638486448053507,Lanaudiere,-73.652904,46.857166,1692110001000
783801548999826,Abitibi-Temiscamingue,-79.010289823535,48.22738342366,1531065069000
2084284682328353,Chaudiere-Appalaches,-71.222393071076,46.136574325114,1765120150833
379433633304815,Abitibi-Temiscamingue,-79.010547611456,48.227444615196,1531065067000
1538742614123386,Chaudiere-Appalaches,-71.214108659831,46.14226786422,1765120275823
3215963028578943,Mauricie,-73.468568257076,48.112816972404,1754152302000
1184354519863816,Centre-du-Quebec,-71.558836307083,45.867412366865,1765056459030
478672644875033,Bas-Saint-Laurent,-67.477621375317,48.582035418231,1719663338000
791237640608847,Centre-du-Quebec,-71.530101684577,45.860929185138,1765056653370
729346522296313,Chaudiere-Appalaches,-71.351688574246,46.155169411516,1683449254000
1381011792631247,Mauricie,-72.604678117154,47.618711045461,1687696534000
996615175173464,Bas-Saint-Laurent,-67.477279,48.577459,1719663227000
612594963880176,Mauricie,-72.605996946061,47.616144187644,1683380961000
1253948251930583,Chaudiere-Appalaches,-70.419357407445,46.847851191297,1690630783000
944204343344356,Mauricie,-72.604721568454,47.618553630773,1694802921000
1283374440083067,Chaudiere-Appalaches,-70.418821237116,46.84184110521,1725464319315
1273272310510941,Estrie,-71.589512622158,45.206516325883,1724523604293
1183058850586804,Chaudiere-Appalaches,-71.029808382032,46.468284136936,1765122887845
7240091222674275,Lanaudiere,-73.876217,46.688056,1692102764000
1316593916779632,Bas-Saint-Laurent,-66.8436507,48.7371285,1756044678000
1420483128520447,Chaudiere-Appalaches,-71.049947227491,46.461524109965,1693490172000
1283670439740462,Lanaudiere,-73.896969,46.690772,1728399415000
1205762054578949,Bas-Saint-Laurent,-66.853457,48.7280861,1756045031000
488003352250801,Abitibi-Temiscamingue,-79.253599997313,47.980883403986,1531061556000
929231768344842,Chaudiere-Appalaches,-71.253149799479,46.2506057011,1683452027000
1083017815554069,Abitibi-Temiscamingue,-79.254652778281,47.973872216461,1531061529000
1548985466416028,Estrie,-72.033585456697,45.160477865788,1764534696680
2701302426909541,Chaudiere-Appalaches,-71.200426877916,46.772202547772,1765135899736
1160067662778961,Chaudiere-Appalaches,-71.201052192273,46.769555910063,1765135082725
1314019940086036,Bas-Saint-Laurent,-67.0074898,48.7081644,1756756734000
33007133065599402,Estrie,-72.029209324745,45.155065506959,1764872868551
1073001488381512,Bas-Saint-Laurent,-66.9984389,48.6842777,1756757529000
1053711566880342,Estrie,-72.02009242809,45.448407028711,1764971620645
837455803995862,Estrie,-72.033641135087,45.160520417054,1689175534000
1220282043278389,Estrie,-72.030318738598,45.448190173598,1764855855682
1471001200907117,Bas-Saint-Laurent,-66.9938855,48.6883594,1756757361000
1508369869902216,Estrie,-72.022493236084,45.150420178442,1689174822000
24623102757362535,Estrie,-72.020124860945,45.448365912887,1764518831713
1907034903182275,Bas-Saint-Laurent,-68.760170802066,47.376269465861,1765206767857
1281513317037724,Estrie,-72.044853352124,45.447818294925,1764945047711
2268980323578897,Bas-Saint-Laurent,-68.765928923612,47.375404678996,1765206749822
837767771382374,Chaudiere-Appalaches,-70.930074957623,46.603865237659,1696440843000
1178277083883822,Centre-du-Quebec,-71.56648876666,45.869919130609,1765056412990
279657075081633,Lanaudiere,-73.387866680272,45.830363047069,1711832624000
1646085629231340,Chaudiere-Appalaches,-70.935119675379,46.607835534391,1690917035000
932436521291473,Lanaudiere,-73.385908808627,45.83366011039,1681036220319
3106354552951052,Centre-du-Quebec,-72.37500156565,45.974306348209,1655493527144
613956523786709,Saguenay-Lac-Saint-Jean,-70.314058299972,48.0660157,1662557392000
161527816897906,Chaudiere-Appalaches,-70.931685461881,46.605253783885,1690647447000
492520575426391,Centre-du-Quebec,-71.829326169836,46.397715812334,1407157902000
930518488798671,Lanaudiere,-73.385310818567,45.839506717776,1711825053000
720483049273163,Centre-du-Quebec,-72.383164961926,45.978482221135,1655493577127
291877413446196,Chaudiere-Appalaches,-70.820475862056,46.582716659771,1693509157000
287435743897516,Chaudiere-Appalaches,-70.93184197297,46.60517414165,1693509661000
2285353678642738,Estrie,-72.013767916187,45.144415352012,1764534014657
173056008921731,Lanaudiere,-73.38766,45.8359847,1679488699000
846395593422941,Gaspesie-Iles-de-la-Madeleine,-65.674152,48.207564,1691147971000
566090553108357,Lanaudiere,-74.243121356509,46.347979159692,1752174963000
1114567115694047,Centre-du-Quebec,-71.828267024785,46.39791009011,1465818822000
1052607242418372,Chaudiere-Appalaches,-70.826169377913,46.588597222375,1696440430000
1854147095234600,Estrie,-72.013720077159,45.144357666081,1764872150543
775820901550359,Lanaudiere,-74.256878489659,46.345449263226,1752174678000
938093463416199,Centre-du-Quebec,-71.828880014346,46.39750773146,1572611079523
275215535115814,Chaudiere-Appalaches,-70.820007465167,46.582343830717,1690646531000
795535908056573,Centre-du-Quebec,-71.950129922016,46.310174614173,1465818362000
3569323043349221,Estrie,-72.01997101258,45.133849665689,1689174687000
250178347498867,Chaudiere-Appalaches,-71.051301,46.256964,1683457396000
213465281648760,Chaudiere-Appalaches,-70.821695445985,46.58387938838,1690916365000
135615148579996,Centre-du-Quebec,-71.82800467114,46.398701341275,1465983713000
290206972682231,Centre-du-Quebec,-71.950253436011,46.310561463955,1407158348000
465373678096427,Centre-du-Quebec,-71.825510804121,46.399862906547,1465818832000
4325398327471433,Centre-du-Quebec,-71.950234307122,46.310098505311,1572610620023
725718495853821,Centre-du-Quebec,-72.472257696701,45.885821010451,1703354276000
3846708095653383,Gaspesie-Iles-de-la-Madeleine,-65.184529,49.176803,1719870225000
2183087468781189,Bas-Saint-Laurent,-67.608909589315,48.196386339349,1751115633000
882006252647532,Centre-du-Quebec,-71.950994012229,46.310161789757,1465984163000
786630919673418,Estrie,-72.020094604614,45.134247696485,1689174689000
511268444421357,Saguenay-Lac-Saint-Jean,-70.366511157909,48.417458150183,1684497324000
1271197504350090,Bas-Saint-Laurent,-67.608599561406,48.170105082123,1751116083000
1838395956810743,Estrie,-72.021456379754,45.149651615035,1764534055655
2954047124832842,Nord-du-Quebec,-77.390555612714,51.690373950696,1531139960000
1885787528678888,Estrie,-72.021787202295,45.149816022665,1764872201505
545845211156940,Mauricie,-73.395925,46.605035,1728410834000
511801416667362,Nord-du-Quebec,-77.390690704279,51.690307631827,1531139950000
2665073467192643,Estrie,-72.065797515689,45.321552321593,1764537356296
1500326631259208,Estrie,-71.911396737618,45.42603960676,1764945668708
1759978781267158,Estrie,-72.07811901664,45.313199006521,1764537291075
1207154261364234,Estrie,-71.908051352688,45.420009937618,1764856551605
1302951550325622,Mauricie,-72.125255785449,46.592075567319,1692560451000
1439556077828029,Estrie,-71.913087941261,45.429145627277,1764971000613
1025171048247469,Mauricie,-72.125279346929,46.592320410412,1597333058000
993753351945300,Chaudiere-Appalaches,-70.63930495368,46.367300599812,1693493196000
972949343805258,Mauricie,-72.124435194405,46.592533233688,1696358657000
674530307874922,Mauricie,-72.116100842547,46.593061265734,1692560488000
858679279897833,Estrie,-72.165276130941,45.321836783952,1764795535131
606377194672273,Estrie,-72.094394,45.211826,1689168717000
1144839996908407,Mauricie,-72.804334287543,47.312999879692,1683382693000
672653328090120,Lanaudiere,-73.658353,46.743697,1692107731000
110177607812574,Estrie,-72.085648152464,45.210081955824,1558121954000
2005357606947039,Bas-Saint-Laurent,-67.250749176361,48.04761919305,1751126613000
744458974112302,Mauricie,-72.808714262052,47.312678818407,1694808023000
826029074702837,Estrie,-72.085702999477,45.211157331223,1465735279852
526501450016652,Lanaudiere,-73.646759,46.749067,1728393374000
764591309688470,Bas-Saint-Laurent,-67.2781867,48.0370868,1757272817000
842854973966201,Mauricie,-72.804529759213,47.31285717954,1695496718000
1412670389296704,Mauricie,-72.812893596332,47.312830375376,1695494843000
1174432724516123,Bas-Saint-Laurent,-67.2718781,48.0325077,1757272911000
294473795565557,Abitibi-Temiscamingue,-77.359502802704,47.998747431868,1531241205000
170190992703325,Mauricie,-72.804004483713,47.312781943695,1687702817000
1057305609923605,Bas-Saint-Laurent,-66.020138293999,48.594093774844,1751299086000
1009133647383309,Bas-Saint-Laurent,-67.062558,48.801652,1719670421000
1209125439523906,Abitibi-Temiscamingue,-77.35955082755,47.998732382418,1531241253000
2160481334467286,Bas-Saint-Laurent,-66.043074427268,48.590293470579,1751299268000
1402013977195146,Lanaudiere,-73.739136908414,45.731842611083,1693240511256
6604621659574916,Centre-du-Quebec,-72.222112831998,46.447905882742,1696347365000
1276676489487307,Lanaudiere,-73.739763554125,45.734115759723,1693240469246
25882615271334911,Estrie,-72.085502946827,45.379188175371,1764885562385
450833290598772,Mauricie,-72.901851366277,46.867381639025,1683385113000
327966582040837,Estrie,-71.845779073522,45.468044811433,1566843193148
979055130006913,Mauricie,-72.901719769644,46.867236448216,1687704798000
939580890470212,Gaspesie-Iles-de-la-Madeleine,-64.942641,48.362826,1691329529000
587502265487821,Abitibi-Temiscamingue,-77.389180552975,48.082563886221,1531240786000
956316178515339,Estrie,-71.845319386644,45.467448614273,1566843265813
272201392435461,Mauricie,-72.90185185719,46.867397376894,1695492825000
157874869676169,Abitibi-Temiscamingue,-77.388524996891,48.081586113048,1531240790000
139396192548364,Mauricie,-72.9017264,46.8672731,1695498821000
2244612095980281,Gaspesie-Iles-de-la-Madeleine,-65.797482855862,49.214571637436,1751387098000
501998305385323,Saguenay-Lac-Saint-Jean,-70.143198863598,48.36102360828,1684496686000
1161807449466797,Estrie,-71.888155558617,45.399208198933,1764858308573
846439699772006,Mauricie,-72.901787235519,46.867385580256,1658834913842
1015780059961717,Gaspesie-Iles-de-la-Madeleine,-65.780651,49.222558,1719774982000
218219224227199,Lanaudiere,-73.627723562018,45.695333607922,1681116384555
1389393629485579,Estrie,-71.887329550599,45.392882525853,1764858992847
1208950886878367,Estrie,-71.570222781481,45.269844938462,1724523406028
1338323060105741,Mauricie,-72.896837665627,46.863859229165,1695498842000
4083111068570751,Gaspesie-Iles-de-la-Madeleine,-65.780704030599,49.222478413936,1751383308000
1372055311282043,Chaudiere-Appalaches,-71.375708994963,45.84608889986,1765057614028
1116907432932227,Centre-du-Quebec,-72.519850295545,46.294115981791,1715259755643
3725918824198110,Lanaudiere,-73.627904273272,45.695089812556,1433070606507
1733900288003643,Gaspesie-Iles-de-la-Madeleine,-65.79877286039,49.21046634959,1751387187000
1347888186111457,Mauricie,-72.902772875819,46.869075702754,1694810108000
648611748242023,Chaudiere-Appalaches,-71.188905747803,46.159623864042,1765120480843
939142777511902,Chaudiere-Appalaches,-70.802492800997,46.651348483117,1711374760000
271245595874327,Centre-du-Quebec,-72.496323268777,46.310062555386,1696348610000
916076193872813,Gaspesie-Iles-de-la-Madeleine,-65.781013530888,49.223708987919,1719778343000
235852799135302,Saguenay-Lac-Saint-Jean,-71.642401328917,48.202916818757,1683373167000
1122749168935266,Centre-du-Quebec,-72.513163285532,46.298245835817,1715246506534
524191817054620,Lanaudiere,-73.539364,46.762919,1728415746000
407420362462847,Lanaudiere,-73.541338,46.853634,1728318794000
2133927510337570,Lanaudiere,-73.538792,46.765951,1728415776000
3102441589963106,Bas-Saint-Laurent,-67.250793527315,48.650730557265,1756745037000
590522533029284,Gaspesie-Iles-de-la-Madeleine,-65.320568,48.127067,1691313630000
1830631227596891,Chaudiere-Appalaches,-70.975623829784,46.429185946042,1765122653763
873065925031927,Estrie,-71.605276372275,45.089845024437,1724521416246
250495831296328,Chaudiere-Appalaches,-70.976939095439,46.402200481571,1693490820000
6660378814024546,Chaudiere-Appalaches,-70.693080908204,46.944199764686,1688638260000
3930393253911765,Estrie,-71.605261498129,45.08994213177,1724522516890
1720224968482830,Chaudiere-Appalaches,-70.695242019045,46.943414036079,1688638253000
1529123017545329,Bas-Saint-Laurent,-68.626318376179,47.539166547763,1407061458000
1178869907091222,Estrie,-71.558976449436,45.449774635752,1764947995699
192504376983500,Estrie,-72.40777,45.21254,1663416468000
1210522136189679,Chaudiere-Appalaches,-70.661710118826,46.553542453618,1690915447000
131891579963979,Chaudiere-Appalaches,-70.661861784385,46.553604060949,1690915029000
1022193062508567,Chaudiere-Appalaches,-70.665472703066,46.55091445012,1693508224552
811286765239772,Chaudiere-Appalaches,-70.990871346615,46.285975828719,1765121485798
936091620776196,Mauricie,-72.46577257234,47.871176541865,1683379628000
1680206952402664,Lanaudiere,-73.939883734174,46.887033516675,1692023414000
671684724901239,Mauricie,-72.460987464365,47.873481547096,1694801817000
845871513884665,Chaudiere-Appalaches,-70.664138774888,46.552115931975,1696439577000
774051997848502,Gaspesie-Iles-de-la-Madeleine,-65.167088687423,48.171895986864,1691315762000
661346999255406,Lanaudiere,-73.931746,46.866771,1692022607000
650409860286617,Mauricie,-72.465852570104,47.871054183162,1687694877000
833214135021047,Chaudiere-Appalaches,-70.661835189498,46.553576332834,1696438980000
760372403302222,Chaudiere-Appalaches,-71.139495861094,46.794942579963,1765136414755
4356971074592377,Bas-Saint-Laurent,-69.396688878375,47.541795616723,1765143482809
441157128485034,Chaudiere-Appalaches,-71.1392714,46.7955481,1711390258000
1009343393566044,Chaudiere-Appalaches,-71.139920224988,46.794728316655,1685451048000
1122548609934781,Cote-Nord,-62.377593926071,50.28752906156,1752057600875
1522017892002524,Bas-Saint-Laurent,-66.889586,48.799445,1719671413000
534884689488604,Lanaudiere,-73.591675,46.829884,1728327999000
8507443745993190,Chaudiere-Appalaches,-71.119135982018,46.805010353122,1674216926000
718398581318889,Centre-du-Quebec,-71.501775920082,45.859869572192,1765056834532
1937546513674505,Bas-Saint-Laurent,-66.8602252,48.7706004,1756044246000
840601281566172,Lanaudiere,-73.598617,46.808837,1728329411000
477043746706079,Chaudiere-Appalaches,-71.139615521404,46.79485768945,1406542083000
999915587707698,Chaudiere-Appalaches,-70.001501511957,46.937942975085,1688651019000
1075013714152202,Lanaudiere,-73.599699,46.811786,1728484130000
2452342548487309,Chaudiere-Appalaches,-71.139905365966,46.794754104451,1711372912000
584685787534550,Estrie,-71.9490220194,45.387034938871,1748376366348
1486217048887934,Estrie,-72.040918858854,45.041492579607,1689172620000
1034102598073974,Estrie,-71.92837946388,45.763797343702,1719326082565
763728942891066,Estrie,-71.956458862279,45.387499331723,1764238951909
3150078945286415,Estrie,-72.020142979944,45.050045066213,1689172745000
982411902995271,Chaudiere-Appalaches,-70.7596014,46.85285,1690627734000
1033429210701008,Mauricie,-74.285505499972,47.863066799972,1659538380000
1226403318952342,Estrie,-71.944865272243,45.390197222531,1748375795115
1883908952241407,Estrie,-71.928395310746,45.763706479141,1765047691094
970011170670430,Estrie,-72.02871,45.03272,1663411753000
2973422456295590,Chaudiere-Appalaches,-71.251830726764,46.730202580481,1674293744000
1861957127932404,Estrie,-71.945420818703,45.389940212849,1748376039767
1334844108673807,Chaudiere-Appalaches,-70.777917022772,46.874236597914,1765137477747
1343016590379275,Chaudiere-Appalaches,-71.251441134326,46.73028385735,1765133126824
1042870684607628,Estrie,-71.949020782312,45.386755286424,1748376369618
278721743887291,Chaudiere-Appalaches,-70.779321794025,46.87369926152,1406543031000
963504170172656,Estrie,-71.956149720037,45.387657532942,1764519472772
1097136588229082,Chaudiere-Appalaches,-71.251986655575,46.730102431392,1711372500000
1391329945240560,Estrie,-71.945400314869,45.389785182589,1748376038015
1301277817440143,Chaudiere-Appalaches,-71.251670336712,46.73030153975,1685447863000
663417826689226,Estrie,-71.944865096177,45.390197208153,1748375795115
771805610191890,Abitibi-Temiscamingue,-77.21590278271,47.619013887321,1531243172000
5942141415896715,Chaudiere-Appalaches,-71.182592,46.290983,1683452463000
249154671525313,Chaudiere-Appalaches,-71.2527031,46.7302531,1711390649000
502960824234243,Abitibi-Temiscamingue,-77.238473603714,47.617466910558,1531243108000
338138288631069,Chaudiere-Appalaches,-71.238468579505,46.735327063951,1696442553000
1451867189572098,Mauricie,-73.797705333456,48.009627290711,1754158375000
260840712982502,Chaudiere-Appalaches,-71.19028,46.301941,1683452598000
274488785610940,Lanaudiere,-73.658984559783,45.719962469025,1703013834363
2283588861779150,Lanaudiere,-73.475835818209,45.965607091327,1654003871470
211047877263018,Centre-du-Quebec,-72.611007529838,46.215979829219,1502210831155
542927954053950,Lanaudiere,-73.560829392612,45.964365984241,1654013659503
635082865052617,Chaudiere-Appalaches,-71.251929585324,46.730172172259,1674216422000
169279759384441,Lanaudiere,-73.630734091039,45.691569839816,1681116378515
1085454722184505,Lanaudiere,-73.478926134814,45.967957044954,1654013274537
1226010811666513,Mauricie,-72.912430608505,46.989082073341,1451687304467
2936302309845103,Lanaudiere,-73.651036511072,45.69407234004,1709306403066
540622050868559,Lanaudiere,-73.557568283394,45.966556506524,1654003458632
667940381865240,Chaudiere-Appalaches,-71.252487799672,46.730316172389,1690649235000
1258023661502160,Chaudiere-Appalaches,-71.325669,45.989935,1683476972000
1425133054914216,Mauricie,-72.91239399504,46.989079970783,1683384259000
126922819779457,Lanaudiere,-73.650741879129,45.691998109267,1654001844692
798713105005557,Estrie,-72.32282,45.09332,1682169183000
942921140138964,Lanaudiere,-73.641626,46.796633,1692108823000
237145905707459,Chaudiere-Appalaches,-71.238385225216,46.735260261906,1685453402000
520528212301117,Lanaudiere,-73.631275120039,45.69314936239,1433070675679
194785563547921,Mauricie,-72.912148465067,46.988680895522,1687704262000
349567597775956,Lanaudiere,-73.650925090422,45.693859594868,1703013506929
1465772160753197,Lanaudiere,-73.632366,46.782679,1728392205000
343136244822434,Mauricie,-72.912329209065,46.988968964241,1695493383000
321197846459552,Mauricie,-72.407888888889,46.545641666667,1597396378000
1202840163702150,Lanaudiere,-73.634588564919,45.69182908297,1680892211469
1479728542773133,Gaspesie-Iles-de-la-Madeleine,-65.170500041827,48.403330351798,1691322828000
794628482351126,Mauricie,-72.912409197799,46.989009116072,1695498233000
870598644782288,Lanaudiere,-73.632431,46.782818,1692108600000
374750707646718,Mauricie,-72.412921017594,46.553217260053,1597422751000
1348390666115181,Mauricie,-72.910973889741,46.9873735506,1694809520000
1284317858867220,Gaspesie-Iles-de-la-Madeleine,-65.17532462805,48.401080596229,1691322500000
1839508383656113,Bas-Saint-Laurent,-66.812452641205,48.786655109876,1756042519000
210468644445580,Mauricie,-72.414405555556,46.551858333333,1597404785000
24429035213429235,Bas-Saint-Laurent,-66.802650004123,48.782389592058,1756040865000
1926442400853084,Mauricie,-72.428533333333,46.551897222222,1597404675000
1110394979448079,Estrie,-72.317279697228,45.297668661715,1558121014000
1208103667944778,Estrie,-72.317402596857,45.299244911917,1764772458353
160485892684988,Chaudiere-Appalaches,-70.925762491258,46.796205762744,1535119157390
534732222187485,Estrie,-72.480545003057,45.213783885914,1663417643000
751546512176212,Estrie,-72.316688967265,45.297656509954,1465734433878
1679625052508927,Estrie,-72.47268,45.21097,1681145135000
625667959453988,Chaudiere-Appalaches,-71.332537,46.240724,1683451657000
1770149193171364,Centre-du-Quebec,-72.059394249572,46.236505539477,1406537822000
207243207879611,Chaudiere-Appalaches,-70.913384597815,46.809674157482,1535119469612
745494379478621,Centre-du-Quebec,-72.057849741584,46.242898044447,1572610207522
238235195453899,Estrie,-72.48359,45.2148,1681145169000
492984729621772,Chaudiere-Appalaches,-71.344460593552,46.22964393695,1683451555000
1201508233633456,Chaudiere-Appalaches,-70.925744668304,46.796291023505,1535119733940
368272981205942,Centre-du-Quebec,-72.053037648731,46.246654959408,1465984513000
774856680911439,Estrie,-72.48926,45.23759,1682173122000
1943438375794584,Centre-du-Quebec,-72.046954870039,46.249908384919,1572610250023
703343762549128,Estrie,-72.183732,45.4750001,1764854188590
1767355060693263,Lanaudiere,-73.627414,46.835149,1728303633000
5919956451412436,Centre-du-Quebec,-72.059753162495,46.233341848697,1407158751000
1948745882728070,Estrie,-72.184242257989,45.475252523204,1764944363751
1169693347427205,Lanaudiere,-73.618799,46.830401,1728475851000
3724714507806801,Gaspesie-Iles-de-la-Madeleine,-64.769306,49.092079,1719864863000
1129394140869767,Centre-du-Quebec,-72.059084986914,46.229552767232,1572610152523
1465551621661107,Estrie,-72.183750593816,45.47505051503,1764886804251
1276070910084225,Lanaudiere,-73.624478,46.8347,1728390543000
215448110016417,Centre-du-Quebec,-72.059876114517,46.236663111565,1407158739000
1404466491350055,Estrie,-72.183548023682,45.474988343167,1765042953132
736339754634682,Lanaudiere,-73.459954809185,46.171238371048,1681036143275
508813240489031,Centre-du-Quebec,-72.058658922877,46.242824240002,1407158717000
1888517148542126,Estrie,-72.184158261485,45.475143390923,1764518030821
2114146295655068,Lanaudiere,-73.619905,46.832417,1728416712000
764025520041401,Estrie,-71.956476971961,45.601928872715,1765045649066
1849418355780212,Estrie,-72.183940723156,45.475093762842,1764539972681
5446227885448442,Centre-du-Quebec,-72.05934838465,46.236549998903,1465817967000
850556067064116,Lanaudiere,-73.612507,46.843865,1728317922000
3826462827649664,Estrie,-72.183624270012,45.47501508993,1764972428732
784455974648483,Estrie,-71.933753455005,45.611266875289,1765045771036
509242072034132,Lanaudiere,-73.620738,46.83269,1728484336000
463878851361540,Centre-du-Quebec,-72.049099091147,46.248560072494,1465818021000
691456420465010,Estrie,-72.189994684847,45.477042090456,1764768957412
3855800921383749,Bas-Saint-Laurent,-67.0749793,48.7412765,1756755752000
912723036659504,Mauricie,-72.789457418737,46.272234401071,1679483388000
1053451372327447,Centre-du-Quebec,-72.560050898405,46.307005928454,1696348902000
1474817826998743,Bas-Saint-Laurent,-67.079547,48.752888,1756754994000
1101364793681075,Mauricie,-72.76308399197,46.284089704088,1448022301175
297796425397832,Centre-du-Quebec,-72.643639313608,46.242110487792,1502210456172
125185026280161,Estrie,-71.784104869806,45.008168889431,1531066795217
169882681948524,Centre-du-Quebec,-72.561081554056,46.307097768907,1597425412000
165193332219832,Estrie,-71.784618500247,45.008152225153,1530719389674
736666238549901,Mauricie,-72.786035515528,46.273815687077,1711819542000
980091769205228,Centre-du-Quebec,-72.562856941609,46.308132483097,1597425402000
951543466147483,Chaudiere-Appalaches,-70.0969531,46.6198481,1690905739000
163329502415007,Estrie,-71.784140499996,45.008177599294,1531066795958
1659472034863557,Mauricie,-72.766130886417,46.283083549847,1711819483000
718090106984596,Chaudiere-Appalaches,-71.277361025801,46.260339330444,1683451936000
1033548885646916,Estrie,-71.749629805741,45.452012338594,1750690063346
2939101883022106,Chaudiere-Appalaches,-70.930795480439,46.790050235622,1535119091980
249177088092291,Chaudiere-Appalaches,-70.114112675607,46.631732840516,1693504444000
311849953793419,Estrie,-71.784327018093,45.008151183431,1467386295524
1446105136392120,Estrie,-71.749724147337,45.451895650521,1750689871488
460601255002271,Chaudiere-Appalaches,-70.930830421562,46.790055623095,1535119800084
134717138720222,Estrie,-71.784526244129,45.008170660823,1405782775001
2331848760481726,Lanaudiere,-74.057763450351,46.59801755512,1722676659359
928460527973780,Abitibi-Temiscamingue,-79.270391597763,48.1447055324,1531062500000
209893124063652,Abitibi-Temiscamingue,-79.270391597185,48.144705531868,1531062500000
1499966223670783,Estrie,-71.784742699334,45.008145100756,1530719388838
2630442970441527,Estrie,-71.196892,45.245751,1694005504000
1132922080449140,Estrie,-71.784113745036,45.008176355337,1467550660539
1156963743296323,Bas-Saint-Laurent,-68.74955163905,47.375892617117,1765206801892
1156777421473313,Estrie,-71.784777522703,45.008143800857,1405786141028
1373581863028708,Estrie,-71.784228517027,45.008150736353,1467386296019
1742758030451338,Mauricie,-73.927310183608,47.990117468785,1754168920000
320915659433791,Centre-du-Quebec,-72.100271363728,46.190289998597,1572609945023
1678208905959955,Chaudiere-Appalaches,-71.100095,46.01681,1683462042000
306196227652855,Estrie,-71.784818488825,45.008171630832,1467550664001
311263960389214,Centre-du-Quebec,-72.100399089953,46.190583128206,1465984773000
177369844306556,Centre-du-Quebec,-72.24267507313,46.095678652969,1572609416023
739522324301592,Centre-du-Quebec,-72.230092019043,46.090492188286,1703360877000
964155385175343,Mauricie,,,1716660993666
168263015099192,Centre-du-Quebec,-72.248628269703,46.09140677322,1465817221000
1205330186814022,Gaspesie-Iles-de-la-Madeleine,-65.211211586315,48.395214543964,1691320802000
478367283397600,Centre-du-Quebec,-72.244291281457,46.095058882663,1407159455000
1363905724163092,Gaspesie-Iles-de-la-Madeleine,-65.224067022625,48.371724932281,1691320558000
162381715812485,Centre-du-Quebec,-72.244449806161,46.094998754214,1465985283000
905289377212964,Chaudiere-Appalaches,-71.134359821529,46.009981087798,1683462193000
1021054549264848,Centre-du-Quebec,-72.239472900603,46.098021746677,1684672835558
764806992863357,Chaudiere-Appalaches,-70.598321870134,46.659143314412,1725474446804
329430275365338,Centre-du-Quebec,-72.23677429621,46.099852091802,1572609438023
923861815114531,Centre-du-Quebec,-71.869628672623,46.368511426416,1572610925523
932613298516994,Chaudiere-Appalaches,-70.598211447571,46.659275887207,1711375630000
264926978700314,Estrie,-72.086870813886,45.252260808166,1465735131541
285392823237799,Centre-du-Quebec,-71.888568660111,46.355605779893,1407158121000
393551003137686,Estrie,-72.320736332911,45.488180016761,1719319095257
788662513039517,Chaudiere-Appalaches,-70.5984181,46.6590631,1690914228000
1117594455388812,Centre-du-Quebec,-71.879903224458,46.361199281634,1572610886523
673516144193447,Estrie,-72.088814,45.240263,1689168437000
2379464525835442,Estrie,-72.04882758336,45.535696860803,1765044358082
4144744728879365,Lanaudiere,-73.49677316795,45.724955456954,1447934734288
1993189361032966,Saguenay-Lac-Saint-Jean,-72.299738451873,48.038403191881,1687694075000
915596420575349,Mauricie,-73.030171515553,46.182772026066,1711820248000
960117131507930,Estrie,-72.0882634743,45.257118270732,1558121768000
804928520148627,Centre-du-Quebec,-71.888546738296,46.355687761985,1465983933000
1679602419226203,Saguenay-Lac-Saint-Jean,-72.29720276551,48.039345345034,1694800992000
767154524801533,Lanaudiere,-73.496977389795,45.725178643306,1681036178944
244268128030962,Mauricie,-73.032079885409,46.181558928575,1679484132000
972684947482765,Mauricie,,,1716660963333
1373615250244755,Chaudiere-Appalaches,-70.74212284449,46.510081346146,1696439911000
130707453216700,Lanaudiere,-73.496934951364,45.724504163499,1681116429433
1987128034969405,Saguenay-Lac-Saint-Jean,-72.298072387323,48.039471292861,1683378489000
843912089554038,Centre-du-Quebec,-71.883329827998,46.359328262209,1407158104000
740962237803558,Mauricie,-72.518212582562,47.709307169934,1687696019000
257968009048657,Mauricie,-73.033317953539,46.180795687273,1448025089435
304404178621830,Chaudiere-Appalaches,-70.73302796312,46.505519847233,1690646024000
1361212748082604,Lanaudiere,-73.499162943564,45.726378267075,1693241539173
1338622563403985,Mauricie,-72.5189156591,47.709285983383,1694802470000
610578764539561,Estrie,-72.132787929453,45.122680115336,1689176443000
277464030744492,Centre-du-Quebec,-71.885676104765,46.357095418118,1465818612000
1008913967545391,Gaspesie-Iles-de-la-Madeleine,-65.253463856069,49.087789476631,1719870964000
660911049329955,Chaudiere-Appalaches,-70.742074862529,46.51037824671,1693508594000
2575424495944875,Lanaudiere,-73.506564740703,45.731081990692,1680951974572
292667012358096,Centre-du-Quebec,-71.885676104765,46.357095418118,1465818612000
931989221231040,Estrie,-72.127726,45.143205,1689170900000
8210277169006853,Gaspesie-Iles-de-la-Madeleine,-65.253458,49.087725,1719842339000
970895860716845,Mauricie,-72.519184010364,47.708987880719,1683380255000
496869766844346,Bas-Saint-Laurent,-67.331337423716,48.125755873978,1751123911000
859170763359168,Bas-Saint-Laurent,-69.335214389307,47.522436493927,1765143738795
617520967191722,Chaudiere-Appalaches,-70.741894533906,46.510460511599,1690915849000
641414528089609,Lanaudiere,-73.939955,46.781347,1692018969000
3022051617968447,Bas-Saint-Laurent,-67.329461999003,48.125617003384,1751124245000
239207931911671,Estrie,-72.12593,45.144626,1689169952000
1022365675597770,Lanaudiere,-73.93639,46.7785,1692127497000
2567062643472114,Lanaudiere,-73.936348,46.778467,1692018905000
174020668468385,Lanaudiere,-73.361775199571,45.87023534665,1681036231297
689634736549661,Lanaudiere,-73.930842,46.775896,1692127569000
528923065141657,Centre-du-Quebec,-72.044074649444,46.251705137777,1572610261023
1133992804389694,Lanaudiere,-73.3627514,45.8735181,1711824909000
317648156458968,Centre-du-Quebec,-72.04326095427,46.252769745397,1407158662000
1428005904721677,Chaudiere-Appalaches,-70.6386631,46.5697664,1696438818000
179333581575566,Lanaudiere,-73.363973726055,45.871681508806,1679488543000
791375284819667,Centre-du-Quebec,-72.040382149042,46.254021478182,1465818052000
247128954884081,Chaudiere-Appalaches,-70.637672510386,46.570395273764,1690914933000
856838849980271,Lanaudiere,-73.571918,46.711214,1728478368000
1368085040240440,Centre-du-Quebec,-72.044737552965,46.25128746964,1465818037000
400648095935421,Lanaudiere,-73.36065808686,45.871603776355,1711832786000
687965862952851,Chaudiere-Appalaches,-70.6377131,46.5704531,1696439082000
1120071188512004,Centre-du-Quebec,-72.045690994962,46.251186970443,1465984488000
1347178842876694,Saguenay-Lac-Saint-Jean,-72.207954461718,48.215269696938,1694800220000
4366209620055776,Estrie,-72.071858892456,45.113257526438,1558122360000
1850404958484031,Centre-du-Quebec,-72.043857038436,46.251854187359,1406537892000
1572969119836645,Saguenay-Lac-Saint-Jean,-72.209297609114,48.211955024566,1683377745000
122449046548937,Estrie,-72.079474538091,45.096733595711,1558122434000
802620859410705,Chaudiere-Appalaches,-71.199667458734,46.772364848492,1765135874772
793208825688303,Saguenay-Lac-Saint-Jean,-72.209019605296,48.212691983444,1687693278000
708307052345275,Estrie,-72.148823465543,45.262242598501,1764883971759
3167144176797371,Chaudiere-Appalaches,-71.199501730935,46.771318040075,1765135026699
382659142990336,Centre-du-Quebec,-72.81789940333,46.065305372301,1502212700287
177062698700738,Estrie,-72.071466,45.119042,1689175852000
1372323160422668,Chaudiere-Appalaches,-70.999870331179,46.2662788207,1765121337760
1292287994707881,Saguenay-Lac-Saint-Jean,-72.206542383744,48.218307069985,1687693255000
860772209948091,Estrie,-72.140328564788,45.263556451598,1761214938345
478316050042408,Estrie,-72.070959263499,45.1175524851,1465735650716
659946799318737,Mauricie,-72.905041986581,46.928244109882,1687704506000
927547416849002,Chaudiere-Appalaches,-70.9922333,46.2629861,1754332016000
2603935866658445,Estrie,-72.143181622076,45.258357967385,1761215753855
680838573913913,Chaudiere-Appalaches,-70.620308349789,46.907796063275,1690628884000
1389285431623418,Mauricie,-72.906250931244,46.928048758845,1695493117000
1850937182462539,Chaudiere-Appalaches,-71.013101039016,46.257129970613,1765121263839
889449933408881,Estrie,-72.153065620551,45.26761565819,1764794866290
1352989748896483,Chaudiere-Appalaches,-70.748507542337,46.340996875073,1693492664000
905927430463385,Mauricie,-72.904802264718,46.928421355345,1683384522000
1424947208422992,Lanaudiere,-73.456888,46.752587,1728415144000
1427245848317363,Lanaudiere,-74.2971705385,46.331375039745,1752175435000
1001404035484168,Estrie,-72.142176772177,45.26353536028,1761214006730
4067696633294796,Estrie,-72.321751152691,45.14188541116,1587413077083
10032229436825062,Lanaudiere,-74.309336638218,46.328548148802,1752175777000
1017858402539731,Estrie,-72.165112,45.247147,1689177431000
371044861913208,Mauricie,-72.904037942823,46.928854626153,1695498499000
1429536668312293,Lanaudiere,-74.313644287888,46.349326783515,1752178199000
1431767807397754,Chaudiere-Appalaches,-71.199846197497,46.276504737257,1683452331000
789245429575113,Estrie,-72.230315,45.249476,1689162915000
1506771553445280,Mauricie,-72.90224279309,46.93007221123,1695493130000
1281463312874752,Estrie,-72.230345491108,45.249465699962,1724509753304
647567864144435,Mauricie,-72.906636951972,46.927928664303,1694809766000
241825788263568,Lanaudiere,-73.69271689398,46.723084738592,1692107165000
871623075324311,Estrie,-71.960379380685,45.128423352245,1764533817626
1531964074866936,Lanaudiere,-73.69053,46.723481,1728394738000
977047679968186,Estrie,-72.23058,45.24953,1663415333000
314215391065762,Lanaudiere,-73.697384,46.713229,1692107022000
1502150114231434,Estrie,-71.974858742756,45.130920998246,1764871973454
368343455878139,Centre-du-Quebec,-72.1597807,46.0501235,1703361127500
1652635052813651,Estrie,-71.780340533153,45.780207300542,1765054731074
1302932614898109,Lanaudiere,-73.430177890331,46.878542624609,1757187741677
7278594388912498,Estrie,-71.969878351588,45.734779124759,1719326231414
1114021596829839,Bas-Saint-Laurent,-67.251665860841,48.649393254547,1756745025000
2548198212245413,Lanaudiere,-73.423219563917,46.880871086669,1757186677409
178517377385398,Mauricie,-72.690755036684,46.296438642589,1502124127219
1292445192495312,Lanaudiere,-73.918601947833,46.51032910397,1750004918600
263759408819167,Abitibi-Temiscamingue,-78.018211111111,48.781447222222,1531119123000
2951902121795575,Mauricie,-72.670317792037,46.292010733364,1502139550162
132278358921340,Abitibi-Temiscamingue,-78.018211092164,48.781447204801,1531119123000
802907913971121,Mauricie,-72.688281296322,46.288563452249,1502139828588
1375461094022702,Estrie,-71.943269702875,45.12272290662,1764871841501
1152039973768501,Estrie,-71.960390656756,45.44880552732,1764519070784
738360248659007,Estrie,-71.941084765617,45.121695872715,1764533748631
1293741484353503,Centre-du-Quebec,-72.17767227432,46.141792907998,1465817481000
1218163900207126,Estrie,-71.967882666767,45.448008216785,1764945338671
1034931875464944,Bas-Saint-Laurent,-67.544124118826,48.144784205258,1751117133000
1015077099945255,Lanaudiere,-74.075709,46.843865,1692026355000
554208601107027,Gaspesie-Iles-de-la-Madeleine,-66.030904119427,48.533925016053,1751302994000
2130270127378144,Estrie,-71.9899445,45.4486715,1764856020611
181573403848633,Centre-du-Quebec,-72.187180444181,46.135055402485,1572609624523
743623833447053,Lanaudiere,-73.619920804175,45.925761018769,1654003051678
324003806648126,Lanaudiere,-74.079753,46.835932,1692026706000
1214053943332879,Lanaudiere,-73.662378122219,45.881136333877,1709307453100
1434624497618465,Gaspesie-Iles-de-la-Madeleine,-66.028149750539,48.536293515859,1751299971000
1060723539466043,Estrie,-71.960291706803,45.448741042682,1764971368904
795425911092792,Centre-du-Quebec,-72.179268860584,46.141200496576,1407159222000
313304854697289,Lanaudiere,-73.681479971722,45.883810622999,1709307890916
3332407606970658,Lanaudiere,-73.624338471901,45.921956282732,1654013953451
1878625576049179,Gaspesie-Iles-de-la-Madeleine,-66.024830682267,48.541079154306,1751300181000
1209787423017333,Centre-du-Quebec,-72.186865974927,46.135374229321,1684673018569
1575554043474811,Bas-Saint-Laurent,-68.897261410469,47.390029867048,1765203173885
1342161127682948,Estrie,-71.971489251437,45.423404983147,1764519284747
757631648232781,Centre-du-Quebec,-72.169002954141,46.147937262774,1572609693023
758152622623412,Estrie,-72.43813,45.20908,1663416603000
6476758025704541,Lanaudiere,-73.96003,46.793085,1692126794000
458690018536728,Centre-du-Quebec,-72.187011055153,46.135742682699,1465985073000
672189874486967,Lanaudiere,-73.960127,46.793088,1692019394000
253892447563138,Lanaudiere,-73.960613,46.783809,1692038421000
596369499924248,Mauricie,-73.320737,46.660448,1728412210000
2499551890205030,Estrie,-72.44429,45.03577,1681142230000
828664632094480,Lanaudiere,-73.964036,46.797965,1692019539000
1180695060022289,Gaspesie-Iles-de-la-Madeleine,-65.49101620573,48.98254225353,1719839727000
1531000744871920,Estrie,-72.109276158783,45.200916018831,1764883502177
171843492441689,Lanaudiere,-73.457785559573,46.169729806499,1681036142508
633116468227364,Estrie,-72.46724,45.05535,1682163435000
2659631891054727,Gaspesie-Iles-de-la-Madeleine,-65.507617904224,48.974073028748,1751373085000
837125442439270,Estrie,-72.109626509953,45.201747873113,1764535236631
1485746852786315,Bas-Saint-Laurent,-67.46856148087,48.413062545713,1751113105000
2654071851407647,Mauricie,-72.46796673589,46.392228018537,1696351229000
8403645386333462,Gaspesie-Iles-de-la-Madeleine,-65.50883353598,48.988263954384,1719692947000
1922444168180064,Bas-Saint-Laurent,-67.084271187935,48.807256338582,1719670330000
143179377770950,Estrie,-72.085813896872,45.203838873124,1465735306468
1154061102481874,Gaspesie-Iles-de-la-Madeleine,-65.508934,48.988614,1719768603000
234406382751467,Estrie,-72.088077430279,45.18693099805,1689169013000
921857626790904,Gaspesie-Iles-de-la-Madeleine,-65.502579115215,48.979589167105,1751374568000
211533381868498,Estrie,-72.092215,45.182776,1689169051000
2178551562587436,Gaspesie-Iles-de-la-Madeleine,-65.502483013189,48.979581071054,1751371868000
2648107922003079,Lanaudiere,-73.930719,46.801769,1692126440000
1206648136704033,Estrie,-72.303894121096,45.087718600151,1682169063000
1150657943564234,Mauricie,-73.361409391382,48.041328912575,1754150066000
1084671570332445,Estrie,-71.803157743983,45.150101529431,1764528463736
917835229072306,Estrie,-72.085844383372,45.203847509494,1558121978000
1050889682539092,Estrie,-72.3107,45.06277,1682168905000
1430610174875821,Mauricie,-73.896424294522,47.929550817111,1754169297000
1173959848237609,Estrie,-71.803292403353,45.149998502974,1764532818616
1184874640259279,Estrie,-71.80316934706,45.153135738758,1764862003661
589277515367800,Mauricie,-72.893122984051,46.248168335053,1448024669864
2257462174709762,Mauricie,-73.885451689865,47.922697832767,1754169347000
1771152856619743,Mauricie,-72.885898731262,46.252554999589,1679483660000
751411743149225,Estrie,-72.3905,45.20864,1663416368000
333838804832717,Centre-du-Quebec,-72.279481047424,46.069516762362,1572609280023
266817262978006,Mauricie,-72.878346488261,47.21865397165,1695497249000
535007172667737,Estrie,-72.453622643973,45.161686351334,1724509597882
492487203134237,Mauricie,-72.8932014,46.2481731,1711819835000
913607129372807,Centre-du-Quebec,-72.279837808845,46.069824598067,1407159585000
244068981771342,Mauricie,-72.8780181,47.2187264,1687703316000
6489992994369592,Estrie,-72.45399746032,45.161635100996,1689160324000
337033615556795,Mauricie,-72.877664372712,47.218708775992,1694808545000
527430278740376,Centre-du-Quebec,-72.726554196776,46.141129353445,1502211598208
1417414489034942,Estrie,-72.44076,45.17315,1681144943000
997077941554030,Mauricie,-72.878771363779,47.218624860029,1695494349000
621737350027756,Gaspesie-Iles-de-la-Madeleine,-64.797384,48.362238,1691330652000
225441070108817,Mauricie,-72.876612626707,47.218924102381,1683383215000
144660818510204,Saguenay-Lac-Saint-Jean,-70.289122542693,48.401015027294,1684497106000
755465143019142,Gaspesie-Iles-de-la-Madeleine,-64.812171,48.367755,1691330536000
160181473746535,Estrie,-72.022329985716,45.090922378296,1689174463000
525513955109497,Bas-Saint-Laurent,-69.157019800747,47.694096770261,1406548993000
1684068181927039,Bas-Saint-Laurent,-69.16380047615,47.694562224695,1407063392000
1161867821633870,Mauricie,-72.458217962904,46.448032546276,1711818201000
282826450203482,Bas-Saint-Laurent,-69.167146560463,47.694656679785,1406548965000
1931881170963846,Lanaudiere,-74.28948308066,46.290458135327,1752245748000
3290611344577754,Centre-du-Quebec,-72.329671012333,46.384781267765,1715248611460
169582491883363,Mauricie,-72.452763888889,46.449338888889,1597424196000
1144955166497630,Mauricie,-72.4422364,46.4489714,1711837229000
2944464495694065,Centre-du-Quebec,-72.330003670543,46.384689473096,1715249849948
531650735751424,Mauricie,-72.456719258126,46.448439752087,1679481971000
838176534458123,Centre-du-Quebec,-72.33393010579,46.383046518823,1696347957000
873131886878072,Centre-du-Quebec,-72.277336946805,46.071018464948,1572609288023
1683305422440661,Mauricie,-73.678284969177,48.133701172547,1754156867000
811421566445871,Centre-du-Quebec,-72.235437121762,46.100798218037,1572609443023
305492728586555,Estrie,-72.146629684122,45.15298765502,1689169349000
922092178367807,Mauricie,-72.457360510883,46.448263709887,1448021028653
216937933528187,Centre-du-Quebec,-72.27043915562,46.075893463806,1465817141000
498829034582887,Centre-du-Quebec,-72.220013122796,46.111748479073,1465817326000
2083226515426952,Estrie,-71.660378243357,45.169816167244,1724523675063
176994695170351,Centre-du-Quebec,-72.250141521872,46.090383941421,1684672798558
264316722897366,Estrie,-72.050168007021,45.034677053554,1689172543000
208969844105120,Centre-du-Quebec,-72.221222380079,46.111512528573,1465985198000
310716500588431,Centre-du-Quebec,-72.252905980491,46.088415664209,1572609380023
169451801674346,Centre-du-Quebec,-72.220076226851,46.111716759007,1572609501023
261325356707506,Centre-du-Quebec,-72.325104843646,46.04589253104,1703360535000
275595090973573,Centre-du-Quebec,-71.915133559652,46.335848422216,1572610753523
474106390509959,Abitibi-Temiscamingue,-79.438176951104,47.509058290151,1531057390000
521594992203249,Centre-du-Quebec,-72.257400541027,46.08518732937,1572609363023
842881555203421,Estrie,-71.537877056886,45.457959003711,1764948070720
1284478819346651,Bas-Saint-Laurent,-67.0647483,48.74101,1756755972000
319965449693496,Centre-du-Quebec,-72.33157487047,46.040451522473,1572609095023
1499021460913844,Centre-du-Quebec,-72.220227866524,46.111643199562,1684672902544
476753236967145,Abitibi-Temiscamingue,-79.438186297519,47.481559565124,1531057285000
4239177016344483,Estrie,-71.514942058669,45.475598224534,1764948188729
3543199082451977,Centre-du-Quebec,-71.9129185466,46.337605314671,1465818512000
243248667555354,Centre-du-Quebec,-72.321894082867,46.04851041667,1572609137022
253667133113153,Centre-du-Quebec,-72.270502103123,46.076459241844,1465985378000
293148879100753,Centre-du-Quebec,-72.220032595741,46.112292905583,1407159367000
1192345194538892,Centre-du-Quebec,-72.270127081699,46.076651880907,1407159549000
689963807301988,Estrie,-72.355358445503,45.206990472041,1764772973436
495057058509249,Centre-du-Quebec,-72.322467620361,46.048645859764,1407159723000
879737024475068,Estrie,-71.09420020946,45.813408496501,1764950995724
175899390981487,Centre-du-Quebec,-71.917524151512,46.333867991051,1465818492000
995682685174664,Estrie,-72.37687,45.20271,1663416288000
1367949881190444,Estrie,-71.095459869781,45.831358775101,1764957395716
1393376691096646,Centre-du-Quebec,-72.331871213652,46.040288479677,1465816931000
780618162591334,Centre-du-Quebec,-71.914992248809,46.336509918462,1407158219000
3603804886429015,Estrie,-71.831319526685,45.750370906167,1765054379044
456358368798639,Centre-du-Quebec,-72.323237349356,46.048039729038,1465985552000
488062475647497,Centre-du-Quebec,-71.913221133869,46.337937824735,1465984023000
913117217371309,Lanaudiere,-73.565287,46.792089,1728416076000
759513092574573,Mauricie,-72.6131164,46.5991747,1683387887000
630596989169498,Lanaudiere,-73.899464,46.818606,1692126197000
1023512376239534,Lanaudiere,-73.560700419377,46.78711651298,1728483586000
960360058130038,Abitibi-Temiscamingue,-77.934600001668,48.792608333318,1531119398000
1639703349877161,Mauricie,-72.612266477601,46.598746644927,1687706901000
25713442238262535,Estrie,-71.101574681713,45.758118592264,1764950663660
3587480188208425,Mauricie,-72.613115543051,46.599294538869,1694812239000
6348750418513725,Lanaudiere,-73.878541616286,46.828239535038,1692117310000
373097387329108,Abitibi-Temiscamingue,-77.941594443098,48.79261388704,1531119380000
1228732461125901,Lanaudiere,-73.872603,46.828933,1692125033000
255340457373962,Lanaudiere,-73.873238,46.828875,1692119474000
877070534994729,Estrie,-72.219675110123,45.239805148554,1764779049360
480234910094259,Centre-du-Quebec,-72.611804486548,46.188515910337,1502210949080
805588077709419,Lanaudiere,-73.870558,46.829294,1692124889000
2163688520492680,Estrie,-72.15224,45.11762,1663413448000
1010118380831605,Gaspesie-Iles-de-la-Madeleine,-66.15961258528,49.038716499448,1719685517000
255931550519407,Estrie,-72.157633552821,45.119240357734,1689171103000
153812993390517,Estrie,-71.558766529371,45.010881354611,1531064229940
236714845907019,Estrie,-72.140636274691,45.116054044506,1689176487000
1159368505157495,Gaspesie-Iles-de-la-Madeleine,-66.159485727103,49.038627126603,1719686964000
1198873423898112,Centre-du-Quebec,-71.861095314123,46.37514261431,1407158018000
195875995707760,Centre-du-Quebec,-72.800658409394,46.082098277431,1502212547667
173724714580678,Estrie,-71.558460249499,45.00758714402,1467548508513
230835703117002,Estrie,-72.15791083231,45.11965965188,1689169770000
522172978950038,Centre-du-Quebec,-71.865722351894,46.371318062214,1572610941023
933189390584536,Estrie,-71.564607778157,45.009541963942,1405789271025
2805754116303272,Estrie,-71.55884244006,45.010864697801,1467388098025
141961911174146,Centre-du-Quebec,-71.866591349685,46.371333924739,1465983853000
226193503435184,Estrie,-72.39287,45.05576,1682164879000
472462107391360,Estrie,-71.558769201025,45.010867695622,1405789673025
1901897043312796,Centre-du-Quebec,-71.866540052397,46.370704360731,1465818682000
269920502134317,Estrie,-72.38261,45.03842,1682168099000
1412123167179127,Estrie,-71.088252744297,45.841392695736,1764958120630
819104253332339,Lanaudiere,-73.82802,46.902519,1692116021000
971298706740946,Centre-du-Quebec,-71.86077163359,46.374795705677,1572610959523
743957710787360,Estrie,-72.40056,45.0435,1681142442000
109692524547623,Estrie,-71.558828679037,45.010909291169,1467388130527
1204556907067875,Mauricie,-74.3915331,47.8902305,1659537845000
735038322140607,Lanaudiere,-73.122467528981,46.139910334725,1711820537000
266949215137358,Centre-du-Quebec,-71.866540052397,46.370704360731,1465818682000
230814412875917,Estrie,-72.39298,45.05539,1681144217000
642675014504161,Lanaudiere,-73.810412,46.89853,1692114668000
124642573006118,Estrie,-71.559057400544,45.007680899328,1531070042392
593556962793856,Lanaudiere,-73.122536394781,46.14032499098,1679484420000
1034350637732563,Lanaudiere,-73.810173,46.898245,1692115587000
521671488996222,Lanaudiere,-73.122023507041,46.140598357899,1448025350484
4031776256911377,Estrie,-71.558895688342,45.010928215771,1467388097501
790793829422772,Estrie,-71.973414,45.098834,1689174184000
283908203433603,Estrie,-71.56464566265,45.009582672708,1405781625524
1254899496675040,Estrie,-71.989683387587,45.58003964134,1765045416170
173971331321370,Estrie,-71.558712028219,45.007634140126,1531064901799
2949755571910130,Estrie,-71.564717643675,45.00956755789,1467387457524
306689431054381,Estrie,-71.558970307816,45.011015683712,1405789654001
853110035551677,Estrie,-71.558882518116,45.01097361377,1467388131029
471716898804681,Bas-Saint-Laurent,-67.302945,48.725138,1719667289000
494537365227643,Centre-du-Quebec,-72.416448350168,45.969539525995,1572608741023
1248211269542182,Lanaudiere,-73.571937,46.707593,1728478310000
1462927547403753,Estrie,-71.558509022955,45.007597508667,1467548509016
1555371258532418,Centre-du-Quebec,-72.413777690373,45.971638586072,1703359956500
495571811782013,Estrie,-71.564741298021,45.009610199954,1531064954868
802061163777880,Centre-du-Quebec,-72.413725527303,45.971675561094,1465816596000
1418186555207477,Estrie,-71.558875900456,45.010967700798,1531064230724
538503115921384,Lanaudiere,-74.295078365942,46.277681711456,1752246038000
3862402857209971,Centre-du-Quebec,-72.639789059783,45.80561052967,1465815716000
838241190376934,Estrie,-71.564624708423,45.009542839683,1467387458029
459980078442249,Centre-du-Quebec,-72.418046062746,45.968832671656,1465985932000
249625041323485,Lanaudiere,-74.05562,46.821437,1692038038000
773372765354692,Lanaudiere,-74.295516375474,46.278952888524,1752245878000
1447366295790888,Centre-du-Quebec,-72.214924242827,45.994025646109,1655492824121
313503953456861,Centre-du-Quebec,-72.424558594709,45.963360966222,1407160123000
317276916642283,Estrie,-71.564669475118,45.009552594838,1531069992530
3592548287682640,Centre-du-Quebec,-72.6120211,45.8285179,1703353421000
249236797665329,Estrie,-72.33243,45.0369,1682168567000
143843171004425,Centre-du-Quebec,-72.639340152874,45.806025906492,1572607845523
1463546991142145,Estrie,-72.290056282601,45.204936484598,1689162081000
579724677464499,Gaspesie-Iles-de-la-Madeleine,-65.386289,48.105928,1691313304000
797761397539696,Centre-du-Quebec,-72.621179037447,45.820957845941,1572607921523
939126877130876,Lanaudiere,-73.427622955221,45.84014013779,1681118740992
908594474194523,Estrie,-72.290222434413,45.204983868714,1724509697182
1140319476481673,Abitibi-Temiscamingue,-76.908849972748,47.327063902917,1531244645000
334968027960769,Centre-du-Quebec,-72.621260862502,45.821439921876,1465986718000
1402463760487889,Mauricie,-72.903676476122,46.967135899401,1683384359000
994476931960030,Lanaudiere,-73.420230660959,45.839429308449,1681116491929
1456358755175341,Mauricie,-72.74536514623,47.43823193841,1683381872000
202233875813781,Estrie,-72.30807,45.180023,1689161792000
219856917765782,Mauricie,-72.903251430357,46.967320854301,1695498334000
304905117918325,Abitibi-Temiscamingue,-76.896222216606,47.323324994346,1531244687000
1094753795034396,Centre-du-Quebec,-72.623273801624,45.819256888181,1703353370000
557029419878966,Estrie,-72.29018,45.20505,1663415748000
184605383530348,Centre-du-Quebec,-72.629321781575,45.814061641592,1572607886522
261941870136200,Mauricie,-72.901255740681,46.97520386828,1694809575000
171959685803323,Estrie,,,1682170871000
1057265401431394,Centre-du-Quebec,-72.623711243381,45.819432152453,1407160959000
338957618700291,Mauricie,-72.907217086676,46.983197300727,1695498261000
258656043185187,Lanaudiere,-73.4850348607,46.195578013733,1681036154253
258595273483964,Mauricie,-72.901516306276,46.973188807984,1687704330000
783223926238834,Lanaudiere,-73.420253694427,46.101972800655,1681036107173
149003794345030,Lanaudiere,-73.50580479854,45.96109060774,1654013462544
926401838673686,Lanaudiere,-73.420377017438,46.107781377139,1681069648132
1253187665355107,Mauricie,-72.903324230244,46.967729647821,1695493291000
366403425633043,Centre-du-Quebec,-72.369228035227,45.979129615459,1655493496143
732860185493344,Estrie,-71.152808113991,45.455684994861,1708278096960
1214829522592143,Lanaudiere,-73.494140777641,45.96794864344,1654003692545
1235298841394655,Gaspesie-Iles-de-la-Madeleine,-65.957838184692,48.499583001364,1751298528000
1562967385128233,Estrie,-71.940843317517,45.781376264846,1765049491101
2315832688607481,Estrie,-71.150438356386,45.456185368746,1708278907480
1391357172660315,Estrie,-71.939687708875,45.781564498267,1765053868977
1449675192574447,Estrie,-71.150545082022,45.456219269217,1708279184600
2892941364178157,Estrie,-71.931301309222,45.794099514309,1719326310026
344019207705167,Centre-du-Quebec,-72.70252979062,46.128593618879,1502211407319
455953729751594,Mauricie,-74.386588599972,47.889328499972,1659537865000
1179752166491936,Bas-Saint-Laurent,-67.350221,48.704443,1719666967000
1568120297651531,Estrie,-71.808381390128,45.183429571342,1764523510688
151344861212890,Lanaudiere,-73.420522584291,46.07949823458,1681069658309
760753782439670,Lanaudiere,-73.420346989604,46.077839415859,1681036096762
807834932247571,Estrie,-71.809408943926,45.18796843696,1764861807650
1117619993067491,Bas-Saint-Laurent,-67.112628777715,48.770017944938,1756754576000
1819602695285511,Lanaudiere,-74.27158700621,46.231706000996,1752251997000
3187609751402420,Lanaudiere,-74.282914872974,46.238058166151,1752250476000
1295889395432972,Lanaudiere,-74.266428038659,46.239863096277,1752251593000
364941566645294,Estrie,-71.556835562207,45.308666927175,1724523578667
1947692352723498,Estrie,-71.719987302523,45.460623882315,1750689944594
1260893818721151,Estrie,-71.719742342079,45.460599873073,1750689978495
949459402926056,Saguenay-Lac-Saint-Jean,-70.20732123284,48.385732020095,1684496861000
916815179935717,Lanaudiere,-73.750037888865,45.867662273699,1709308131483
4106511279636819,Cote-Nord,-61.53148427752,50.185342278982,1752065006625
2220133191451003,Lanaudiere,-73.757181409245,45.852862212397,1546117654291
492688508586085,Lanaudiere,-73.769041850803,45.85208689929,1546113789395
1173250421618279,Estrie,-72.349931907325,45.217717423926,1764772903396
252302701272481,Lanaudiere,-73.757050677661,45.853122759606,1709308627533
8533716236716130,Lanaudiere,-73.523323,46.657553,1728480834000
904988827257866,Estrie,-72.32485,45.22203,1682171452000
422464000248472,Lanaudiere,-73.769128153085,45.852156327709,1709308756616
167891298510361,Lanaudiere,-73.757065324646,45.853294307837,1546113911371
832757791776033,Gaspesie-Iles-de-la-Madeleine,-64.968827,48.382169,1691329029000
750265080119541,Gaspesie-Iles-de-la-Madeleine,-64.956009,48.381723,1691329095000
925676003955809,Estrie,-71.079784819235,45.837119424964,1764958182618
2578471262534787,Estrie,-72.200925837264,45.389555830728,1764796267321
1355240422758996,Estrie,-72.155051889499,45.270035320736,1764795026324
836143284686219,Lanaudiere,-73.656949608809,46.821255538461,1692109213000
492220256531755,Gaspesie-Iles-de-la-Madeleine,-65.413702871662,49.00995610161,1719841000000
868260302289356,Estrie,-72.158874184561,45.269972515479,1764779626356
451268257403410,Lanaudiere,-73.648518,46.811604,1728391929000
1190863972347010,Gaspesie-Iles-de-la-Madeleine,-65.419522114745,49.007766209382,1719840954000
1301225065092961,Estrie,-72.159387735104,45.270065042088,1764786930334
1257015529325206,Cote-Nord,-63.501792246322,51.17375403677,1749646836616
574661408005009,Lanaudiere,-73.649388425874,46.812291001372,1692109059000
975655470147373,Estrie,-72.158709865363,45.26973672684,1689167594000
8372862249409662,Estrie,-72.000455536204,45.72083738857,1719326401751
2184621615311287,Cote-Nord,-63.501705755295,51.173732870055,1749641314505
1401314807467590,Lanaudiere,-74.114916544487,46.837329972081,1692027002000
559697546309971,Estrie,-71.92231,45.06936,1663411233000
681527657165125,Lanaudiere,-74.132679,46.841254,1692037664000
1048277747423119,Estrie,-71.59247364962,45.407845611828,1764967920566
369605302901286,Bas-Saint-Laurent,-66.894921,48.831897,1719671821000
1863697344518758,Estrie,-72.355463482967,45.419930750048,1764516888739
466335021266011,Estrie,-72.356665084449,45.404235269763,1505046088393
1502831940048280,Bas-Saint-Laurent,-68.828335760888,47.628382987891,1406550133000
985965853047791,Lanaudiere,-74.111874807851,46.8385909291,1692026968000
514151836428817,Bas-Saint-Laurent,-68.810286570565,47.616679104118,1406550222000
1042431627658971,Lanaudiere,-73.716508,46.62274,1728403240000
359599883430164,Centre-du-Quebec,-72.092848010328,46.01453736178,1703361531500
536187404700351,Bas-Saint-Laurent,-68.8130214169,47.618658514964,1407062141000
3490396291213176,Centre-du-Quebec,-72.093712960584,46.014352421663,1703361356000
1046036179741396,Mauricie,-72.746809234867,47.468287143551,1694803697000
375043544516515,Centre-du-Quebec,-72.096709642182,46.011229048375,1655492348241
646288708093846,Bas-Saint-Laurent,-67.1796844,48.718161,1756753478000
273034038716533,Mauricie,-72.747049533662,47.46824508713,1687697285000
757014992639201,Mauricie,-72.334479427357,46.587298396877,1682602200000
2545408102490484,Bas-Saint-Laurent,-67.170301598124,48.712217301304,1756747302000
668894632215428,Bas-Saint-Laurent,-67.615802768971,48.50173432548,1755959433000
778847673879067,Mauricie,-72.746915090976,47.468324752417,1683381705000
3418876415044499,Mauricie,-72.331561929295,46.589100892644,1695504167000
1288764071750138,Mauricie,-72.330982566226,46.589350835511,1692559258000
1082804300448234,Gaspesie-Iles-de-la-Madeleine,-66.014932711457,48.714506135986,1751313100000
679033110080927,Centre-du-Quebec,-72.753751029122,46.160579520106,1502211882871
1159562048542470,Centre-du-Quebec,-72.290921752125,46.063536148963,1703360655000
1045709857679148,Bas-Saint-Laurent,-67.513347110411,48.375925442735,1751113429000
6775971849125527,Mauricie,-72.610290888803,46.690581604776,1695500837000
967821940711881,Centre-du-Quebec,-72.290230051247,46.063529000351,1572609243523
1455821548600724,Mauricie,-72.610111897149,46.690981912017,1692556277000
373569007264982,Centre-du-Quebec,-72.300067758564,46.061991406641,1465985472000
804174118079571,Mauricie,-72.610036977831,46.690828590238,1692555434000
1406417366874502,Estrie,-72.122464,45.08627,1689171388000
498482504637366,Centre-du-Quebec,-72.300380240527,46.061898054161,1407159645000
275586625306449,Mauricie,-72.610412119317,46.690285584399,1695490876000
1663828614078490,Estrie,-72.11624,45.07777,1663413083000
352263901040472,Bas-Saint-Laurent,-66.893415051831,48.814031840218,1719671519000
1068675290780733,Mauricie,-72.489092445966,46.838081720149,1692554411000
1498089607767877,Bas-Saint-Laurent,-66.916426837564,48.814628413066,1719671643000
175799117793978,Estrie,-71.522717924541,45.002434741399,1467388483515
624232506542863,Mauricie,-72.488306273881,46.838770469599,1695488998000
300204088325243,Estrie,-71.522368279785,45.002426875413,1405780575510
619535026718204,Mauricie,-72.4891714,46.83796,1682599725000
178216964207988,Estrie,-71.52294409883,45.002428200203,1531063620581
1220411895530092,Lanaudiere,-73.210341268576,46.074580839822,1679484783000
1550000631861308,Estrie,-71.52248620043,45.002430500471,1531063999582
797870892208475,Lanaudiere,-73.223955109537,46.058717532483,1711820961000
1495907607525309,Centre-du-Quebec,-72.271897696093,45.997153854677,1655493043125
1768381873875907,Estrie,-71.737240337279,45.372278419024,1764947097754
1719140798602641,Lanaudiere,-73.94079,46.84125,1692020352000
928082614882468,Lanaudiere,-73.221352054801,46.06172727296,1679484840000
1614813862241635,Estrie,-71.522621707023,45.002406544148,1467388463006
862230149690514,Estrie,-71.710344675176,45.834220819833,1765055233099
23874745952207460,Mauricie,-73.407868663152,48.029596318854,1754146556000
1923690278543278,Estrie,-71.721341326663,45.372424585033,1764968693604
833967865112062,Lanaudiere,-73.932376,46.844351,1692020474000
314407770256943,Estrie,-72.41420821306,45.004324912743,1403546235511
1660365194625984,Mauricie,-73.404384557893,48.025328311156,1754146124299
166729838731353,Estrie,-71.523109351841,45.002469025041,1467388485511
2570280776611435,Estrie,-72.414229499945,45.004290500307,1530805187955
1230214738693560,Centre-du-Quebec,-72.425225069313,45.847008588195,1745338303000
141380741376163,Estrie,-71.522869771121,45.002446309015,1531064002020
351374136413651,Estrie,-72.414235360894,45.004299759971,1530805187195
859931724600557,Estrie,-71.522605522002,45.002416071552,1467388463006
172771421444066,Estrie,-72.414248023552,45.004392353146,1466771647023
1105515816601101,Estrie,-71.523043194547,45.002439937384,1405780537025
773749911331280,Lanaudiere,-73.585609655394,45.753694014989,1709306761616
827257231236943,Centre-du-Quebec,-72.058912964899,46.21921111593,1572610114523
829987051275663,Estrie,-72.412057558535,45.000746549177,1466771582514
343394627936234,Lanaudiere,-73.573884156022,45.778828352198,1654014736492
316281693329518,Estrie,-71.523100903859,45.002438934563,1531063618972
198769768734137,Centre-du-Quebec,-72.066222931766,46.2107369755,1572610074022
712597299968721,Lanaudiere,-73.577593541305,45.765433488474,1654002226754
214453987118725,Centre-du-Quebec,-72.065246294253,46.211789546932,1407158833000
504209030785717,Estrie,-72.414338733654,45.004463918121,1466771554526
763209473376324,Bas-Saint-Laurent,-67.1456026,48.7674673,1756754172000
877930089463203,Estrie,-72.41424817791,45.004391658849,1466771647023
2445043428974667,Centre-du-Quebec,-72.066918236539,46.210332910765,1465817862000
134398835418021,Estrie,-72.414305091268,45.004413478283,1403546142022
393143870411270,Bas-Saint-Laurent,-67.489451,48.559341,1719663012000
627148749323763,Mauricie,-72.834934788753,47.2961108339,1683382827000
280990187098174,Centre-du-Quebec,-72.066918236539,46.210332910765,1465817862000
864583761683258,Mauricie,-72.835337278781,47.292909835398,1694808159000
1144756739280938,Centre-du-Quebec,-72.067918378295,46.210186304816,1465984663000
1770568260224708,Mauricie,-73.164286457786,48.040274739138,1754225869000
347979424319910,Mauricie,-72.828978655234,47.310804471811,1695494800000
1352473555310351,Estrie,-72.386,45.13943,1682169939000
752180016911477,Mauricie,-72.830266012151,47.310038239114,1687702881000
1287043295236980,Estrie,-72.38733,45.12893,1681144535000
1943221326550337,Bas-Saint-Laurent,-69.184858889759,47.461016301507,1765201577912
1049522962737395,Mauricie,-72.829182791562,47.310525784615,1695496783000
1973986799839511,Estrie,-71.609452348161,45.422319525996,1764947779693
618965956940930,Estrie,,,1682170025000
209148878694864,Mauricie,-72.835156845662,47.292992699908,1695496863000
516418236036647,Centre-du-Quebec,-71.949658060536,46.310936498013,1407158346000
508612143828734,Centre-du-Quebec,-72.430166906452,45.95810424456,1572608685523
168210621898310,Centre-du-Quebec,-71.949495332269,46.310576352045,1572610622523
1418510055648198,Lanaudiere,-73.351556497571,45.94349674642,1681036259258
921456876341747,Centre-du-Quebec,-72.434653029329,45.954281658542,1703359870500
139351881507075,Centre-du-Quebec,-71.944374740156,46.313841361039,1465818382000
3000167030253640,Centre-du-Quebec,-72.433089069617,45.956187195263,1407160158000
3172020160312163,Bas-Saint-Laurent,-67.47594818986,48.405299986041,1751113163000
306913324331164,Centre-du-Quebec,-71.944374740156,46.313841361039,1465818382000
123285309767355,Abitibi-Temiscamingue,-77.310325201451,47.766734659112,1531242205000
468796917533856,Centre-du-Quebec,-71.947009891238,46.312614752955,1407158340000
498892068126851,Centre-du-Quebec,-72.434723619109,45.954286381046,1465816511000
1342297097089067,Estrie,-71.270217030548,45.401912018905,1764966646626
1322559452960327,Estrie,-71.197408040293,45.676587637283,1764949705725
309375484038441,Centre-du-Quebec,-71.949536400048,46.31108958237,1465984158000
2630340127266192,Centre-du-Quebec,-72.430564351155,45.958332661314,1465985982000
4282393588445987,Abitibi-Temiscamingue,-77.310311337998,47.767278559816,1531242203000
306871310983569,Estrie,-71.674318778413,45.005796486251,1405782186533
3306970262917849,Lanaudiere,-73.569426535633,45.959192471977,1654003355690
318818079608017,Centre-du-Quebec,-71.93574267666,46.319216237802,1572610670523
216747370054451,Estrie,-71.674479518505,45.005779311823,1531069092904
3284493358488206,Lanaudiere,-73.568789322768,45.959569562429,1654013691619
581455832788802,Estrie,-72.335736961483,45.302907894531,1558120960000
234967149631126,Centre-du-Quebec,-72.202009284824,46.072660588378,1703360984000
479983456440673,Estrie,-71.673688553768,45.005791864632,1467549100011
165123488867217,Estrie,-72.325986582966,45.300222966733,1465734411127
203944174886958,Estrie,-71.673688857763,45.005791706283,1467549100011
730360512232753,Lanaudiere,-73.933024,46.738017,1692018140000
515791469547899,Estrie,-71.673581801199,45.005792799382,1531065848859
1491656938609971,Estrie,-71.618897246581,45.408188350028,1764968045580
165173092224655,Estrie,-71.673721843156,45.005769401662,1405788713537
846149170563997,Lanaudiere,-73.932915,46.737816,1692128244000
1737576173872182,Estrie,-71.623234013884,45.414129027988,1764947690719
1624944744363003,Estrie,-71.674377240628,45.00577671504,1467386898534
911398606307725,Centre-du-Quebec,-72.687403963204,46.127286435622,1502211305561
1488847711932015,Lanaudiere,-73.932141,46.729721,1692038725000
613315587080822,Mauricie,-72.273365995328,46.623702322477,1682602568000
1904075400541428,Bas-Saint-Laurent,-67.451359,48.2239332,1757260482000
1568545360195001,Centre-du-Quebec,-72.69969376658,46.126542044049,1502211391284
983347853001718,Lanaudiere,-73.754554,46.913695,1692113608000
1088007971721239,Estrie,-71.674070509559,45.005761021298,1467386900041
246411541274112,Mauricie,-72.274748232763,46.624574794907,1695504452000
408574656796945,Estrie,-71.674069946411,45.005786398436,1531065852130
252216924354688,Lanaudiere,-73.750185,46.9118,1692113574000
271171772343010,Mauricie,-72.272924598066,46.623305696362,1692559527000
220634349613969,Estrie,-71.673878300307,45.005757299754,1531069097707
483551774054402,Estrie,-71.572528800151,45.237362848325,1724523265020
1070976220987228,Estrie,-71.572640461934,45.210042836558,1724523675764
25589902547289316,Estrie,-71.06148988163,45.392715312178,1764965535625
1976690473131276,Mauricie,-73.1973589431,48.000965311699,1754141324000
5905748592858961,Lanaudiere,-74.175475,46.828825,1692037177000
832904821509832,Estrie,-72.019286636587,45.114605172943,1689174587000
1071754434137017,Gaspesie-Iles-de-la-Madeleine,-65.484121,49.000092,1719839931000
1027936658201749,Lanaudiere,-74.175258,46.829121,1692029762000
1362578801308262,Estrie,-71.993151933567,45.095226426936,1689174300000
1022813012044441,Gaspesie-Iles-de-la-Madeleine,-65.48043,49.000108,1719839945000
1054126552605822,Lanaudiere,-74.197228,46.821083,1692034346000
521180882390993,Centre-du-Quebec,-72.593762259189,45.8431414369,1572608035523
232442396454898,Lanaudiere,-74.197443800689,46.821302812465,1692034328000
1050834929431443,Lanaudiere,-74.185171,46.820878,1692035549000
191143309388623,Centre-du-Quebec,-72.592461230682,45.845307978123,1465986603000
380968694960943,Centre-du-Quebec,-72.429145905503,46.332293136494,1715248047760
3338588189607631,Estrie,-72.37072171237,45.471761125886,1719318854883
199141135204609,Centre-du-Quebec,-72.585159458769,45.850079824965,1406535852000
879576370665274,Gaspesie-Iles-de-la-Madeleine,-64.764965,48.96496,1719846776000
409143451147980,Centre-du-Quebec,-72.130413820339,45.988093691318,1655492485203
1080454230689464,Lanaudiere,-74.250752342623,46.316460546463,1752245152000
1398741994039996,Centre-du-Quebec,-72.428112317863,46.347647940887,1696348317000
4258180004232946,Centre-du-Quebec,-72.591651606024,45.845389856588,1407160833000
840588216839853,Centre-du-Quebec,-72.60105012912,45.837355055851,1572608005522
483659107419769,Centre-du-Quebec,-72.404720254542,46.358259789625,1715248670352
894714012382011,Centre-du-Quebec,-72.593740397106,45.843146407556,1703353501000
767350705532645,Centre-du-Quebec,-72.428805152469,46.345225582951,1715254905096
191111766168800,Centre-du-Quebec,-72.584635215227,45.850388417909,1465815936000
2866450163573041,Centre-du-Quebec,-71.95558446993,46.306668483693,1572610600523
1264252971217801,Centre-du-Quebec,-72.300808070515,46.393238427039,1715248855537
841777814191353,Mauricie,-72.853486355951,47.231239974642,1694808459000
168346028547431,Centre-du-Quebec,-71.962704485278,46.302148032676,1572610573023
135670299603213,Centre-du-Quebec,-72.2980642999,46.393665555039,1696347820000
164513673373583,Mauricie,-72.851464678437,47.232448595868,1695497157000
108226391341078,Centre-du-Quebec,-71.961680978172,46.302858354389,1406538838000
231166813236368,Gaspesie-Iles-de-la-Madeleine,-65.430532,48.064723,1691139655000
790332353076108,Centre-du-Quebec,-72.30991734007,46.392741769936,1715249770301
1340738209810437,Mauricie,-72.488761680232,47.75855171863,1687695816000
154335504073453,Mauricie,-72.85248760658,47.23184182955,1683383128000
2501947103346034,Gaspesie-Iles-de-la-Madeleine,-65.430762,48.065997,1691312825000
485274292520515,Centre-du-Quebec,-71.955909746995,46.30651281231,1465818342000
1469648453792443,Mauricie,-72.851359181622,47.258201563658,1695494557000
3532773410327999,Mauricie,-72.488607507137,47.757907790686,1694802279000
1223558774995168,Gaspesie-Iles-de-la-Madeleine,-65.429274766971,48.061007117079,1691308988000
3551925685129698,Mauricie,-72.800071960797,47.684206721213,1451682792826
687299433421359,Mauricie,-72.851385389789,47.258142950637,1694808335000
618265313524469,Mauricie,-72.485237839297,47.769744347127,1683380016000
1342413330014691,Gaspesie-Iles-de-la-Madeleine,-65.430434012306,48.064547054879,1691304754000
202630228966177,Mauricie,-72.81939989547,47.70615143919,1451682632197
1149616845521292,Centre-du-Quebec,-71.955342879786,46.307377656911,1465984178000
167600586253857,Mauricie,-72.851328037379,47.25814967215,1683383011000
580223845125842,Lanaudiere,-73.905936505518,46.479092394091,1750005779370
1014774739518214,Mauricie,-72.851768138298,47.232132045005,1687703232000
321981242608927,Centre-du-Quebec,-71.955909746995,46.30651281231,1465818342000
330777713219877,Centre-du-Quebec,-71.999754864207,46.056653469643,1703361898500
772544767686248,Mauricie,-72.851693892998,47.232076683503,1687703231000
1106994587347020,Centre-du-Quebec,-72.007417284827,46.052946140955,1703361857500
1351590959038662,Mauricie,-72.713250110037,47.505470345619,1687697087000
757105203253509,Centre-du-Quebec,-72.399777842164,46.360484243251,1715248692808
754610242914478,Mauricie,-72.720080999097,47.502571726706,1683381543000
705090818146670,Centre-du-Quebec,-72.39969686853,46.360571394581,1696348211000
1835901573250860,Abitibi-Temiscamingue,-77.361358139335,48.201526857182,1531240294000
843679480488465,Mauricie,-72.719196144209,47.502718301949,1694803524000
2234488193550821,Gaspesie-Iles-de-la-Madeleine,-64.723044,49.006313,1719863253000
136033131880152,Bas-Saint-Laurent,-69.060254400833,47.667827340543,1406549307000
131310249017160,Abitibi-Temiscamingue,-77.361023296723,48.201930452343,1531240292000
491437835387151,Bas-Saint-Laurent,-69.079155212338,47.685633349992,1406549203000
791541568157165,Bas-Saint-Laurent,-69.052820100775,47.667328545973,1406549315000
413756503357259,Lanaudiere,-74.251450650742,46.383727823066,1501287315218
2224577704339925,Abitibi-Temiscamingue,-77.344563884716,47.810794442873,1531242007000
631275652507362,Mauricie,-72.242243541152,46.523951165699,1696353630000
762277337797634,Abitibi-Temiscamingue,-77.352830595525,47.825659248948,1531241947000
657706475757405,Mauricie,-72.785133328521,47.4287851337,1687697801000
451464714509166,Bas-Saint-Laurent,-67.247163,48.722794,1719667810000
2069699583858634,Centre-du-Quebec,-71.613363062873,45.890252312923,1765056098775
807425277748190,Mauricie,-72.785098242762,47.430775480607,1694804225000
1021625079326434,Bas-Saint-Laurent,-67.237434484795,48.730460885381,1719669085000
909156277480018,Mauricie,-72.785131895295,47.424496098663,1694804295000
236255389085728,Mauricie,-72.761368527216,47.409998701693,1683382026000
285374897357583,Mauricie,-72.785197149771,47.439454911519,1687697650000
2225913861133669,Centre-du-Quebec,-72.610066491085,45.830199029083,1703353430000
675657771161069,Mauricie,-72.698412378815,46.683815140505,1695500255000
477253366856413,Centre-du-Quebec,-72.61000187114,45.830220552172,1465815836000
670342414971358,Lanaudiere,-73.670587,46.894163,1692112623000
305840598684330,Lanaudiere,-73.802743,46.888964,1692115377000
290536479407942,Centre-du-Quebec,-72.610098135181,45.830151262949,1572607968023
1009025577105285,Mauricie,-72.685499844231,46.678642266861,1694811534000
840485063883739,Lanaudiere,-73.802711,46.888942,1692114891000
228503040004971,Mauricie,-72.675965536379,46.664985780857,1687706315000
1355982451860768,Lanaudiere,-73.240275339969,46.038349660421,1679484943000
3701908836597894,Centre-du-Quebec,-72.610007822763,45.830821534179,1465986673000
1612718452813763,Lanaudiere,-73.246204331101,46.028142424011,1711821081000
1018468779428156,Mauricie,-72.67522778849,46.662242600364,1695491354000
1235416571685368,Bas-Saint-Laurent,-67.3124726,48.190766,1757265420000
131300709985345,Mauricie,-72.697922343339,46.683775944235,1687706195000
858674735383223,Mauricie,-72.67784689589,46.671677755616,1695500336000
1479937382935863,Bas-Saint-Laurent,-67.3394581,48.1731995,1757267097000
222799262627682,Centre-du-Quebec,-72.402736327442,45.980790719659,1572608797023
293290249036926,Centre-du-Quebec,-72.40417409058,45.980089047678,1407160045000
1277687950477764,Bas-Saint-Laurent,-67.3191754,48.1767142,1757274857000
736690718481305,Centre-du-Quebec,-72.403497858917,45.980126804552,1703359999000
2163391510702934,Gaspesie-Iles-de-la-Madeleine,-65.54204,49.007729,1719692786000
1526199608372497,Bas-Saint-Laurent,-67.3188273,48.1986757,1757265198000
1994323620984057,Bas-Saint-Laurent,-67.471408,48.647654,1719664208000
1689951315010401,Lanaudiere,-74.289958853795,46.344501088195,1752175373000
332835661516459,Centre-du-Quebec,-72.403308665447,45.980284363317,1465816641000
182529063726103,Nord-du-Quebec,-77.548972224146,50.547063898838,1531222527000
1868481426962831,Gaspesie-Iles-de-la-Madeleine,-65.552187,49.022914,1719768857000
360753666276645,Saguenay-Lac-Saint-Jean,-72.179928001354,48.259187691476,1694800036000
2972745462925640,Lanaudiere,-74.262800764519,46.343703459293,1752174832000
2882703988715575,Centre-du-Quebec,-72.402820503091,45.9813451767,1465985872000
925600238720079,Lanaudiere,-73.756967019043,45.690449242035,1680963780925
315661187689633,Lanaudiere,-74.166696,46.825524,1692029477000
1665232063927766,Saguenay-Lac-Saint-Jean,-72.171938085719,48.272581129052,1683377263000
484667426143717,Nord-du-Quebec,-77.546355552244,50.541486108656,1531222555000
741343617671903,Lanaudiere,-73.755869458667,45.690483674695,1680892191649
833002477638459,Lanaudiere,-74.272882250145,46.344620743934,1501511585353
272836041339646,Mauricie,-72.438863888889,46.574202777778,1597404162000
2351867908318008,Saguenay-Lac-Saint-Jean,-72.171940409391,48.272461803126,1687693017000
822554616251241,Lanaudiere,-74.155454,46.824527,1692027622000
1245436262780908,Lanaudiere,-73.756584542542,45.690898938287,1681036110009
4699437380090857,Mauricie,-72.438244303512,46.574449687299,1597397851000
1449169549203738,Lanaudiere,-74.155732,46.823389,1692029093000
955024718859597,Lanaudiere,-73.751269924376,45.692919042024,1681152318961
577607450255963,Mauricie,-72.453383333333,46.570036111111,1597397787000
430922535144030,Lanaudiere,-73.756927798797,45.690285444666,1654015447489
233909295850653,Lanaudiere,-73.510048084457,46.25990344014,1681036185451
803195734853284,Mauricie,-72.774628005917,47.504553538923,1451673560838
518017959578488,Centre-du-Quebec,-72.457845057317,45.935104513531,1572608572023
1061262951826221,Centre-du-Quebec,-72.457611413318,45.935256817208,1703359776000
372953690810499,Centre-du-Quebec,-72.440929655173,45.949043363705,1572608641023
416468261392285,Bas-Saint-Laurent,-67.435875,48.688553,1719666397000
468199207581619,Centre-du-Quebec,-72.449564238336,45.941877050378,1572608605523
1929897770505991,Centre-du-Quebec,-72.449533436353,45.941890385178,1465816451000
369659501049444,Centre-du-Quebec,-72.448068698363,45.943629629928,1465986052000
1976966155971317,Lanaudiere,-73.464055711644,45.740094510988,1681116438509
891141372596772,Mauricie,-72.608544776599,47.589058855003,1687696649000
1247098792374691,Centre-du-Quebec,-72.45041313,45.94113507,1406536364000
625346092289296,Lanaudiere,-73.464183988518,45.739969365083,1681036189355
977628623598546,Mauricie,-72.607911438825,47.589801285468,1683381064000
473105147278245,Centre-du-Quebec,-72.458256399034,45.935374209398,1465986093000
1240707330702541,Gaspesie-Iles-de-la-Madeleine,-64.742632960342,49.018583786852,1719863375000
593352709493536,Lanaudiere,-73.475162078723,45.747329671483,1680952010208
1475938483198574,Mauricie,-72.60925222324,47.589604256734,1694803044000
1557137765016646,Gaspesie-Iles-de-la-Madeleine,-66.454287859963,49.03045776446,1719682138000
273913662422424,Lanaudiere,-73.720357726837,45.870381175282,1709308035100
110972827725595,Centre-du-Quebec,-72.458201883972,45.935354611137,1407160258000
211335367156174,Lanaudiere,-73.455823995619,45.748985403024,1447934920544
435575785632825,Lanaudiere,-73.463878538482,45.740366421502,1711832244000
1308875240779491,Lanaudiere,-73.555119455114,46.822312644771,1757257044475
646050877284175,Lanaudiere,-73.463548716904,45.739821319571,1679489126000
1223222575393545,Lanaudiere,-73.652351,46.588987,1728404008000
2191947461151823,Lanaudiere,-73.458448448656,45.746536427348,1711825438000
1005910608240517,Lanaudiere,-73.554474447019,46.822362656062,1757257040862
443840841540753,Lanaudiere,-73.467241537042,45.737415358584,1711832228000
1060347749591616,Bas-Saint-Laurent,-67.713476904599,48.474601450622,1755960959000
1060138336287644,Bas-Saint-Laurent,-67.7123395,48.4755411,1755961423000
289677936146508,Nord-du-Quebec,-78.440245376463,52.171497619255,1531202630000
589195627595104,Gaspesie-Iles-de-la-Madeleine,-65.962571556768,48.759001362071,1751313934000
254669557722830,Mauricie,-72.3999714,46.4604314,1711818050000
1213585779104389,Mauricie,-72.399741666667,46.4605,1597424057000
1568759856942899,Mauricie,-72.3994131,46.460515,1679481808000
1200388687261111,Lanaudiere,-73.08888832518,46.160765773223,1679484302000
369181296111951,Mauricie,-72.3993914,46.4594681,1711837346000
912955380579928,Lanaudiere,-73.076429356987,46.164956937339,1711820386000
690514232526378,Mauricie,-72.391996590143,46.475929473672,1694814224000
1587965588366890,Lanaudiere,-73.075335932228,46.165320494852,1679484262000
3495663910694849,Mauricie,-72.392060774823,46.475858171756,1687707823000
746341628117533,Mauricie,-73.626886482017,47.720460584986,1754172896000
638955855151838,Gaspesie-Iles-de-la-Madeleine,-65.964362541794,48.484265931186,1751298408000
184933617623510,Mauricie,-72.3834931,46.4637631,1679481763000
621845229524195,Saguenay-Lac-Saint-Jean,-71.890291828852,48.414689970489,1683374885000
465800124532450,Lanaudiere,-73.064390518712,46.168894120273,1448025176375
770663651994999,Saguenay-Lac-Saint-Jean,-73.096736826447,48.325565290919,1754239395658
3545605249039674,Saguenay-Lac-Saint-Jean,-71.884127950845,48.41425372361,1694796249000
806689170283432,Mauricie,-72.399723499406,46.460361303973,1448020881272
1172181510488378,Bas-Saint-Laurent,-66.834566,48.862594,1719673247000
1190483644981231,Mauricie,-72.3965897,46.4798997,1687707800000
1452808339075623,Saguenay-Lac-Saint-Jean,-73.09669067814,48.325514116208,1754239386592
1010638143415157,Mauricie,-72.373986059033,46.46378729944,1694814322000
428391673530667,Bas-Saint-Laurent,-66.830513505395,48.870307879907,1719673313000
1886471088444204,Bas-Saint-Laurent,-66.770311,48.879282,1719673744000
1987966368618485,Lanaudiere,-74.329115783123,46.317851899699,1752177259000
1355290189182113,Lanaudiere,-74.023785513479,46.569976696135,1722677062295
442439758683751,Gaspesie-Iles-de-la-Madeleine,-65.129638,49.084605,1719843487000
2492332141134898,Lanaudiere,-74.330135294378,46.31888103671,1752177353000
1102007241914746,Bas-Saint-Laurent,-68.019389091908,48.665173621478,1759917952293
1305637487699193,Bas-Saint-Laurent,-68.019521464824,48.665069975858,1759919399726
742866598293446,Gaspesie-Iles-de-la-Madeleine,-65.968879792043,48.540586477925,1751298722000
1342850334039210,Bas-Saint-Laurent,-68.018811562464,48.664820113297,1759917065680
160447609334374,Lanaudiere,-74.108675822066,46.298233931624,1508351265705
1192367262915345,Bas-Saint-Laurent,-68.018852392697,48.664895717274,1759917232118
154001513327888,Abitibi-Temiscamingue,-77.117911106349,48.851130543653,1531236351000
3701933569918806,Lanaudiere,-74.109939351966,46.29818804409,1508351681589
993460855528077,Mauricie,,,1716661017833
1166216782023115,Bas-Saint-Laurent,-68.018883162964,48.665088149868,1759919159787
2064794210572298,Lanaudiere,-73.177719775948,46.118089217335,1711820709000
1122068850069014,Bas-Saint-Laurent,-68.018539377012,48.665125639685,1759843791871
473556130645675,Abitibi-Temiscamingue,-77.113700003658,48.832930549013,1531236427000
1131802335823735,Bas-Saint-Laurent,-68.019192785173,48.665204002576,1759844765589
604568137610991,Lanaudiere,-73.160031250833,46.130293795951,1448025451851
1329326845255742,Bas-Saint-Laurent,-68.018686947579,48.66511796331,1759843977350
298508329338523,Gaspesie-Iles-de-la-Madeleine,-65.416531,48.118535,1691140724000
1251662308807236,Lanaudiere,-73.160212295569,46.130249816384,1679484529000
201429226259385,Lanaudiere,-73.869145,46.859408,1692116933000
1091415226128840,Bas-Saint-Laurent,-68.019291395434,48.664845108021,1759845532325
607257452446493,Mauricie,-73.256657061921,48.106461148184,1754226403000
153782557744543,Gaspesie-Iles-de-la-Madeleine,-65.408093589114,48.118398204582,1691140290000
1321967452148585,Bas-Saint-Laurent,-68.019276628043,48.664874403509,1759918912023
1153144686144647,Bas-Saint-Laurent,-68.019421272116,48.665076110639,1759844105851
283254324305722,Gaspesie-Iles-de-la-Madeleine,-65.396156,48.104066,1691313268000
1339234500811661,Bas-Saint-Laurent,-68.89976009678,47.391026936446,1765203242861
1224377036386235,Bas-Saint-Laurent,-68.018736974857,48.664951780002,1759919533248
935222990567914,Abitibi-Temiscamingue,-77.061924594523,47.444345262388,1531243995000
1324739069153114,Bas-Saint-Laurent,-68.018942120568,48.665222934367,1759844861579
1894559020956719,Gaspesie-Iles-de-la-Madeleine,-65.492813131088,48.95558928845,1719761631000
2936579006626707,Abitibi-Temiscamingue,-77.077450030761,47.448169053351,1531243953000
884708793677659,Gaspesie-Iles-de-la-Madeleine,-65.492438660533,48.955749477246,1719768212000
914602243273523,Lanaudiere,-73.636856383819,45.846439568592,1654014420630
952229356254670,Lanaudiere,-73.405791859687,45.808120963551,1711825176000
1548143009327670,Mauricie,-72.6091581,46.6924197,1692556285000
427384836410981,Lanaudiere,-73.633683753688,45.845840230326,1709307171250
1004837094344301,Gaspesie-Iles-de-la-Madeleine,-65.497788,48.945208,1719756372000
553954943508204,Lanaudiere,-73.415127338562,45.796551524698,1681116455192
212081568549551,Mauricie,-72.603092499275,46.702395741116,1695500887000
1944634929080957,Lanaudiere,-73.649256449551,45.867077756482,1654002687528
443764305092999,Gaspesie-Iles-de-la-Madeleine,-65.497862141622,48.94517199529,1719759035000
1025708678411573,Lanaudiere,-73.405734390584,45.808181617027,1679488820000
853731586039991,Mauricie,-72.608966144592,46.692445223815,1695490866000
2124555511352053,Lanaudiere,-74.2737159255,46.224675064165,1752252583000
1065476457386930,Lanaudiere,-73.632223156802,45.84528123403,1654002579588
464972959820768,Gaspesie-Iles-de-la-Madeleine,-65.492789,48.955711,1719872275000
1167514795218582,Lanaudiere,-74.273878858044,46.224694128482,1752257465000
1808864002843935,Mauricie,-72.6092397,46.6923031,1692555427000
796537778029233,Lanaudiere,-73.415077476536,45.796596575852,1681036208774
1456835218371093,Gaspesie-Iles-de-la-Madeleine,-65.495611388713,48.968933795375,1719768501000
1186261752364613,Lanaudiere,-73.414907202817,45.796634066923,1711832484000
1239204840734626,Lanaudiere,-73.999162852057,46.652648242413,1722676838337
1736419220114691,Mauricie,-72.609963705624,46.691222398248,1695500840000
1094568629201500,Lanaudiere,-74.276693963548,46.227688010462,1752252299000
1747311956214449,Gaspesie-Iles-de-la-Madeleine,-65.496092991742,48.969106005016,1751371361000
935853094203222,Saguenay-Lac-Saint-Jean,-72.007189519289,48.41996245659,1683375249000
788965510098446,Gaspesie-Iles-de-la-Madeleine,-65.49534,48.968807,1719839546000
448871557935773,Gaspesie-Iles-de-la-Madeleine,-65.492767844989,48.955879205431,1719838511000
268561199481433,Saguenay-Lac-Saint-Jean,-72.019296423235,48.424569752833,1694796712000
1119102676314333,Bas-Saint-Laurent,-67.309153673104,48.195726681468,1757265372000
683751481360507,Mauricie,-73.567934966898,47.665389183468,1754173210000
720421829886600,Saguenay-Lac-Saint-Jean,-72.0193831,48.424605,1687691232000
494295969910685,Gaspesie-Iles-de-la-Madeleine,-65.495759485204,48.968683815779,1719693020000
1088338953271828,Mauricie,-73.451537998603,47.644310135452,1754174026000
610489901914643,Bas-Saint-Laurent,-67.7255244,48.0343205,1755377755000
1548972188843158,Mauricie,-72.905413660075,46.959813695813,1695493258000
251610587273996,Mauricie,-72.900557086007,46.93147509673,1683384505000
1371594160206220,Mauricie,-72.899738526024,46.938659020448,1695498453000
846374543794588,Mauricie,-72.905512565602,46.959713026178,1694809635000
1954936748306641,Lanaudiere,-74.00942601989,46.642473265075,1722676767834
594788929458179,Mauricie,-72.905463099726,46.959777234231,1687704381000
524330693547699,Lanaudiere,-73.585342,46.84323,1728327863000
1089200796118771,Lanaudiere,-73.57558,46.853309,1728318452000
552902663780463,Lanaudiere,-73.576748,46.794354,1728483742000
909247037840583,Lanaudiere,-74.020405025834,46.639418124549,1722676717350
143001307798321,Abitibi-Temiscamingue,-78.953086112224,48.219538903717,1531065626000
1547091649248614,Lanaudiere,-73.59261,46.832429,1728327973000
519567047897350,Lanaudiere,-74.037564462622,46.631241516382,1722677077677
1203753610928195,Lanaudiere,-73.596426,46.795577,1728416298000
1101599312108208,Bas-Saint-Laurent,-67.6685545,48.4441282,1755960169000
902955123881846,Abitibi-Temiscamingue,-78.96391110923,48.22263888917,1531065316000
944596873525956,Saguenay-Lac-Saint-Jean,-70.498958894276,48.426352211136,1684497711000
119162047857605,Mauricie,-72.408298357136,47.923408910747,1687694629000
2320520964797931,Mauricie,-72.408754652489,47.922981506716,1683379388000
1268714601325745,Bas-Saint-Laurent,-66.153323884976,48.685532036164,1751308354000
1250165048980520,Mauricie,-72.409738442507,47.921935187212,1694801591000
1224798695616881,Bas-Saint-Laurent,-66.141587062217,48.704536941948,1751310785000
611081572065281,Mauricie,-73.313905450001,48.125666096778,1754226946000
1728659171861150,Mauricie,-73.305009010542,48.108978001506,1754226622000
774873808547610,Mauricie,-74.010410193284,47.9857881306,1754168272000
748912833710960,Mauricie,-72.550860657958,46.301241185609,1696348853000
664069850038337,Mauricie,-73.99044360521,47.984924272144,1754168434000
570377095201715,Mauricie,-72.403008472889,46.689624092581,1682601354000
252170183434786,Mauricie,-72.552280393966,46.301960521343,1597425456000
1238800400132200,Mauricie,-72.401772266958,46.688680664304,1695503505000
226877629388925,Mauricie,-72.563925,46.308775,1597425396000
290656483613044,Mauricie,-72.402597974917,46.688947640201,1692558578000
1195618191495664,Lanaudiere,-73.535973,46.709896,1728478848000
1457903901449190,Lanaudiere,-73.540657,46.767815,1728415796000
278557868216055,Lanaudiere,-74.208313,46.839353,1692034055000
214900070098998,Abitibi-Temiscamingue,-78.109808338741,48.661641669071,1531118351000
171078379182217,Lanaudiere,-73.547608478415,45.721066384893,1681116417488
596877992494918,Lanaudiere,-73.552308646551,45.720167867167,1680963731910
3938292732917348,Abitibi-Temiscamingue,-78.109974998451,48.661158332114,1531118349000
606026238123451,Lanaudiere,-73.540182093278,45.723096501485,1681036154486
850319989373118,Gaspesie-Iles-de-la-Madeleine,-65.434814,48.155928,1691141543000
856381362759764,Lanaudiere,-73.539525119291,45.722980887923,1693241388292
674790490838194,Gaspesie-Iles-de-la-Madeleine,-65.44188,48.133372,1691140909000
1219828885103170,Lanaudiere,-73.546786784346,45.721204102807,1447934564600
1005465274120187,Mauricie,-72.933262152592,47.013951130374,1694809401000
821465529518216,Lanaudiere,-73.690091,46.892915,1692112820000
803927275465301,Bas-Saint-Laurent,-67.4607364,48.220887,1757260448000
1340359589907659,Gaspesie-Iles-de-la-Madeleine,-65.447644,48.148462,1691141164000
170285872558078,Mauricie,-72.933458355056,47.015046807823,1687704147000
1232264934120549,Gaspesie-Iles-de-la-Madeleine,-65.424785741556,48.136756085484,1691308457000
1239665036738628,Lanaudiere,-73.696035,46.89762,1692113115000
856611758991452,Mauricie,-72.933327544567,47.014872135855,1695498118000
1619389622202455,Gaspesie-Iles-de-la-Madeleine,-65.427429,48.156572,1691308018000
6745507988801496,Mauricie,-72.933447408643,47.01491902734,1683384144000
372188394229026,Lanaudiere,-73.751675664143,45.900152224376,1546117274684
864601168073626,Mauricie,-72.932947455482,47.015172200639,1695493501000
141817167972420,Lanaudiere,-73.750226120322,45.901718687292,1546114303186
534130528702203,Mauricie,-72.916633643367,46.993980312681,1451687279242
3902168096685071,Lanaudiere,-73.508335,46.754037,1728415484000
516553990899886,Gaspesie-Iles-de-la-Madeleine,-66.498989,49.073726,1719681527000
1253677922263531,Bas-Saint-Laurent,-66.72141,48.909266,1719673996000
1037904137656837,Mauricie,-72.913057198924,46.989427575061,1694809508000
1520515648775891,Mauricie,-72.913147601524,46.990032453471,1683384255000
1303359400306160,Mauricie,-72.353253176123,46.472872481886,1694814388000
514754564819343,Lanaudiere,-73.492041,46.585926,1728405888000
3607092069574610,Mauricie,-72.913131584506,46.989893870163,1687704257000
989681115704975,Mauricie,-72.353174756436,46.473354147454,1711837477000
249457761312087,Gaspesie-Iles-de-la-Madeleine,-65.613654,48.241335,1691160630000
211441397484248,Mauricie,-72.353251681464,46.473666752417,1448020757376
3895403484025634,Gaspesie-Iles-de-la-Madeleine,-65.61272,48.249548,1691160572000
1215225296235904,Lanaudiere,-73.501834,46.666678,1728480648000
1030554177758945,Mauricie,-72.353208333333,46.473738888889,1597423934000
247291180983383,Mauricie,-72.355945611159,46.472469722009,1679481680000
377238145139721,Mauricie,-72.3528864,46.4738797,1711817922000
293873313734914,Mauricie,-72.369811732992,46.467124165613,1711817971000
961073632437183,Gaspesie-Iles-de-la-Madeleine,-65.062419,49.023959,1719843962000
174028385484293,Lanaudiere,-73.119815376588,46.142233066862,1679484409000
1482364592631344,Lanaudiere,-73.119502308378,46.142448447654,1711820527000
430700552820805,Lanaudiere,-73.096228198896,46.158114846814,1711820443000
2244295245707075,Lanaudiere,-73.119722970033,46.14222851825,1448025342113
590957133240941,Lanaudiere,-73.792145,46.661694,1692104194000
1743795659374172,Lanaudiere,-74.07833,46.910217,1692025356000
2539869169720107,Cote-Nord,-61.351323193335,50.185191702152,1752064338125
639813398161814,Lanaudiere,-73.781917,46.655209,1692104297000
1131862487919248,Gaspesie-Iles-de-la-Madeleine,-65.371135,48.945233,1719871828000
498390436536774,Cote-Nord,-68.211495958562,51.462798922306,1728065667429
127634503749120,Lanaudiere,-74.064883,46.909233,1692025248000
568824965806605,Lanaudiere,-73.79808,46.675838,1728397830000
3939697586301528,Mauricie,-72.2724981,46.5426414,1679481313000
766330944948838,Lanaudiere,-73.419848426746,46.062257956913,1681036090022
1173150824809111,Bas-Saint-Laurent,-69.043960115979,47.438775668926,1765202253908
1210859022685406,Mauricie,-72.262816010313,46.549715495067,1448020397178
1290305181575790,Lanaudiere,-73.418927317131,46.054507530833,1681069669854
738955907695146,Lanaudiere,-73.419021547115,46.054164645292,1681036299765
737453441160784,Mauricie,-72.250476458097,46.55667101337,1679481231000
222716386325176,Abitibi-Temiscamingue,-77.311255541529,48.288491706626,1531239927000
609525313456337,Mauricie,-72.259947222222,46.551322222222,1597333647000
653043573224688,Lanaudiere,-74.102661,46.836744,1692026877000
275098660975918,Abitibi-Temiscamingue,-77.325757400296,48.265047349416,1531240022000
1002870064260002,Mauricie,-72.270354516129,46.542614575157,1694814749000
1455450078575196,Lanaudiere,-74.086852,46.856875,1692026224000
1443543942932831,Mauricie,-72.264456412215,46.548932562786,1711817561000
810613877279389,Lanaudiere,-74.109939,46.83276,1692037825000
124216787321855,Mauricie,-72.2705731,46.5423997,1683389178000
1139752043698612,Mauricie,-72.2705964,46.5424197,1711837821000
986246309766465,Bas-Saint-Laurent,-67.423192,48.681089,1719666335000
6689927584397620,Mauricie,-72.856480090088,47.266516836536,1694808298000
1907362456377338,Bas-Saint-Laurent,-67.402024,48.7019,1719666603000
790242855777258,Lanaudiere,-73.39418941876,45.999937630262,1681036277142
815244963590361,Mauricie,-72.854891925836,47.264531723819,1687703095000
1770752013355984,Mauricie,-72.853671362133,47.276349883279,1695496961000
1227245807908383,Mauricie,-72.85031520965,47.277559597245,1683382919000
1754975445042366,Lanaudiere,-73.967219119643,46.665678441199,1722677004804
992737118664628,Mauricie,-72.856243738821,47.266633753512,1695494593000
1299308415127496,Mauricie,-73.832774896873,47.991516180908,1754158685000
1559664648172283,Mauricie,-72.850244245104,47.27749059474,1695494651000
1280845783387810,Mauricie,-73.817588499782,48.00226576021,1754158579000
554259583715313,Mauricie,-73.298905,46.701887,1728412886000
1251990299455075,Mauricie,-73.299772,46.71004,1728413686000
433955445976068,Lanaudiere,-73.621739,46.587761,1728404304000
1300144498393246,Lanaudiere,-73.85718551146,46.465098029872,1750007476860
1280078940097633,Cote-Nord,-68.22877656129,51.563370404916,1728066256857
2837907029731889,Lanaudiere,-73.857929730718,46.456178654342,1750006909503
1255210595952622,Lanaudiere,-73.856570092612,46.462577148352,1750007277711
3410903979225543,Lanaudiere,-73.269884126602,45.986791428581,1679485156000
952221356510481,Lanaudiere,-73.26855394126,45.989180282098,1711821226000
5775154525920891,Lanaudiere,-73.661341,46.853278,1692109878000
1701392590290741,Lanaudiere,-73.93169,46.694197,1692039076000
1317431569222739,Lanaudiere,-73.661565,46.853373,1728391227000
1761780237584232,Lanaudiere,-73.931526,46.694082,1692017670000
1340708306876380,Lanaudiere,-73.935937,46.697105,1692128589000
293715793416907,Mauricie,-72.353161759017,46.873072378065,1695488242000
763625555266779,Mauricie,-72.505706571428,47.735564817035,1683380153000
994563748534759,Lanaudiere,-73.94903416098,46.702841872484,1692128539000
3251081815212513,Bas-Saint-Laurent,-68.706126809717,47.570491540226,1407061720000
208120311962004,Mauricie,-72.361201604094,46.871054389496,1682598890000
504698014037963,Abitibi-Temiscamingue,-79.479461111085,47.602408333683,1531059287000
3589171187974546,Bas-Saint-Laurent,-68.711649643175,47.580294968239,1406550617000
519426486976058,Mauricie,-72.517130173476,47.714748804231,1687695997000
1087449571742112,Bas-Saint-Laurent,-68.707317319612,47.572047720312,1406551013000
925635708222794,Abitibi-Temiscamingue,-79.469184933152,47.609685334453,1531059359000
251351674557656,Mauricie,-72.517528281368,47.710903025319,1694802463000
315259229953616,Abitibi-Temiscamingue,-79.477574999565,47.604552772123,1531059303000
2517706705049049,Lanaudiere,-73.339950434348,45.903265448896,1681036241674
939049763548404,Abitibi-Temiscamingue,-79.47245187036,47.608603944877,1531059341000
709932250883757,Lanaudiere,-73.343362833285,45.90274398496,1679485561000
1389262568425455,Lanaudiere,-73.341578694733,45.900080651365,1711832900000
2066114157087137,Lanaudiere,-73.3425281,45.9039681,1711821571000
1536684003523694,Saguenay-Lac-Saint-Jean,-71.097237933883,48.369139558308,1685538704000
1452464222085898,Lanaudiere,-73.496938,46.590426,1728406060000
1784206512302099,Lanaudiere,-73.486958302458,46.60244982209,1757344541709
153677750032431,Abitibi-Temiscamingue,-77.16517187236,47.582474226439,1531243370000
985481923315033,Abitibi-Temiscamingue,-77.9304269,47.199722,1627306522759
4250049728347987,Abitibi-Temiscamingue,-77.165389991577,47.584081568748,1531243364000
924834939512322,Mauricie,-73.350207,46.636859,1728411674000
341173101673813,Lanaudiere,-73.924333,46.76361,1692018657000
1033783121301531,Lanaudiere,-73.924403,46.763272,1692127759000
30507131775568757,Lanaudiere,-74.322327485736,46.246052538666,1752246688000
1243174896720566,Lanaudiere,-73.601016,46.814037,1728328179000
1065738908478907,Lanaudiere,-74.322914999471,46.244403000143,1752246835000
269568342497599,Lanaudiere,-73.929266375772,46.743305439876,1692128122000
752344889980923,Lanaudiere,-73.757848569396,46.640521029269,1692104780000
474118041756747,Mauricie,,,1716661313666
1735857133850306,Lanaudiere,-73.61574,46.82653,1728416656000
1031793907952051,Lanaudiere,-73.929482,46.743358,1692018252000
1507264593595706,Lanaudiere,-74.321425999918,46.243658000035,1752247129000
3792945534294384,Lanaudiere,-73.756378,46.63228,1728402932000
1886989771877347,Mauricie,-73.931850703881,47.99113885703,1754168904000
980961819851485,Lanaudiere,-73.764775,46.649739,1692104663000
524163210249968,Lanaudiere,-73.617509,46.828894,1728475865000
1346278839673880,Lanaudiere,-73.606882,46.819515,1728484208000
434417202597161,Lanaudiere,-73.756742,46.639814,1728397046000
1122223679733056,Cote-Nord,-63.446783927777,51.015054664498,1749554822361
458557083258358,Lanaudiere,-73.601792955782,46.808200725677,1728329463000
1255597536568454,Cote-Nord,-63.447000057671,51.014609677431,1749558340250
1399698254188683,Mauricie,-72.790439458276,46.27178087538,1679483391000
1028653522547559,Bas-Saint-Laurent,-67.3346385,48.2234187,1757264853000
1161200631878991,Mauricie,-72.794052926472,46.270214731278,1711819566000
1489653495358781,Mauricie,-73.533699626022,47.634173282298,1754173380000
492029318879227,Mauricie,-72.792293498436,46.270894701398,1448022388280
7849601311771833,Gaspesie-Iles-de-la-Madeleine,-65.552106,49.044678,1719768940000
564135805971062,Lanaudiere,-73.540431,46.656458,1728481108000
255674330156571,Mauricie,-72.303147499313,46.50025924155,1683389008000
1028006219059304,Lanaudiere,-73.700411,46.612774,1728403504000
1883143898856076,Gaspesie-Iles-de-la-Madeleine,-65.552108,49.044804,1719692644000
265765766295094,Mauricie,-72.305244795184,46.497434058915,1694814549000
394556823074610,Gaspesie-Iles-de-la-Madeleine,-65.552107,49.030049,1719692698000
368553624530256,Mauricie,-72.305563740231,46.497131609009,1447940098793
573054201477769,Mauricie,-72.65157099991,47.555943870554,1683381242000
1612991526146212,Gaspesie-Iles-de-la-Madeleine,-65.550232,49.04839,1719768955000
788385163207841,Mauricie,-72.304186284019,46.49880944441,1711837637000
3553838501601485,Mauricie,-72.661675585058,47.5500996956,1694803253000
997101457701586,Mauricie,-72.293381326881,46.514343913387,1448020598106
1442138399695432,Mauricie,-72.652317525336,47.555695908033,1694803218000
1365755697555187,Mauricie,-72.298957504772,46.506504742808,1679481470000
955358532276620,Mauricie,-72.651621108168,47.555822655835,1687696815000
1262073335147431,Bas-Saint-Laurent,-67.053652,48.793354,1719670473000
2070748726630544,Mauricie,-72.3034731,46.5006497,1711817762000
3533218563601552,Lanaudiere,-73.666143,46.889895,1692112546000
3435900536739848,Lanaudiere,-73.660488,46.870415,1692112047000
1753906861670349,Mauricie,-72.759529228349,46.848337573774,1658834752464
152956574381260,Lanaudiere,-73.418131348636,46.048778278537,1681036297763
1485259468843817,Lanaudiere,-73.661263,46.871934,1728326005000
331846812581764,Mauricie,-72.759387025223,46.847930967998,1695492353000
1181640939209505,Lanaudiere,-73.407883579737,46.030592010682,1681069681666
1977098932709586,Bas-Saint-Laurent,-67.009958,48.806018,1719670722000
233971065939578,Mauricie,-72.759370000673,46.847975803711,1694810553000
656900049225877,Mauricie,-72.759425107407,46.848189716331,1687705282000
1064059389133468,Bas-Saint-Laurent,-68.86920287565,47.390064468326,1765203738861
194721900098895,Lanaudiere,-73.626670789066,46.75872899784,1692108277000
1030629111298672,Mauricie,-72.75951151181,46.848181944375,1695499327000
577989857900400,Lanaudiere,-73.626937,46.760414,1728392875000
2219724258427306,Lanaudiere,-73.622033571938,46.764972996987,1728392363000
519835963560058,Mauricie,-72.964860390746,46.214451947995,1679483914000
1421067715462067,Mauricie,-72.942718856504,46.2212003815,1711819993000
371433337555842,Lanaudiere,-74.111721399074,46.295772612811,1508350770633
1181695415616204,Mauricie,-72.955106613732,46.217519981872,1448024857231
868389543710252,Lanaudiere,-74.110690965426,46.294361554989,1508353370176
427027409915319,Mauricie,-72.940069933916,46.222388096213,1711819987000
3272845339610263,Lanaudiere,-74.114523567328,46.297709802209,1508352387931
152887810636703,Lanaudiere,-73.657383809261,45.911096940331,1654014069604
775441791509207,Mauricie,-73.178314578598,48.009005853772,1754141232000
2853840004883525,Lanaudiere,-74.114407959894,46.293042528904,1508354400219
3000208313611624,Lanaudiere,-73.631598439038,45.918172703705,1654003001523
798335131107496,Lanaudiere,-74.110657796771,46.298726423319,1508351597087
304803732221427,Lanaudiere,-73.661568,46.82967,1692109364000
756509512375715,Lanaudiere,-73.637296982521,45.916763269603,1654002983698
131513389016131,Nord-du-Quebec,-77.397505565435,51.629172225347,1531139584000
304812987840301,Lanaudiere,-74.113902686298,46.293515628001,1508354179368
1203958344028165,Lanaudiere,-73.661855,46.829851,1728391707000
1434921746844620,Lanaudiere,-74.117188888771,46.291203720191,1508354750008
845512546047712,Nord-du-Quebec,-77.392363878541,51.609308330669,1531139500000
280440133749489,Lanaudiere,-74.112880837064,46.294707650938,1508353512708
2436021576852209,Mauricie,-72.818883545092,46.360426696312,1755117813922
283866899969986,Lanaudiere,-74.113756802848,46.294409008621,1508353933324
1760866021469593,Saguenay-Lac-Saint-Jean,-73.281337483162,48.218836181348,1754228560000
1577139079530885,Gaspesie-Iles-de-la-Madeleine,-65.480065924729,48.939902668444,1719755623000
4228943304010066,Saguenay-Lac-Saint-Jean,-73.275613236003,48.219877369267,1754228604000
1912143078940150,Lanaudiere,-74.117177194053,46.291203391781,1508354746352
376266452233119,Gaspesie-Iles-de-la-Madeleine,-65.480013,48.939812,1719768014000
1225577364729024,Mauricie,-72.85643534412,46.265447814579,1679483569000
305045084595594,Mauricie,-72.856086598203,46.265608100267,1448022549847
1663427007185466,Mauricie,-72.879890827495,46.256186801211,1448024624422
190759916226758,Abitibi-Temiscamingue,-77.26493611934,47.690488855543,1531242626000
841201730965224,Lanaudiere,-73.928712,46.775262,1692127592000
1507014170026359,Mauricie,-72.861886540724,46.263740884793,1711819739000
227702275780628,Abitibi-Temiscamingue,-77.265683028078,47.691574790816,1531242621000
1040746527204381,Lanaudiere,-73.926169,46.771023,1692018762000
270689711448420,Mauricie,-72.877392560548,46.262042301565,1448022634107
1094177177740143,Abitibi-Temiscamingue,-79.250280549616,48.037419449462,1531061876000
745675789421873,Abitibi-Temiscamingue,-79.251966668111,48.022130554196,1531061710000
1268477934766533,Mauricie,-73.326199214433,47.967506381259,1754143707000
24052444254422330,Bas-Saint-Laurent,-67.618792297511,48.169362530838,1751116027000
2472611563116481,Mauricie,-74.032573875432,47.968308992912,1754168012000
495772948284555,Abitibi-Temiscamingue,-78.019400000162,48.769541666592,1531119075000
4222096824782162,Gaspesie-Iles-de-la-Madeleine,-65.594056635284,49.128388088988,1751377524000
1200050264322869,Gaspesie-Iles-de-la-Madeleine,-65.585102,49.136326,1719769787000
302796851457767,Abitibi-Temiscamingue,-78.019400004256,48.769541664729,1531119075000
827902289268697,Gaspesie-Iles-de-la-Madeleine,-65.597095,49.137972,1719769967000
826889402983280,Lanaudiere,-73.515449,46.888309,1728319614000
3989565217948673,Gaspesie-Iles-de-la-Madeleine,-65.594442554052,49.123813362698,1751377434000
1064358091525864,Lanaudiere,-73.536111,46.888972,1728323707000
419897547797652,Lanaudiere,-73.45306,46.604715,1728406662000
625928530252980,Bas-Saint-Laurent,-67.788261358586,48.387526690934,1755971145000
1170893810624116,Gaspesie-Iles-de-la-Madeleine,-64.911168,49.149771,1719866175000
841894161362999,Lanaudiere,-73.538352691364,46.711766274498,1728478716000
2018581292216631,Bas-Saint-Laurent,-67.7866089,48.4094506,1755964450000
267764938943726,Mauricie,-72.746042312328,47.470079092823,1683381697000
3494816674109567,Mauricie,-72.732647565449,47.483991277359,1683381629000
1569642997210222,Lanaudiere,-73.699510045676,45.876972438688,1709307959916
557474636514023,Lanaudiere,-73.420242798233,46.110695249278,1681036110142
251990611090049,Lanaudiere,-73.867288,46.827558,1692119571000
785069299927926,Mauricie,-72.734207212153,47.483216137674,1687697206000
530278792628135,Lanaudiere,-73.420434214646,46.110967173694,1681069647231
1057728855604275,Lanaudiere,-73.84149755138,46.802192873752,1692121120000
853755109481997,Mauricie,-72.744537530654,47.47289078789,1694803667000
124988293605235,Mauricie,-74.491909399972,47.9186294,1659537310000
1033285574696681,Lanaudiere,-73.869707,46.829457,1692124882000
987744052496619,Gaspesie-Iles-de-la-Madeleine,-65.2125,48.121792,1691314942000
600483832287259,Lanaudiere,-73.929786,46.726394,1692017970000
1062765392478262,Lanaudiere,-73.674279,46.601711,1728403700000
1180527880795094,Bas-Saint-Laurent,-67.2934849,48.1116518,1757274377000
708869565374841,Bas-Saint-Laurent,-67.291584597161,48.111365090068,1751125893000
752302310875520,Mauricie,-73.838217957071,47.960151836336,1754158905000
1160659059236950,Bas-Saint-Laurent,-67.6544077,48.4339496,1755960061000
1478862549410306,Bas-Saint-Laurent,-67.185468,48.770354,1719669413000
197754026670872,Mauricie,-72.301615285479,46.445348801718,1696352297000
377782908748398,Bas-Saint-Laurent,-67.160764,48.786742,1719669584000
1211512075954918,Abitibi-Temiscamingue,-77.30279164877,47.743027409971,1531242383000
474643310421343,Abitibi-Temiscamingue,-77.301531204096,47.741254732161,1531242389000
1363279821400951,Gaspesie-Iles-de-la-Madeleine,-65.570111055549,49.098372531408,1751376768000
216109566621203,Abitibi-Temiscamingue,-77.952941668695,48.96380000121,1531120084000
744517944997523,Bas-Saint-Laurent,-67.580843343918,48.257754096283,1751115135000
293014259095515,Abitibi-Temiscamingue,-77.947888893295,48.979472221181,1531120142000
115931850591066,Mauricie,-72.482945809508,46.439585199209,1448021099040
344072847936688,Mauricie,-74.496986199972,47.9222296,1659537280000
447131534309791,Mauricie,-72.4735714,46.4434097,1711818243000
1880583686116855,Gaspesie-Iles-de-la-Madeleine,-66.10912658905,48.689499438444,1751310993000
234447502479766,Mauricie,-72.4875231,46.43825,1679482063000
1012391150308038,Mauricie,-72.5585092,47.3946473,1628617077317
511968241487989,Gaspesie-Iles-de-la-Madeleine,-64.808412,49.136045,1719865465000
681137324070515,Mauricie,-72.4601597,46.4445731,1711837180000
1474144990698324,Bas-Saint-Laurent,-67.579258241021,48.260268719105,1751115103000
133241289024300,Mauricie,-72.483603166918,46.439360551431,1597424282000
1088882972954583,Cote-Nord,-68.705022807147,50.640965263536,1728056487000
1370230061417230,Bas-Saint-Laurent,-68.999841257151,47.441592651178,1765202633914
832044178865569,Gaspesie-Iles-de-la-Madeleine,-64.763485,49.031247,1719863707000
378681821894125,Gaspesie-Iles-de-la-Madeleine,-64.761625,49.052379,1719863954000
1030565807943095,Mauricie,-72.797560377416,47.342001372506,1694807844000
287572880721179,Mauricie,-72.792879393616,47.329164302106,1695494952000
1039804397033997,Mauricie,-72.792710968854,47.328672432118,1695496617000
338572411011775,Abitibi-Temiscamingue,-79.261530620044,48.113883047019,1531062372000
1881058102249713,Mauricie,-72.792700056225,47.32863756482,1683382432000
369755937849123,Abitibi-Temiscamingue,-79.266463890681,48.127688889176,1531062430000
273280715282738,Mauricie,-72.792779440414,47.329052299885,1687702722000
1759849607527697,Abitibi-Temiscamingue,-79.261258304966,48.114241571463,1531062372000
288965430655872,Mauricie,-72.792697219209,47.328601295362,1694807910000
789003510315031,Bas-Saint-Laurent,-67.4387462,48.2733571,1757260780000
618550073224061,Mauricie,-72.793602180482,47.321085816851,1683382644000
737808232589355,Bas-Saint-Laurent,-67.4327063,48.2747971,1757261356000
789051270380896,Bas-Saint-Laurent,-67.4308394,48.2603322,1757262985000
1325313515056488,Gaspesie-Iles-de-la-Madeleine,-65.703728,48.271001,1691149845000
2158572951005514,Gaspesie-Iles-de-la-Madeleine,-65.695017,48.257709,1691149513000
198861629805167,Mauricie,-72.439507664061,47.893342139294,1687694763000
713862941535024,Bas-Saint-Laurent,-67.611899774222,48.234501765943,1751115401000
1288545892017575,Mauricie,-72.4345531,47.902325,1683379487000
1421799874867087,Bas-Saint-Laurent,-67.535006560457,48.852935629052,1519757994184
639794748242489,Mauricie,-72.439472212027,47.893641183391,1694801722000
834908624833665,Mauricie,-72.370003040241,46.428349179478,1696351608000
141460124554159,Bas-Saint-Laurent,-67.535006562375,48.852935629772,1519758039240
823871505848983,Mauricie,-72.43395135892,47.902838028214,1694801686000
848394076748905,Mauricie,-72.363748946755,46.432301077481,1696351648000
1530014325065284,Bas-Saint-Laurent,-67.540494713314,48.848190322827,1697532887000
1126054694682462,Saguenay-Lac-Saint-Jean,-70.2594198,48.1662297,1662559012000
153484120046006,Bas-Saint-Laurent,-67.523795768155,48.843399889763,1519833722530
809266839708473,Nord-du-Quebec,-77.148994483761,50.43206913063,1507822550991
1328022432370192,Bas-Saint-Laurent,-67.7545602,48.055954,1755378159000
3220571148097887,Mauricie,-73.354716125288,47.929830044279,1754144363000
1817979942089012,Mauricie,-73.341618410564,47.948636222434,1754144009000
1125035481296894,Nord-du-Quebec,-77.149444445376,50.430047218984,1531224306000
559712538331527,Nord-du-Quebec,-77.148872221511,50.43353610934,1531224294000
1551693892447439,Bas-Saint-Laurent,-66.711805,48.998894,1719674943000
1179488316395262,Gaspesie-Iles-de-la-Madeleine,-66.475198,49.029911,1719681931000
1519086445290734,Saguenay-Lac-Saint-Jean,-70.515672966856,48.418780692469,1684497773000
752630905404214,Abitibi-Temiscamingue,-77.141302784874,48.862055555451,1531236273000
394348726969346,Gaspesie-Iles-de-la-Madeleine,-65.043421,49.20874,1719867464000
475052647115139,Abitibi-Temiscamingue,-77.138604061601,48.870219810515,1531236239000
417918340328114,Saguenay-Lac-Saint-Jean,-70.487463888889,48.010713888889,1661681424969
335828342903904,Gaspesie-Iles-de-la-Madeleine,-65.030044,49.196187,1719867180000
1089499703096437,Gaspesie-Iles-de-la-Madeleine,-65.960597782373,48.775427624391,1751314090000
1689123027956422,Abitibi-Temiscamingue,-77.135938885537,48.876022224349,1531236215000
329866048568410,Abitibi-Temiscamingue,-78.440711297565,48.230791633178,1531066976000
572993573638690,Abitibi-Temiscamingue,-77.140937690697,48.865889208616,1531236257000
896826181873505,Mauricie,-72.382065635564,46.610481945835,1695503929000
1861272340999946,Mauricie,-72.390276751331,46.625808085414,1695503779000
2874609292757244,Abitibi-Temiscamingue,-78.443999987287,48.230033335531,1531066967000
695405962491198,Mauricie,-72.516293327153,46.773101475714,1695502687000
290469132751758,Nord-du-Quebec,-77.444997211325,51.367213928135,1531216315000
196875443141521,Mauricie,-72.382578493032,46.609630373169,1682601961000
826773842440717,Mauricie,-72.5162864,46.773015,1692557669000
552332505931427,Nord-du-Quebec,-77.440733331999,51.36262500239,1531216337000
277813371672280,Mauricie,-72.385060005544,46.612465682055,1692558972000
990612532046111,Mauricie,-72.51663,46.772785,1695489428000
1076101023366272,Saguenay-Lac-Saint-Jean,-70.038062537638,48.33983424113,1684496346000
4222573294460080,Nord-du-Quebec,-77.441061106776,51.36316944212,1531138300000
429585276733938,Gaspesie-Iles-de-la-Madeleine,-65.835052,48.892033,1719785842000
1716036185465965,Mauricie,-72.385063655211,46.612608067147,1682601761000
1206258953396091,Mauricie,-72.502011716576,46.547843385275,1683388264000
979098423306850,Mauricie,-72.5159581,46.77322,1692554828000
1319511365335246,Mauricie,-72.3895981,46.6250797,1692558875000
778358867119278,Mauricie,-72.502230813359,46.547981474027,1687707313000
322212319303892,Nord-du-Quebec,-77.441061106804,51.36316944212,1531138300000
1158539257942016,Bas-Saint-Laurent,-69.227391969695,47.683523910872,1406548795000
1629120864536769,Bas-Saint-Laurent,-67.453164,48.600702,1719663570000
819360076328941,Mauricie,-72.490249471898,46.540216576669,1694813790000
405232287888415,Bas-Saint-Laurent,-69.227014122708,47.683662027575,1407063575000
4258188287564724,Nord-du-Quebec,-77.441082571491,51.363088812035,1531216335000
304932122174681,Mauricie,-72.4973634064,46.546393595319,1694813075000
942313733262422,Nord-du-Quebec,-77.441057221753,51.363091571196,1507909983321
508968563610153,Bas-Saint-Laurent,-69.21259046158,47.689442853251,1406548838000
638796358394747,Mauricie,-72.497858442198,46.545801899573,1694812659000
956208471795058,Nord-du-Quebec,-77.44989917235,51.382168354945,1507910869360
798756011865849,Mauricie,-72.516763299521,46.557275269107,1687707253000
156501116529928,Mauricie,-72.764897581598,47.319911073928,1622210200000
1444759593513704,Gaspesie-Iles-de-la-Madeleine,-65.57559814996,48.276787003388,1751217612000
1647734596015110,Gaspesie-Iles-de-la-Madeleine,-65.24404,49.097007,1719870898000
758678062717034,Saguenay-Lac-Saint-Jean,-71.063638663771,48.369937566411,1684500853000
1022248622728394,Gaspesie-Iles-de-la-Madeleine,-65.244094,49.096751,1719842400000
1325375332184021,Gaspesie-Iles-de-la-Madeleine,-65.614977,49.058327,1719691872000
506068457191751,Abitibi-Temiscamingue,-79.370177266333,47.20985540282,1531055041000
557560143238679,Saguenay-Lac-Saint-Jean,-71.056297954133,48.36623815657,1684500875000
172576031440863,Abitibi-Temiscamingue,-77.018508336872,47.424841662749,1531244133000
1162028218177147,Gaspesie-Iles-de-la-Madeleine,-65.243214,49.099389,1719870886000
222349932990231,Abitibi-Temiscamingue,-79.370172520145,47.209856688147,1531055041000
258503756850832,Saguenay-Lac-Saint-Jean,-71.05362169393,48.365203433658,1685538383000
2590227207946036,Abitibi-Temiscamingue,-77.018866662889,47.425319444085,1531244131000
798133669172288,Gaspesie-Iles-de-la-Madeleine,-65.381862,48.93683,1719871875000
153565923379800,Abitibi-Temiscamingue,-77.062888889047,48.988858342108,1531235675000
669706422122818,Bas-Saint-Laurent,-66.860676,48.7682143,1756044266000
806577591455729,Gaspesie-Iles-de-la-Madeleine,-65.383779636752,48.93467577248,1719871895000
916050750531325,Mauricie,-72.515656942341,46.431364136935,1711818357000
1442933236068461,Abitibi-Temiscamingue,-77.062475993478,48.985515602576,1531235688000
479048301114153,Mauricie,-72.499107643102,46.43502658122,1711837074000
237703741959512,Mauricie,-72.500056226308,46.435184418564,1679482099000
314202916988628,Mauricie,-72.515547705359,46.431308098139,1448021183984
2971334129806293,Mauricie,-72.51586045094,46.431347024845,1597424367000
1000447504408765,Mauricie,-72.923390693294,47.060852097794,1695497927000
303608051336260,Abitibi-Temiscamingue,-78.686011120185,48.224066665377,1531066349000
792142894774751,Mauricie,-72.517905399926,46.430724599851,1448021190133
270614995808601,Mauricie,-72.922564843893,47.060449454842,1694809214000
1144218589391683,Abitibi-Temiscamingue,-78.703147247917,48.221791665098,1531066305000
763787652157386,Mauricie,-72.922639643339,47.051376511284,1687704004000
601213261957254,Mauricie,-72.922463309311,47.051194277123,1683383994000
299813778287076,Mauricie,-72.60173973237,46.33127802135,1448021771120
279491151588751,Mauricie,-72.922233919476,47.060794393885,1695493686000
1881024322628138,Mauricie,-73.841039906865,47.979641394016,1754158787000
447900682977664,Mauricie,-72.665765042293,46.316891298605,1447938612191
1442365319904979,Mauricie,-72.601007606492,46.330844653184,1679482750000
531238808256574,Mauricie,-72.661189024444,46.320547555218,1448022009196
398359949522965,Mauricie,-72.582723477533,46.330791273838,1711818869000
907222400398383,Mauricie,-72.661238200784,46.320562089631,1679483000000
463554838208685,Mauricie,-72.606351520503,46.333370940298,1447938839748
269171369579829,Mauricie,-72.661270690635,46.320585186515,1711819185000
878341740758628,Mauricie,-72.607790403505,46.335408207206,1711818980000
643342364706543,Bas-Saint-Laurent,-66.060261135585,48.609277967826,1751304275000
3780817392017513,Abitibi-Temiscamingue,-78.089798608161,48.763680212517,1531118879000
669647334435518,Mauricie,-72.66569844176,46.31689308467,1502124273761
210364040993595,Mauricie,-72.58255554249,46.330812722144,1597425194000
527056916032547,Mauricie,-72.607933212659,46.335541031728,1679482778000
9268293869866977,Mauricie,-73.629803,46.896185,1728325257000
294935758745820,Abitibi-Temiscamingue,-78.098180446371,48.76155283208,1531118854000
802328804051013,Abitibi-Temiscamingue,-78.121029127668,48.574157696338,1531117766000
294247212146384,Abitibi-Temiscamingue,-78.12161944509,48.587783334294,1531118038000
3863564697263761,Gaspesie-Iles-de-la-Madeleine,-66.353089,49.042507,1719684067000
3823209601292500,Gaspesie-Iles-de-la-Madeleine,-66.372222,49.032206,1719683957000
702244182782164,Mauricie,-73.698855,47.765537,1754172573000
838884707651562,Gaspesie-Iles-de-la-Madeleine,-64.976049,48.386266,1691328961000
1005644500174188,Bas-Saint-Laurent,-69.043322720582,47.668953830027,1406549439000
1427045349050338,Bas-Saint-Laurent,-69.109449060249,47.443449222099,1765201899869
923339822994194,Mauricie,-73.300275,46.711457,1728413696000
606967525801298,Mauricie,-73.71679,47.778214,1754172491000
798446081065860,Mauricie,-73.305736130526,46.696896799606,1597138194000
4122459601109671,Mauricie,-73.303546824869,46.69566666555,1597078314000
473442563926325,Mauricie,-72.495430733923,46.376214959548,1554227098295
735189145825017,Bas-Saint-Laurent,-66.159629538851,48.658255851012,1751307865000
1543437636546680,Mauricie,-73.30014,46.70528,1728412914000
330886231988720,Abitibi-Temiscamingue,-78.847581885782,48.214410445468,1531065916000
671617155838116,Bas-Saint-Laurent,-66.140874466659,48.665529937658,1751308270000
132079512275503,Abitibi-Temiscamingue,-78.83066450162,48.214109893859,1531065960000
413139155057220,Gaspesie-Iles-de-la-Madeleine,-64.66276,48.94229,1719847256000
1672265936302236,Mauricie,-73.306152762815,46.700074916281,1597139169000
1123962472032875,Gaspesie-Iles-de-la-Madeleine,-64.657935,48.943587,1719862647000
2327665837635183,Mauricie,-73.632780463283,47.735037826523,1754172830000
1202019907084274,Mauricie,-72.864853558081,46.869032120123,1658834788066
216403546914541,Abitibi-Temiscamingue,-77.132313895252,47.532855552125,1531243594000
809692667100949,Mauricie,-72.862123687665,46.864840314682,1687704960000
816057519039888,Abitibi-Temiscamingue,-77.12863830526,47.524649121626,1531243626000
1018657065835205,Mauricie,-72.864415586503,46.868887016248,1694810235000
1157820842866005,Bas-Saint-Laurent,-67.7920513,48.4472037,1755973442000
138248602490360,Mauricie,-72.864757870771,46.868852095343,1683385243000
597038695965353,Mauricie,-72.861561840299,46.864660513721,1695492690000
1186057765439633,Mauricie,-72.862119193399,46.864366802942,1695498973000
1417697969689562,Bas-Saint-Laurent,-67.1633729,48.681682,1756746057000
7727116090712162,Gaspesie-Iles-de-la-Madeleine,-64.785339,48.98526,1719846530000
760986126643469,Bas-Saint-Laurent,-67.1615607,48.7024181,1756747210000
1293193999198880,Bas-Saint-Laurent,-67.174727251236,48.680400821677,1756745967000
24085254081136918,Mauricie,-73.732238339982,48.118027930324,1754157345000
4008970366098833,Gaspesie-Iles-de-la-Madeleine,-65.835842120025,49.178928872579,1751388005000
337472125313493,Mauricie,-72.445009133586,46.51151770034,1694813974000
392377182322275,Mauricie,-72.430905950862,46.538174677207,1597423065000
1183565152400411,Bas-Saint-Laurent,-69.245296138144,47.685142070623,1407063630000
257293723598398,Mauricie,-72.445459019763,46.511880363822,1687707551000
809156999750938,Bas-Saint-Laurent,-69.2487733901,47.687094070827,1406548769000
567151247765457,Mauricie,-72.431839888903,46.538427258061,1597397473000
1390136351824886,Mauricie,-72.459021822394,46.520165000153,1683388438000
1185626175801956,Gaspesie-Iles-de-la-Madeleine,-65.153288,49.11101,1719843149000
1971753389961741,Gaspesie-Iles-de-la-Madeleine,-65.176698,49.106389,1719843065000
944005453904413,Mauricie,-72.153288488264,46.596892139368,1711838200000
359238262617025,Mauricie,-72.129598975394,46.590702009436,1597333076000
157422270747345,Mauricie,-72.153017336683,46.596977153133,1694815141000
656590762957086,Mauricie,-72.76818633733,47.499546930703,1451673495373
313828794541444,Mauricie,-72.146882103551,46.583824790033,1692560324000
318076799697463,Abitibi-Temiscamingue,-79.374419464557,47.235727759593,1531055143000
1998973150444952,Mauricie,-72.152978765655,46.597000013579,1682603155000
191885440088995,Mauricie,-72.776292512644,47.470562674574,1451673336678
298214415164845,Abitibi-Temiscamingue,-79.370479278486,47.210373973826,1531055043000
3536298090016317,Mauricie,-72.147160336768,46.583559617461,1696358566000
2068118113677037,Cote-Nord,-63.486695303061,51.268629361328,1749645863486
1371761140346666,Mauricie,-72.15309772932,46.596898072079,1683389530000
1233180691869031,Cote-Nord,-63.486203119172,51.267194144,1749641326216
998787628763648,Cote-Nord,-63.48637085675,51.267363166007,1749646684597
1003391098146054,Gaspesie-Iles-de-la-Madeleine,-65.440296,49.014406,1719840824000
1365143580704985,Mauricie,-72.152701690379,46.597208907813,1695504983000
596871547936663,Abitibi-Temiscamingue,-77.123586109402,48.615205554942,1531238138000
2916827991919833,Abitibi-Temiscamingue,-77.178776232253,48.471882454972,1531238717000
564693927837023,Abitibi-Temiscamingue,-77.127136113591,48.592591665948,1531238224000
931134252473417,Bas-Saint-Laurent,-66.00489989864,48.58576362549,1751299016000
909397866561893,Abitibi-Temiscamingue,-77.179563876863,48.475049997665,1531238705000
2028830150845965,Bas-Saint-Laurent,-67.275533,48.702133,1719667632000
277190480719118,Mauricie,-72.978308490214,46.210232303903,1448024919366
723700749650803,Mauricie,-72.978107532399,46.210422392908,1711820085000
1918864265566124,Mauricie,-73.234180141999,48.093689909082,1754226293000
1254983141892327,Mauricie,-72.977380596592,46.210523484746,1679483950000
514178124298202,Gaspesie-Iles-de-la-Madeleine,-65.821735,48.841225,1719786186000
489589253729895,Gaspesie-Iles-de-la-Madeleine,-65.089661152656,49.039400088893,1719843812000
998565051897317,Bas-Saint-Laurent,-66.889800992804,48.835603778513,1719671858000
3763344993936536,Bas-Saint-Laurent,-66.87356,48.839342,1719672913000
495964116342738,Bas-Saint-Laurent,-66.889263,48.80158,1719671430000
704455895695928,Bas-Saint-Laurent,-67.266295925348,48.078356116569,1751126223000
1273559294079748,Bas-Saint-Laurent,-67.2586346,48.0502379,1757273179000
2022939491216037,Abitibi-Temiscamingue,-78.554791952715,48.230322337985,1531066683000
1298127348670718,Bas-Saint-Laurent,-67.2683633,48.0727969,1757274047000
6186887208003874,Abitibi-Temiscamingue,-78.554791724204,48.23032236648,1531066683000
1373613867056571,Gaspesie-Iles-de-la-Madeleine,-65.959562727266,48.76136877839,1751313958000
128476019302739,Bas-Saint-Laurent,-68.838905871811,47.639931747199,1406550047000
3956242021282169,Gaspesie-Iles-de-la-Madeleine,-65.921863184217,49.149260012304,1751389682000
1697868137619853,Gaspesie-Iles-de-la-Madeleine,-66.476621643325,49.030796797513,1719681908000
364467835656515,Bas-Saint-Laurent,-68.745247403077,47.59132206192,1407061871000
1102598008515461,Bas-Saint-Laurent,-67.058926520319,48.717913054911,1756756224000
3349067345232641,Bas-Saint-Laurent,-67.5869429,48.0194117,1755375607000
1065739331580074,Gaspesie-Iles-de-la-Madeleine,-66.476942,49.043939,1719681793000
137679845010323,Bas-Saint-Laurent,-68.723704597927,47.58760593223,1406550557000
717621497959307,Bas-Saint-Laurent,-67.0644818,48.7341029,1756756054000
1434664457250275,Gaspesie-Iles-de-la-Madeleine,-65.478442692877,48.998751587236,1719839961000
1698335400503328,Bas-Saint-Laurent,-68.702087202367,47.566483774054,1407061700000
2272892586771098,Bas-Saint-Laurent,-69.276619692166,47.484143825237,1765199453851
1400865365162172,Bas-Saint-Laurent,-69.289552098676,47.493615791116,1765145616827
4316219418666625,Bas-Saint-Laurent,-69.289666860481,47.497216779794,1765144039068
527201324969832,Abitibi-Temiscamingue,-79.370427777778,47.117186111111,1531054436000
907332610055219,Abitibi-Temiscamingue,-77.126713414608,48.806676901456,1531236539000
657442016326617,Gaspesie-Iles-de-la-Madeleine,-64.928415,48.370612,1691329328000
213161363649065,Abitibi-Temiscamingue,-77.126486111536,48.805213884473,1531236545000
847753764832905,Bas-Saint-Laurent,-69.230376435437,47.455903364297,1765199825910
1302859227861292,Cote-Nord,-61.330498364372,50.190555708241,1752064279125
1528194268589927,Saguenay-Lac-Saint-Jean,-73.303252932074,48.2707569253,1754229396000
462755408157233,Abitibi-Temiscamingue,-77.258994438473,48.370877784982,1531239511000
330584995156465,Abitibi-Temiscamingue,-77.263086616298,48.366214190608,1531239531000
2020418845428489,Gaspesie-Iles-de-la-Madeleine,-65.908652723956,49.180124050315,1751389089000
1285978526463731,Gaspesie-Iles-de-la-Madeleine,-65.912316457282,49.180713466293,1751389382000
1119405993458216,Bas-Saint-Laurent,-67.6368094,48.4677463,1755959805000
1053535093575733,Gaspesie-Iles-de-la-Madeleine,-65.928548348681,48.465358878035,1751294843000
973116557764431,Abitibi-Temiscamingue,-78.5936489,47.849201,1627050225138
1112329397086822,Bas-Saint-Laurent,-67.3435002,48.2115395,1757264961000
1244262682694746,Abitibi-Temiscamingue,-77.208963920486,47.612731079881,1531243202000
2762262400751343,Abitibi-Temiscamingue,-77.203977777177,47.605780554334,1531243230000
1558504874637048,Saguenay-Lac-Saint-Jean,-70.163353623052,48.201824344333,1684508641000
503292408957290,Bas-Saint-Laurent,-66.94304,48.809612,1719671048000
1047057746763409,Bas-Saint-Laurent,-66.927998,48.807105,1719671133000
162909092429960,Abitibi-Temiscamingue,-78.022108333418,48.767736111038,1531119065000
810088136331984,Abitibi-Temiscamingue,-78.028280544178,48.763966666591,1531119043000
713587434733346,Bas-Saint-Laurent,-69.495386998388,47.581673417804,1765143092252
321138562731987,Abitibi-Temiscamingue,-78.647758338439,48.229727776452,1531066447000
1825359401689978,Bas-Saint-Laurent,-67.0072392,48.6798077,1756757589000
161848645942386,Abitibi-Temiscamingue,-78.648541665133,48.22962777994,1531066445000
5267964063261199,Bas-Saint-Laurent,-68.595050895591,47.532297350446,1407061367000
1834792994084437,Bas-Saint-Laurent,-67.4373894,48.2517222,1757262903000
3602856356516982,Bas-Saint-Laurent,-67.4594077,48.2520401,1757260620000
1705191426816695,Bas-Saint-Laurent,-67.4316197,48.2430326,1757262568000
2272963396522185,Bas-Saint-Laurent,-67.4566409,48.2359474,1757260542000
244027581314804,Gaspesie-Iles-de-la-Madeleine,-65.016304,48.395669,1691328654000
1525073704693873,Gaspesie-Iles-de-la-Madeleine,-65.025817,48.399909,1691328572000
960203859217874,Bas-Saint-Laurent,-67.25772,48.714802,1719667761000
453453075753979,Abitibi-Temiscamingue,-77.095205559194,48.71176666822,1531237764000
326621822226088,Abitibi-Temiscamingue,-77.091308334782,48.718836098944,1531237736000
1155484416489593,Bas-Saint-Laurent,-67.5503651,48.2014044,1757258584000
1936339596786359,Gaspesie-Iles-de-la-Madeleine,-66.38074,49.030401,1719683910000
1679484102680661,Saguenay-Lac-Saint-Jean,-73.274282225668,48.231163969615,1754228940000
764997269554488,Saguenay-Lac-Saint-Jean,-73.279374078869,48.220401757039,1754228584000
24452993747646966,Saguenay-Lac-Saint-Jean,-73.268190976912,48.220427007132,1754228656000
1920422062126266,Bas-Saint-Laurent,-67.595563640214,48.282215457483,1751114971000
321861840993595,Gaspesie-Iles-de-la-Madeleine,-65.846788,48.996304,1719690614000
3154617214803123,Bas-Saint-Laurent,-68.684703724565,47.554925881129,1407061633000
786051020305273,Cote-Nord,-66.32664273819,50.208156266583,1718911398000
1534212673798666,Gaspesie-Iles-de-la-Madeleine,-65.849993,48.971331,1719785225000
1125085062130032,Cote-Nord,-66.329893707004,50.206451862725,1717095502000
1410470426138826,Cote-Nord,-66.326473190894,50.207843300473,1718912015000
483735930882921,Cote-Nord,-66.309996944024,50.213996082467,1718910872000
475493263783622,Abitibi-Temiscamingue,-78.880164596595,48.215891594819,1531065828000
1143667070011467,Cote-Nord,-66.324365032997,50.208511192773,1718908370000
301077481503108,Abitibi-Temiscamingue,-78.867880695601,48.218558279737,1531065861000
1199430258137192,Cote-Nord,-66.317297555249,50.208025382545,1718913460000
622199819834964,Saguenay-Lac-Saint-Jean,-71.072072270042,48.431266582309,1684499606000
1781824805675723,Cote-Nord,-66.328660702704,50.206517617121,1718912887000
1912077549262747,Cote-Nord,-66.325541021874,50.207926033871,1718912295000
473909424033692,Abitibi-Temiscamingue,-78.114158330181,48.688149995929,1531118505000
296685162034803,Abitibi-Temiscamingue,-78.114183873262,48.703488961324,1531118567000
3075917949252989,Bas-Saint-Laurent,-67.3815649,48.2570463,1757264241000
513909536643530,Abitibi-Temiscamingue,-78.114150017395,48.681250054814,1531118471000
2253078871877144,Bas-Saint-Laurent,-67.383685279681,48.256284866372,1757264213000
1108557189652917,Abitibi-Temiscamingue,-78.114166467478,48.709133288679,1531118597000
1090308526310481,Bas-Saint-Laurent,-67.586936977164,48.157149546065,1751116773000
1325991515761123,Bas-Saint-Laurent,-67.609989886615,48.16403362264,1751116165000
199136226400399,Saguenay-Lac-Saint-Jean,-70.670485175828,48.429477398165,1684498230000
1408914516493703,Bas-Saint-Laurent,-66.900289433925,48.799484163184,1719671314000
1665440344272721,Bas-Saint-Laurent,-67.019535,48.804007,1719670686000
3888603084694023,Gaspesie-Iles-de-la-Madeleine,-65.518904,49.133275,1719769322000
466117856362892,Gaspesie-Iles-de-la-Madeleine,-65.539291052398,49.145492292487,1719769456000
1965247610902492,Bas-Saint-Laurent,-67.0091428,48.7103219,1756756706000
974535961084015,Gaspesie-Iles-de-la-Madeleine,-65.216604,49.138978,1719870554000
729108806617003,Saguenay-Lac-Saint-Jean,-71.432954534988,47.989508858088,1755172006592
1536054237307015,Gaspesie-Iles-de-la-Madeleine,-65.215092460861,49.139637110362,1719842728000
1850662932213579,Saguenay-Lac-Saint-Jean,-71.430256587726,47.981503868583,1755181433487
513782877554818,Saguenay-Lac-Saint-Jean,-71.436569939147,48.009825165822,1687688102000
825130769070470,Saguenay-Lac-Saint-Jean,-71.431427810947,47.986685851171,1694792696000
806361945150823,Bas-Saint-Laurent,-67.0250372,48.715312,1756756536000
1182015379689626,Gaspesie-Iles-de-la-Madeleine,-65.101145,49.065668,1719843645000
838529267791094,Gaspesie-Iles-de-la-Madeleine,-65.113158,49.075588,1719843566000
1174889332957729,Abitibi-Temiscamingue,-79.457353630933,47.611579363979,1531059403000
1118078670266056,Bas-Saint-Laurent,-67.4608369,48.2512152,1757260614000
1437490386932759,Gaspesie-Iles-de-la-Madeleine,-64.883149,49.002974,1719844668000
520341926010305,Abitibi-Temiscamingue,-79.459843169165,47.611467924815,1531059396000
1175830216786603,Gaspesie-Iles-de-la-Madeleine,-64.906446,49.001663,1719844582000
301245294882533,Abitibi-Temiscamingue,-77.094667499892,48.663856307444,1531237942000
267017071795584,Abitibi-Temiscamingue,-77.096830559262,48.678580552792,1531237887000
311972306989476,Abitibi-Temiscamingue,-78.727469444571,48.21968611018,1531066244000
295639998821803,Abitibi-Temiscamingue,-77.127141875616,48.589798109324,1531238234000
267412394750511,Abitibi-Temiscamingue,-78.737013887722,48.218808332071,1531066220000
1400062537867062,Gaspesie-Iles-de-la-Madeleine,-65.816646167105,49.180427726044,1751387461000
1130547314125544,Abitibi-Temiscamingue,-77.128465384688,48.583396703861,1531238258000
1083553610432529,Bas-Saint-Laurent,-67.768081397902,48.07367392096,1755378396000
966593501579051,Abitibi-Temiscamingue,-78.6501017,48.1689082,1626981999594
585861303746082,Gaspesie-Iles-de-la-Madeleine,-65.619536,48.186708,1691146333000
6574296432651280,Gaspesie-Iles-de-la-Madeleine,-65.629038748763,48.1890710054,1691147703000
974430074409636,Bas-Saint-Laurent,-67.490237,48.624447,1719663804000
274084021022516,Abitibi-Temiscamingue,-79.345419024707,47.821726508228,1531060482000
308384597469016,Abitibi-Temiscamingue,-79.342415104452,47.822392090164,1531060490000
1090650453174613,Bas-Saint-Laurent,-66.8008645,48.7616635,1756041861000
2704280749863393,Bas-Saint-Laurent,-69.08561793446,47.686816736082,1406549184000
1081441600870335,Bas-Saint-Laurent,-66.8144218,48.7632353,1756042233000
219243416631956,Bas-Saint-Laurent,-68.844478601689,47.650835890888,1406549992000
653013916894595,Gaspesie-Iles-de-la-Madeleine,-64.779078,48.359056,1691330761000
1142429501239460,Gaspesie-Iles-de-la-Madeleine,-65.876230614477,48.424273450968,1751294405000
493395952091739,Abitibi-Temiscamingue,-79.251290629166,47.633096524766,1430158734203
1067021681640212,Gaspesie-Iles-de-la-Madeleine,-65.872842,48.421753,1751294086000
1688076795243499,Bas-Saint-Laurent,-67.1807478,48.6755852,1756745921000
1176270466120644,Abitibi-Temiscamingue,-77.197569443584,48.442561113087,1531238839000
868629481772756,Gaspesie-Iles-de-la-Madeleine,-65.606364,49.140173,1719770044000
464127831476691,Abitibi-Temiscamingue,-77.182630564561,48.458286101446,1531238769000
763182166380876,Gaspesie-Iles-de-la-Madeleine,-65.602338773031,49.139457074969,1751377756000
1264171441757094,Gaspesie-Iles-de-la-Madeleine,-65.600117678352,49.123052265642,1751377390000
1184245155361118,Abitibi-Temiscamingue,-77.180107652599,48.467072705606,1531238735000
234769018445514,Abitibi-Temiscamingue,-77.192436106737,48.447352779514,1531238817000
1140875514559548,Bas-Saint-Laurent,-67.1355702,48.6787819,1756746447000
841449947439543,Gaspesie-Iles-de-la-Madeleine,-65.476714,48.179257,1691143141000
4022239761177316,Abitibi-Temiscamingue,-78.518233333333,48.224238888889,1531066779000
800473814178486,Abitibi-Temiscamingue,-78.527032414775,48.224585945078,1531066757000
1051632793606963,Cote-Nord,-63.498139741164,51.334183677599,1749645583440
1547960502834752,Gaspesie-Iles-de-la-Madeleine,-65.569085693871,48.294401297387,1751217036000
1599640697661167,Cote-Nord,-63.498283588334,51.332873120486,1749642949198
305470254352745,Abitibi-Temiscamingue,-79.468252776552,47.586702772608,1531059121000
484082199498382,Abitibi-Temiscamingue,-79.481184094335,47.599499910519,1531059267000
1592205595444712,Bas-Saint-Laurent,-67.418881,48.2425615,1757262384000
4831633320316609,Bas-Saint-Laurent,-67.4299035,48.2465579,1757262855000
1105767141748099,Bas-Saint-Laurent,-67.4001571,48.2521443,1757264017000
805003726026186,Bas-Saint-Laurent,-67.4162863,48.2575974,1757263266000
900910397428620,Nord-du-Quebec,-77.450552777645,51.370333317031,1531216295000
385075312772053,Nord-du-Quebec,-77.450552776058,51.370316667192,1531138338000
108565034631544,Nord-du-Quebec,-77.450811113841,51.370802776118,1531138340000
945287179640675,Nord-du-Quebec,-77.450004382147,51.376671154307,1507910812330
109614231197314,Bas-Saint-Laurent,-68.75561775,47.59306958,1406550503000
820566105510080,Nord-du-Quebec,-77.451705553932,51.372711110931,1531216285000
722045098925721,Bas-Saint-Laurent,-68.76556887293,47.599553403272,1407061954000
2836497383209704,Cote-Nord,-62.876105619522,50.292693833431,1752056007291
505521120487438,Nord-du-Quebec,-77.450080821234,51.383762221057,1531216237000
1029680058572573,Gaspesie-Iles-de-la-Madeleine,-66.4512630513,49.029876403417,1719682166000
846050936885910,Gaspesie-Iles-de-la-Madeleine,-65.608616,49.069674,1719691956000
1530880811496681,Bas-Saint-Laurent,-69.167045627301,47.459924329097,1765201644193
742035204873212,Bas-Saint-Laurent,-67.607802174752,48.20241523359,1751115603000
493786261831691,Nord-du-Quebec,-77.400100032707,51.279733272106,1531136966000
789849401735661,Nord-du-Quebec,-77.394749981561,51.286727795315,1531216822000
311736267012469,Nord-du-Quebec,-77.390158335007,51.29076666777,1531137014000
498696111251094,Nord-du-Quebec,-77.400227781954,51.279666668854,1531216849000
940602473402470,Nord-du-Quebec,-77.391819019181,51.289197884133,1507908775438
492174098798928,Nord-du-Quebec,-77.39026388631,51.290733335098,1531216805000
1086880578465329,Abitibi-Temiscamingue,-79.262433332527,48.050380553825,1531061966000
509662380177975,Abitibi-Temiscamingue,-79.266617274432,48.072658916198,1531062196000
1200611024494942,Saguenay-Lac-Saint-Jean,-71.106417838974,48.040624528841,1722175886000
1254845528997559,Saguenay-Lac-Saint-Jean,-71.123276,48.068378,1722175352000
1384116868627468,Abitibi-Temiscamingue,-79.395420000212,47.240582090296,1531055209000
3995551503857845,Abitibi-Temiscamingue,-79.395409243776,47.240589687053,1531055209000
304254621091313,Bas-Saint-Laurent,-69.196920117682,47.691823668188,1406548883000
1040296160852295,Gaspesie-Iles-de-la-Madeleine,-64.921746,49.152334,1719866241000
512318323768385,Bas-Saint-Laurent,-69.355572577664,47.731808383259,1407064016000
2318842158253613,Bas-Saint-Laurent,-69.186441060963,47.693640856676,1407063450000
896751034509682,Bas-Saint-Laurent,-69.188301578881,47.693319243158,1406548912000
789619058353922,Abitibi-Temiscamingue,-79.411038890828,47.270030556691,1531055585000
155563226517532,Abitibi-Temiscamingue,-79.410737711954,47.272215953587,1531055593000
1054700243464460,Bas-Saint-Laurent,-66.971019563644,48.690565014463,1751471741204
1017655795915114,Gaspesie-Iles-de-la-Madeleine,-65.288414140817,48.099393119475,1691314064000
795106449485046,Gaspesie-Iles-de-la-Madeleine,-65.180621,49.106507,1719843049000
1010620696759976,Gaspesie-Iles-de-la-Madeleine,-65.287977,48.0994,1691314377000
714777314866728,Bas-Saint-Laurent,-67.2144387,48.6632199,1756745345000
523524055344900,Abitibi-Temiscamingue,-77.943402774725,48.911372222335,1531119878000
1744342439308270,Bas-Saint-Laurent,-67.12522867853,48.822322181694,1719670083000
175643727669197,Abitibi-Temiscamingue,-77.945508332374,48.893041665478,1531119810000
7702382166482200,Bas-Saint-Laurent,-67.112941,48.818592,1719670160000
1534992357055249,Gaspesie-Iles-de-la-Madeleine,-65.772175,48.980868,1719690988000
959375962601605,Gaspesie-Iles-de-la-Madeleine,-65.761585,48.985692,1719691047000
764531269556772,Bas-Saint-Laurent,-66.7959113,48.7552313,1756042021000
2211102952643927,Bas-Saint-Laurent,-66.7703276,48.7694178,1756040058000
1316222652575845,Saguenay-Lac-Saint-Jean,-71.796800289417,48.431083815189,1683374420000
771522970502351,Bas-Saint-Laurent,-68.804848491124,47.612183907447,1407062101000
1876514772505300,Bas-Saint-Laurent,-68.805601328429,47.612524082103,1406550248000
1279055530415687,Bas-Saint-Laurent,-67.1752305,48.7564519,1756753886000
1734645874596272,Bas-Saint-Laurent,-67.491042304128,48.397235098498,1751113233000
1942717026175443,Bas-Saint-Laurent,-67.189268,48.767878,1719669392000
2531325573920565,Bas-Saint-Laurent,-67.2902547,48.0507808,1757273566000
1863923237307594,Saguenay-Lac-Saint-Jean,-70.440332279892,48.257233452654,1684507656000
467105529385714,Bas-Saint-Laurent,-67.153393,48.791447,1719669630000
2515827925228994,Bas-Saint-Laurent,-69.44808077402,47.771045020837,1406548069000
717218987970364,Bas-Saint-Laurent,-67.1121776,48.7697918,1756754584000
1359130867794028,Bas-Saint-Laurent,-69.45489614658,47.775572918334,1406548025000
742636498856996,Bas-Saint-Laurent,-69.017616698037,47.464356778509,1765202447941
973016571283498,Gaspesie-Iles-de-la-Madeleine,-65.433525,48.934324,1719872072000
490996309956920,Gaspesie-Iles-de-la-Madeleine,-65.848343,48.965178,1719785249000
322879607560745,Gaspesie-Iles-de-la-Madeleine,-65.530462,49.085802,1719692479000
286067894011697,Gaspesie-Iles-de-la-Madeleine,-65.719114,48.293352,1691150274000
1585814945910946,Bas-Saint-Laurent,-67.5430042,48.2134841,1757258376000
662015953669842,Gaspesie-Iles-de-la-Madeleine,-65.531049235592,49.087685025457,1751376478000
305770372015949,Gaspesie-Iles-de-la-Madeleine,-65.718257,48.289767,1691150212000
787571380201107,Gaspesie-Iles-de-la-Madeleine,-65.538898,49.064356,1719769026000
1575425953599740,Bas-Saint-Laurent,-68.809895045447,47.371582895736,1765206596865
1571394139994857,Saguenay-Lac-Saint-Jean,-71.608266040894,48.160066374354,1683372973000
1143378737660195,Bas-Saint-Laurent,-67.5190489,48.1999839,1757260142000
135309301912880,Bas-Saint-Laurent,-68.855333979536,47.660455053424,1406549926000
301247718262467,Abitibi-Temiscamingue,-79.360402779635,47.109808336038,1531054398000
295974958635679,Bas-Saint-Laurent,-68.869055196936,47.669733440175,1406549860000
1185082705334425,Bas-Saint-Laurent,-68.860414082132,47.663525146733,1406549902000
305973147757924,Abitibi-Temiscamingue,-79.350011111111,47.106141666667,1531054368000
1096460861926984,Cote-Nord,-61.773835631296,50.129606290131,1752065763541
1270607987252277,Gaspesie-Iles-de-la-Madeleine,-65.5399,49.00383,1719768775000
1910342619816389,Bas-Saint-Laurent,-67.458389804472,48.419584006075,1751113049000
997697188655378,Gaspesie-Iles-de-la-Madeleine,-65.539860120444,49.004961037786,1719692798000
6356903421029683,Gaspesie-Iles-de-la-Madeleine,-65.231487,48.367361,1691320435000
142360364531302,Abitibi-Temiscamingue,-77.320699992607,47.791755553612,1531242103000
845793389347872,Nord-du-Quebec,-77.39150833701,51.671361104127,1531139784000
165651228798750,Abitibi-Temiscamingue,-77.328708347644,47.797529462674,1531242073000
295885092128052,Nord-du-Quebec,-77.39092222309,51.687152774396,1531139848000
3855641628003172,Gaspesie-Iles-de-la-Madeleine,-64.759615,49.079744,1719864728000
2252344111791386,Gaspesie-Iles-de-la-Madeleine,-64.756347,49.063256,1719864172000
472733627328803,Abitibi-Temiscamingue,-79.273527777778,47.026377777778,1531053608000
995481212036805,Gaspesie-Iles-de-la-Madeleine,-64.700841,48.97538,1719862926000
1240716316366129,Abitibi-Temiscamingue,-79.274541593019,47.002180515479,1531053501000
1162537431625848,Gaspesie-Iles-de-la-Madeleine,-64.720782,48.999673,1719863206000
861054569378041,Gaspesie-Iles-de-la-Madeleine,-65.478377,48.939479,1719768006000
801226415528183,Gaspesie-Iles-de-la-Madeleine,-65.450743,48.932669,1719872116000
1925507954575851,Gaspesie-Iles-de-la-Madeleine,-65.47877639781,48.939486225376,1719755615000
439798552210630,Gaspesie-Iles-de-la-Madeleine,-65.479223780207,48.939614046465,1719838327000
840699630793751,Gaspesie-Iles-de-la-Madeleine,-65.288825,48.100407,1691313886000
826262545797703,Gaspesie-Iles-de-la-Madeleine,-65.284000780617,48.100025880924,1691314420000
799148845974956,Cote-Nord,-62.422729778415,50.294606364508,1752057464875
2741658432796897,Bas-Saint-Laurent,-69.284066885656,47.699987473192,1407063759000
1077472301252205,Gaspesie-Iles-de-la-Madeleine,-66.12860840976,48.13115496761,1750793513119
1455733542407383,Gaspesie-Iles-de-la-Madeleine,-66.129029255272,48.131193832669,1750793252396
166910215234686,Bas-Saint-Laurent,-69.285453673466,47.700558075467,1406548612000
721761200896677,Bas-Saint-Laurent,-67.3556582,48.2562339,1757264491000
972364763537966,Bas-Saint-Laurent,-69.27519340179,47.695686769836,1406548643000
1806333773300730,Bas-Saint-Laurent,-67.544321,48.2414184,1757257856000
3906197952801418,Abitibi-Temiscamingue,-79.423122484495,47.724117721419,1531059936000
286693053106800,Abitibi-Temiscamingue,-79.423122274696,47.724116746102,1531059936000
999837581471876,Gaspesie-Iles-de-la-Madeleine,-65.083252,49.204618,1719869409000
1004153530794275,Bas-Saint-Laurent,-67.280744,48.70618,1719667580000
1169802624998178,Bas-Saint-Laurent,-66.7909952,48.7726317,1756040411000
374590681937757,Gaspesie-Iles-de-la-Madeleine,-64.801591,48.987435,1719846456000
1301058717356034,Gaspesie-Iles-de-la-Madeleine,-65.06106142284,49.209929381176,1719867564000
1441359249859709,Bas-Saint-Laurent,-67.281301,48.709222,1719667554000
1079437714339213,Bas-Saint-Laurent,-66.7797969,48.7764563,1756040222000
2395386097522722,Bas-Saint-Laurent,-66.7996936,48.7758079,1756041166000
1840641543515199,Bas-Saint-Laurent,-67.2678908,48.0935407,1757274227000
2969045200041579,Abitibi-Temiscamingue,-77.249713458926,48.385452686471,1531239423000
1154904163063905,Bas-Saint-Laurent,-67.271183649706,48.094126014099,1751126047000
509471923823608,Abitibi-Temiscamingue,-77.242335103843,48.393600360926,1531239219000
803910334534380,Gaspesie-Iles-de-la-Madeleine,-65.332612,48.125847,1691313587000
356946977434957,Gaspesie-Iles-de-la-Madeleine,-64.898993,49.147163,1719866093000
537709650968729,Abitibi-Temiscamingue,-77.207494442423,48.429469432906,1531238895000
3541419932782148,Gaspesie-Iles-de-la-Madeleine,-65.351701,48.123145,1691313517000
1533557140531163,Gaspesie-Iles-de-la-Madeleine,-64.886017,49.145379,1719866009000
195038439119991,Abitibi-Temiscamingue,-77.206589060062,48.43310401694,1531238881000
1021333392851046,Bas-Saint-Laurent,-66.746017,48.889005,1719673853000
1019195433163277,Bas-Saint-Laurent,-66.769575,48.879532,1719673747000
1543696466990043,Bas-Saint-Laurent,-67.149296844135,48.684479317145,1756746185000
1120439783556300,Bas-Saint-Laurent,-68.069918035175,48.659342237835,1759850282764
1875007276746043,Bas-Saint-Laurent,-68.069289574774,48.659317613846,1759914662593
785151797498799,Bas-Saint-Laurent,-67.1486588,48.6872056,1756746743000
279348893846349,Abitibi-Temiscamingue,-79.436991513166,47.338823382499,1531056595000
764533328691077,Saguenay-Lac-Saint-Jean,-71.020892571151,48.355144933658,1685538299000
1214830420565055,Bas-Saint-Laurent,-68.931309822043,47.405610329761,1765202962857
631555441164514,Abitibi-Temiscamingue,-79.437027301627,47.332511348172,1531056541000
914485929856224,Saguenay-Lac-Saint-Jean,-71.035878360273,48.359146536388,1684500932000
3644324039012514,Abitibi-Temiscamingue,-78.635831201598,48.231199220476,1531066477000
621034310464215,Gaspesie-Iles-de-la-Madeleine,-65.930085729584,48.46758246493,1751294857000
812124761053849,Gaspesie-Iles-de-la-Madeleine,-64.969271,49.177469,1719866844000
791057111534186,Abitibi-Temiscamingue,-78.621527776316,48.232591667274,1531066513000
1225124935586424,Gaspesie-Iles-de-la-Madeleine,-65.944303312697,48.474229140832,1751298300000
330176266700245,Gaspesie-Iles-de-la-Madeleine,-64.94034,49.171724,1719866721000
2013742085632369,Saguenay-Lac-Saint-Jean,-70.672659851117,48.430403220433,1684498237000
990817149165417,Bas-Saint-Laurent,-67.459656,48.66217,1719664468000
281031070667860,Gaspesie-Iles-de-la-Madeleine,-66.137255810991,48.944523440241,1645382719587
1222551058488331,Bas-Saint-Laurent,-69.211161659803,47.690098764215,1407063523000
4061288453951269,Abitibi-Temiscamingue,-78.114058332913,48.639322220125,1531118259000
522879972213635,Nord-du-Quebec,-77.36133431886,51.307510461913,1507908987325
1073390766404042,Bas-Saint-Laurent,-69.207922309791,47.69097415942,1406548854000
298044541897675,Abitibi-Temiscamingue,-78.114041669657,48.630775000649,1531118225000
295744128852400,Nord-du-Quebec,-77.360341668921,51.307813891642,1531137200000
1741140663177133,Bas-Saint-Laurent,-67.588158735646,48.028217432806,1755375791000
514883479693257,Nord-du-Quebec,-77.376333392538,51.302324969494,1531216752000
2887697701504637,Nord-du-Quebec,-77.373388888055,51.303744434269,1531216741000
215220124703205,Saguenay-Lac-Saint-Jean,-71.008549462368,48.349127933156,1685538261000
407047638362477,Gaspesie-Iles-de-la-Madeleine,-65.847712,48.871744,1719785966000
602428732050102,Gaspesie-Iles-de-la-Madeleine,-65.035937,48.403963,1691328475000
2989617278030283,Nord-du-Quebec,-77.373083334573,51.303788888915,1531137168000
1735041180000856,Abitibi-Temiscamingue,-78.913833333305,48.214255555518,1531065740000
1083453235966049,Saguenay-Lac-Saint-Jean,-71.013138177374,48.35210031168,1684501007000
1245316170336431,Bas-Saint-Laurent,-66.751938213758,48.816398837926,1751469019920
2493348540810997,Nord-du-Quebec,-77.361424997492,51.307499998691,1531216709000
154864759842993,Abitibi-Temiscamingue,-78.913833332604,48.214255554583,1531065740000
1383062359031476,Gaspesie-Iles-de-la-Madeleine,-65.132802,49.215947,1719869801000
1276341117212643,Bas-Saint-Laurent,-65.987502875453,48.560719272771,1751298860000
1543710516208669,Gaspesie-Iles-de-la-Madeleine,-65.140126,49.212721,1719869940000
1003712718426396,Gaspesie-Iles-de-la-Madeleine,-65.729489,49.003918,1719691238000
1431609248125029,Bas-Saint-Laurent,-67.3120947,48.1514224,1757274635000
895796630978652,Abitibi-Temiscamingue,-77.238494590924,48.394655070988,1531239107000
218683546339182,Abitibi-Temiscamingue,-77.227911120155,48.399211109722,1531239033000
930968437690036,Abitibi-Temiscamingue,-79.437544444513,47.575055552169,1531058997000
269459102501176,Gaspesie-Iles-de-la-Madeleine,-65.451461,48.115335,1691305377000
2155387211595974,Bas-Saint-Laurent,-66.043267379327,48.589600494142,1751299272000
1196269934156846,Abitibi-Temiscamingue,-79.437566666653,47.574525002474,1531058995000
1433143901963849,Bas-Saint-Laurent,-67.7301304,48.0357226,1755377817000
1491562311461633,Bas-Saint-Laurent,-67.38436,48.708149,1719666769000
1610693899504479,Bas-Saint-Laurent,-67.380257,48.713016,1719666823000
1302361833999222,Gaspesie-Iles-de-la-Madeleine,-65.393680839431,48.147524834088,1691308316000
3789736131263960,Gaspesie-Iles-de-la-Madeleine,-65.060876402513,49.210019846754,1719867559000
299461922611209,Gaspesie-Iles-de-la-Madeleine,-65.419127468401,48.137141342218,1691308442000
2406444729802314,Bas-Saint-Laurent,-69.386045064796,47.539307139903,1765143521513
810880438037462,Bas-Saint-Laurent,-67.800606215421,48.42691215134,1755972589000
1780797002823492,Bas-Saint-Laurent,-67.7903552,48.424968,1755963815000
462538071675669,Abitibi-Temiscamingue,-77.103453227972,47.464166116115,1531243860000
1598143234369497,Bas-Saint-Laurent,-67.146598,48.816261,1719669978000
805577101818350,Bas-Saint-Laurent,-67.789092,48.4240239,1755963791000
1113244259180881,Abitibi-Temiscamingue,-77.103793380877,47.465662780342,1531243854000
24358376923802746,Bas-Saint-Laurent,-67.7911301,48.4246714,1755964244000
761288803178830,Bas-Saint-Laurent,-67.7897763,48.4244597,1755964270000
2633466786943702,Abitibi-Temiscamingue,-77.105125003264,47.479288950831,1531243804000
1097454800747477,Abitibi-Temiscamingue,-77.10473197403,47.474922395272,1531243820000
253757746438722,Abitibi-Temiscamingue,-79.269597194269,47.049088860284,1531054042000
1805551396517100,Gaspesie-Iles-de-la-Madeleine,-64.827626,49.136739,1719865587000
837175930211457,Abitibi-Temiscamingue,-79.269597222222,47.049088888889,1531054042000
1606799637419737,Bas-Saint-Laurent,-69.261140217196,47.476377975864,1765199560869
2345304892575685,Bas-Saint-Laurent,-69.463347136687,47.57016002514,1765143217322
785667469809046,Saguenay-Lac-Saint-Jean,-70.106601985725,48.354377560312,1684496565000
1293490918890309,Bas-Saint-Laurent,-67.201408487445,48.739067362239,1756753718000
1793252234951335,Bas-Saint-Laurent,-67.6727005,48.4501648,1755960241000
1297768645347009,Bas-Saint-Laurent,-67.6912465,48.4501552,1755960561000
1880837425751324,Bas-Saint-Laurent,-66.706167,48.91858,1719674069000
766665445543831,Bas-Saint-Laurent,-67.424935,48.667161,1719664990000
1152935409293618,Bas-Saint-Laurent,-67.429524,48.66516,1719664947000
3901006336809302,Cote-Nord,-68.04080408404,51.743956236712,1728067655857
1610605366029733,Saguenay-Lac-Saint-Jean,-72.100700768477,48.367802674931,1683376826000
844975613876986,Saguenay-Lac-Saint-Jean,-72.101618080387,48.366577026716,1694799508000
393121248754189,Abitibi-Temiscamingue,-79.432712943136,47.294632295526,1531055742000
241962458550925,Saguenay-Lac-Saint-Jean,-72.114575346152,48.34674614178,1687692651000
932018907634073,Abitibi-Temiscamingue,-79.432561111111,47.294588888889,1531056208000
1191847565323563,Gaspesie-Iles-de-la-Madeleine,-65.043365407888,49.032689724072,1719844060000
218749486720216,Abitibi-Temiscamingue,-79.432141626282,47.294597221966,1531056210000
830370222400548,Gaspesie-Iles-de-la-Madeleine,-65.03994,49.033742,1719844083000
551151116672738,Bas-Saint-Laurent,-69.25565284454,47.690615255488,1407063668000
523816918663237,Abitibi-Temiscamingue,-79.433233440427,47.294641542128,1531055744000
903705393809198,Abitibi-Temiscamingue,-79.265355554647,47.829183335824,1531060693000
141857987918232,Nord-du-Quebec,-77.647055550209,50.947266662847,1531218485000
345666235093577,Gaspesie-Iles-de-la-Madeleine,-64.648453,48.939747,1719862609000
190923576196062,Nord-du-Quebec,-77.646993439866,50.947134116975,1507904480451
843271486272004,Abitibi-Temiscamingue,-79.275356227303,47.827317472788,1531060663000
735195311970734,Gaspesie-Iles-de-la-Madeleine,-64.64273,48.937993,1719862587000
131351369030011,Nord-du-Quebec,-77.643369125344,50.967386675778,1507905048391
2883759605150982,Bas-Saint-Laurent,-67.3397474,48.2308909,1757264803000
8230291633681712,Gaspesie-Iles-de-la-Madeleine,-64.649445,48.937089,1719847314000
745618658638183,Bas-Saint-Laurent,-66.8516975,48.7630514,1756044346000
768006064556542,Bas-Saint-Laurent,-69.322239214688,47.718919025144,1407063895000
498140258199654,Nord-du-Quebec,-77.645888894641,50.940455561584,1531218521000
1591374574975667,Bas-Saint-Laurent,-67.195139,48.764002,1719669356000
888574516471937,Saguenay-Lac-Saint-Jean,-71.098967,48.249289,1722173241000
507716243701123,Abitibi-Temiscamingue,-77.370044360096,48.053431956789,1531240912000
514223249987172,Abitibi-Temiscamingue,-77.370303285124,48.055037965616,1531240906000
494387999661364,Gaspesie-Iles-de-la-Madeleine,-65.408942,48.934975,1719872003000
3556575324479679,Cote-Nord,-62.704436915619,50.319993476549,1752056312416
308553587485295,Abitibi-Temiscamingue,-77.360838890355,47.971391662168,1531241381000
270997962332319,Gaspesie-Iles-de-la-Madeleine,-65.20335,48.124892,1691315008000
1037092111175273,Gaspesie-Iles-de-la-Madeleine,-65.661626164226,49.032886366655,1719691611000
1308350590923339,Bas-Saint-Laurent,-67.070128803796,48.738995129938,1756755850000
673595160117752,Abitibi-Temiscamingue,-77.360742892508,47.980889701298,1531241345000
613605291510456,Cote-Nord,-61.451097619846,50.168314350562,1752064582416
1036420241518771,Bas-Saint-Laurent,-67.461405532198,48.594802391194,1719663472000
7870002863065754,Bas-Saint-Laurent,-67.032986,48.796756,1719670624000
2868204893444233,Abitibi-Temiscamingue,-77.34726917534,47.882511997648,1531241728000
859415619441765,Bas-Saint-Laurent,-67.036744,48.796144,1719670611000
947540896045918,Abitibi-Temiscamingue,-77.34437499367,47.888955559568,1531241702000
770241993674619,Bas-Saint-Laurent,-69.128859551138,47.692463459941,1406549075000
1525562308666972,Bas-Saint-Laurent,-68.988943727038,47.430041275923,1765202703906
683425464467976,Bas-Saint-Laurent,-67.52710739318,48.36459442795,1751113513000
229367938945471,Abitibi-Temiscamingue,-77.340175557683,47.903055998525,1531241648000
2001634477354044,Cote-Nord,-61.976962624023,50.229594438243,1752067029916
299427168297293,Abitibi-Temiscamingue,-77.341102658916,47.905084813147,1531241640000
1334886206898043,Abitibi-Temiscamingue,-78.792936103202,48.210905556471,1531066074000
1451935241818930,Abitibi-Temiscamingue,-78.790883280662,48.211427790513,1531066081000
1224044965859802,Gaspesie-Iles-de-la-Madeleine,-66.068155325958,48.643360063929,1751304659000
1488559755847722,Bas-Saint-Laurent,-66.092701797197,48.658601148352,1751305035000
1240414640908857,Bas-Saint-Laurent,-66.092735990282,48.659061001696,1751305410000
6518374478251281,Gaspesie-Iles-de-la-Madeleine,-65.17241,48.294737,1691317015000
234876405945564,Saguenay-Lac-Saint-Jean,-71.2492997,48.2559181,1685540093000
829420951832359,Gaspesie-Iles-de-la-Madeleine,-65.450230223018,48.041352634194,1691304638000
2620768991629950,Bas-Saint-Laurent,-68.905893020023,47.389305667009,1765203094896
1406566809904434,Gaspesie-Iles-de-la-Madeleine,-65.451267332838,48.040865848244,1691309106000
126103393891523,Gaspesie-Iles-de-la-Madeleine,-65.450123796956,48.041410411251,1691312674000
759245275851356,Saguenay-Lac-Saint-Jean,-70.631147490697,48.418444391479,1684498116000
294836423093768,Gaspesie-Iles-de-la-Madeleine,-65.450205414747,48.041350872659,1691139516000
839183571037529,Gaspesie-Iles-de-la-Madeleine,-65.627738,48.202235,1691160862000
1202084818339599,Bas-Saint-Laurent,-66.064037296368,48.639475405003,1751304621000
881173523845221,Gaspesie-Iles-de-la-Madeleine,-65.574279,49.080315,1719692107000
1912230296273789,Gaspesie-Iles-de-la-Madeleine,-65.599965,49.071414,1719691994000
274118195324413,Gaspesie-Iles-de-la-Madeleine,-64.928521,48.355201,1691329750000
674338311671768,Bas-Saint-Laurent,-67.0112423,48.7015232,1756757109000
1675672603096210,Bas-Saint-Laurent,-67.0196621,48.7099762,1756756610000
1189522463152933,Bas-Saint-Laurent,-69.451471028622,47.564790806524,1765143262655
771403556886179,Abitibi-Temiscamingue,-78.1140361065,48.607086111681,1531118130000
277666800672384,Abitibi-Temiscamingue,-78.113913890165,48.604052776056,1531118118000
977465929729024,Bas-Saint-Laurent,-69.108542847714,47.691087198688,1406549131000
1035379365338283,Bas-Saint-Laurent,-66.8321097,48.7947314,1756042887000
758755490301269,Bas-Saint-Laurent,-66.8338089,48.7808904,1756043706000
1180837747388977,Cote-Nord,-63.470190531446,51.114055447693,1749648545015
1143384383603628,Bas-Saint-Laurent,-66.697472,48.944463,1719674229000
1249141140176598,Cote-Nord,-63.470927514492,51.11423002701,1749640692488
303222485448461,Gaspesie-Iles-de-la-Madeleine,-65.578312,48.198047,1691145598000
4169290380013210,Cote-Nord,-63.589688218483,50.245072257753,1752052965250
4099849286960937,Cote-Nord,-63.346679510768,50.872388940042,1749562087111
980234923215250,Gaspesie-Iles-de-la-Madeleine,-65.433001167295,48.095511592357,1691308791000
716272074223462,Cote-Nord,-63.346103014943,50.872253212853,1749551088817
299004292788908,Gaspesie-Iles-de-la-Madeleine,-65.431592052861,48.0706346698,1691308944000
1016703325743097,Abitibi-Temiscamingue,-79.252424991516,48.019008322382,1531061698000
188835387541614,Gaspesie-Iles-de-la-Madeleine,-65.431166,48.070198,1691139683000
372836207400208,Abitibi-Temiscamingue,-79.25231111227,48.00981666609,1531061663000
139367602503701,Gaspesie-Iles-de-la-Madeleine,-65.435735,48.098846,1691313112000
804233180511031,Abitibi-Temiscamingue,-77.117720011113,48.913161798496,1531236057000
462986461642544,Abitibi-Temiscamingue,-77.117605562888,48.916766705486,1531236042000
1016029442744008,Gaspesie-Iles-de-la-Madeleine,-65.43339,48.095794,1691304928000
280644047066893,Nord-du-Quebec,-77.464705556676,49.800127780775,1531227887000
256538977180290,Gaspesie-Iles-de-la-Madeleine,-65.431185908772,48.070019081132,1691312843000
310110514095588,Nord-du-Quebec,-77.463897223352,49.800336110116,1531227885000
932149221442627,Saguenay-Lac-Saint-Jean,-70.630566509194,48.276238977234,1684506960000
306438291063812,Abitibi-Temiscamingue,-79.255055555556,47.865222222222,1531060835000
811948119733005,Abitibi-Temiscamingue,-79.257225000866,47.850333333677,1531060779000
483516457597271,Gaspesie-Iles-de-la-Madeleine,-65.430652229808,48.97231009325,1719751769000
1212672863409139,Cote-Nord,-63.25579938687,50.619910367865,1749565631921
754350089007361,Saguenay-Lac-Saint-Jean,-70.087126799972,48.1302608,1662565793000
1399714391268762,Cote-Nord,-63.255972667567,50.619902630875,1749544932224
1189962458823240,Gaspesie-Iles-de-la-Madeleine,-65.442046,48.970015,1719752232000
1075704874504093,Cote-Nord,-63.256508393649,50.619533546402,1749566106662
954233806388265,Gaspesie-Iles-de-la-Madeleine,-65.442091,48.972574,1719755012000
260039906834275,Gaspesie-Iles-de-la-Madeleine,-65.175983584016,48.354466745009,1691320115000
1375468152853203,Abitibi-Temiscamingue,-77.269841661433,47.659894440054,1531242743000
664818025258410,Gaspesie-Iles-de-la-Madeleine,-65.172411321645,48.348082226989,1691320060000
183312683659368,Abitibi-Temiscamingue,-77.267897345322,47.645366651902,1531242938000
4352640611412854,Abitibi-Temiscamingue,-77.268407178811,47.649439974972,1531242783000
477633953356651,Abitibi-Temiscamingue,-77.265709204667,47.633860895375,1531243016000
1017308382608275,Gaspesie-Iles-de-la-Madeleine,-65.629182,48.385942,1691158802000
1451181928998797,Gaspesie-Iles-de-la-Madeleine,-65.6201,48.373901,1691158884000
266147889241537,Saguenay-Lac-Saint-Jean,-70.4755031,48.433575,1684497629000
806296043331780,Abitibi-Temiscamingue,-77.945083333577,48.932855557199,1531119956000
365849151532906,Abitibi-Temiscamingue,-77.951430526751,48.947419428912,1531120014000
239898511765350,Gaspesie-Iles-de-la-Madeleine,-65.177215259061,48.397675526369,1691321020000
1132231851085038,Gaspesie-Iles-de-la-Madeleine,-65.176570359809,48.399678556661,1691322103000
1054965482949383,Gaspesie-Iles-de-la-Madeleine,-65.931733804826,49.113461384474,1751390761299
787408441891768,Abitibi-Temiscamingue,-79.219193285291,48.20599327478,1531062816000
1535632881149848,Cote-Nord,-62.9521571919,50.287958193505,1752055793291
706044058985982,Gaspesie-Iles-de-la-Madeleine,-65.93168990719,49.11337617368,1751390597935
165138142183205,Abitibi-Temiscamingue,-77.112533333457,48.627272222708,1531238086000
330862081789474,Abitibi-Temiscamingue,-79.214092396472,48.209776181666,1531062835000
1068402188591630,Gaspesie-Iles-de-la-Madeleine,-65.931682675283,49.113390935821,1751390580481
916397059141639,Abitibi-Temiscamingue,-77.106602776457,48.633780559041,1531238058000
2150663412092871,Gaspesie-Iles-de-la-Madeleine,-65.931784696071,49.113360198952,1751390670728
2572097092981553,Cote-Nord,-68.123440762347,51.32613030999,1728064003429
361118057085655,Cote-Nord,-68.123042185413,51.325511592044,1728063511285
1013734183492020,Gaspesie-Iles-de-la-Madeleine,-65.527965,49.099984,1719769177000
2996845927117352,Gaspesie-Iles-de-la-Madeleine,-65.532200228657,49.091343272241,1719692331000
1232114098958437,Gaspesie-Iles-de-la-Madeleine,-65.532179291724,49.091459895523,1751376502000
4284584714895671,Abitibi-Temiscamingue,-77.251538894058,47.624644444539,1531243067000
1879567739228308,Gaspesie-Iles-de-la-Madeleine,-66.12109,49.035858,1719687762000
3897098777053002,Abitibi-Temiscamingue,-77.259553450616,47.628261793718,1531243044000
491180330249240,Gaspesie-Iles-de-la-Madeleine,-65.150358,49.200164,1719870008000
600283028707485,Saguenay-Lac-Saint-Jean,-71.745014008229,48.421527825199,1683374261000
936325077579937,Saguenay-Lac-Saint-Jean,-71.759771874387,48.424310437827,1683374308000
191071710489795,Saguenay-Lac-Saint-Jean,-71.716744619838,48.416424283979,1683374173000
911944037331846,Gaspesie-Iles-de-la-Madeleine,-65.419304,48.958656,1719751392000
394229223763268,Gaspesie-Iles-de-la-Madeleine,-65.418392,48.948022,1719763261000
1814628695725990,Gaspesie-Iles-de-la-Madeleine,-65.418272881479,48.948340357936,1719837937000
3212360942199753,Abitibi-Temiscamingue,-77.331350009106,48.258533353845,1531240050000
246114450642084,Abitibi-Temiscamingue,-77.337411771554,48.249088699216,1531240090000
547404676245529,Abitibi-Temiscamingue,-79.323980558424,47.82718888927,1531060540000
135494001904821,Abitibi-Temiscamingue,-79.324744444444,47.827002777778,1531060538000
2210375935997737,Gaspesie-Iles-de-la-Madeleine,-65.329146,49.01329,1719841768000
6129313243854287,Saguenay-Lac-Saint-Jean,-71.103516502216,48.357788956222,1685538755000
487768155988643,Abitibi-Temiscamingue,-78.67911389732,48.225536109565,1531066367000
24334183666177194,Cote-Nord,-68.681288912138,49.703817793905,1751973638897
330889841801910,Abitibi-Temiscamingue,-78.67911389732,48.225536109565,1531066367000
1944351499708961,Gaspesie-Iles-de-la-Madeleine,-65.677863837775,48.372795953509,1751213769000
1241845013180457,Gaspesie-Iles-de-la-Madeleine,-65.678289,48.373701,1691156776000
177864357529600,Abitibi-Temiscamingue,-77.121802768736,48.855897213909,1531236329000
1072345354393558,Gaspesie-Iles-de-la-Madeleine,-65.678116758421,48.373280357715,1751210105000
786818768887330,Abitibi-Temiscamingue,-77.121802768652,48.855897213909,1531236329000
1288354511784410,Gaspesie-Iles-de-la-Madeleine,-65.649699,48.194184,1691147793000
498461414626058,Abitibi-Temiscamingue,-78.114119450692,48.676149998901,1531118433000
125847326665556,Gaspesie-Iles-de-la-Madeleine,-66.06899613417,48.923127753879,1645464489155
512074953301924,Abitibi-Temiscamingue,-78.114109328781,48.675734180302,1531118429000
448100694848450,Gaspesie-Iles-de-la-Madeleine,-65.029431,49.031243,1719844128000
183483486872032,Abitibi-Temiscamingue,-77.306952779988,48.300994440516,1531239880000
507043343645914,Abitibi-Temiscamingue,-77.302663888124,48.331166681108,1531239760000
8532999193393969,Gaspesie-Iles-de-la-Madeleine,-64.521769665107,48.831013908926,1719856071000
148485437285209,Abitibi-Temiscamingue,-77.307708332882,48.298880555433,1531239888000
210265960641984,Abitibi-Temiscamingue,-77.302030356155,48.332055612273,1531239755000
1006481467597319,Gaspesie-Iles-de-la-Madeleine,-64.522724683467,48.831254771782,1719856078000
925666564885238,Abitibi-Temiscamingue,-77.306974210106,48.320626554746,1531239802000
1037956111799944,Gaspesie-Iles-de-la-Madeleine,-66.046115367245,48.756424095127,1751312375000
3770413996390663,Abitibi-Temiscamingue,-77.30653214692,48.321149088508,1531239800000
1766989707505268,Gaspesie-Iles-de-la-Madeleine,-66.047317132833,48.747859872863,1751311705000
264953029239036,Saguenay-Lac-Saint-Jean,-70.291831697496,48.215564522752,1684508181000
1877426716154484,Gaspesie-Iles-de-la-Madeleine,-66.045987995349,48.756447000185,1751311951000
225399375591390,Abitibi-Temiscamingue,-79.254019417832,48.094602711311,1531062296000
458327648607626,Abitibi-Temiscamingue,-79.253699998688,48.093650001099,1531062293000
818620242409010,Abitibi-Temiscamingue,-79.258666666613,48.107455555578,1531062346000
1016729105986117,Gaspesie-Iles-de-la-Madeleine,-65.149504594213,48.405782314693,1691323366000
1041026500644331,Gaspesie-Iles-de-la-Madeleine,-65.149524,48.405633,1691323270000
804295280821613,Saguenay-Lac-Saint-Jean,-70.393110891163,48.247293475116,1684507854000
235786985763405,Saguenay-Lac-Saint-Jean,-70.384804395551,48.244224410566,1684507878000
208546484407675,Abitibi-Temiscamingue,-77.270915081465,47.675093127235,1531242685000
374958380471664,Abitibi-Temiscamingue,-77.273244450708,47.671450007973,1531242700000
1447257339622060,Gaspesie-Iles-de-la-Madeleine,-66.08895758274,48.703398437146,1751311183000
1070248990050962,Abitibi-Temiscamingue,-78.114127779527,48.723322222346,1531118653000
700419606316691,Gaspesie-Iles-de-la-Madeleine,-65.680178180527,49.18813147953,1751378721000
218455243074972,Abitibi-Temiscamingue,-78.114088888889,48.738963888889,1531118715000
1540514363563151,Gaspesie-Iles-de-la-Madeleine,-65.67437,49.185007,1719770700000
6024573011004809,Saguenay-Lac-Saint-Jean,-71.404384503766,47.960012274502,1687687885000
833493254838905,Saguenay-Lac-Saint-Jean,-71.414779540407,47.974279220798,1694788205000
807388180192580,Abitibi-Temiscamingue,-77.384811111485,48.122763889748,1531240599000
1932516737105490,Saguenay-Lac-Saint-Jean,-71.415345882205,47.975123427699,1683371998000
376500790388565,Abitibi-Temiscamingue,-77.087680495832,48.736980731767,1531237658000
351924717929745,Gaspesie-Iles-de-la-Madeleine,-64.52665,48.863616,1719848077000
833559672037611,Gaspesie-Iles-de-la-Madeleine,-65.840946,48.887603,1719785870000
199375015191053,Abitibi-Temiscamingue,-77.386777777167,48.119788887015,1531240611000
297606865354676,Abitibi-Temiscamingue,-77.085036111223,48.730230550989,1531237684000
847199330641527,Gaspesie-Iles-de-la-Madeleine,-65.838482,48.858579,1719786056000
1466394203999040,Gaspesie-Iles-de-la-Madeleine,-65.825233,48.851355,1719786124000
3851577065153863,Gaspesie-Iles-de-la-Madeleine,-66.052512512455,48.731016480886,1751311511000
858798992334138,Saguenay-Lac-Saint-Jean,-70.281261638252,48.213299868415,1684508223000
395666603494424,Gaspesie-Iles-de-la-Madeleine,-64.9738,49.178196,1719866859000
1859621594546740,Gaspesie-Iles-de-la-Madeleine,-65.624944,49.165868,1719770380000
1068332368130583,Gaspesie-Iles-de-la-Madeleine,-65.627331875548,49.164123407108,1751378172000
1538477977102001,Gaspesie-Iles-de-la-Madeleine,-65.841237,48.938766,1719785360000
776181850584786,Saguenay-Lac-Saint-Jean,-70.561086548518,48.278163829496,1684507276000
1485726509490499,Gaspesie-Iles-de-la-Madeleine,-65.790864893127,48.988047811992,1719690863000
497473849466641,Gaspesie-Iles-de-la-Madeleine,-66.427023497353,49.025825281171,1719683503000
298270778433196,Abitibi-Temiscamingue,-77.359573999449,47.930724060823,1531241534000
1590746544649428,Abitibi-Temiscamingue,-77.359574015119,47.930724061485,1531241534000
2455638261252594,Saguenay-Lac-Saint-Jean,-72.040262485892,48.430449389433,1683375385000
242665678770692,Saguenay-Lac-Saint-Jean,-72.038688239205,48.430187255226,1694796769000
3793239090900884,Gaspesie-Iles-de-la-Madeleine,-65.810573,48.98763,1719690785000
487304057287730,Gaspesie-Iles-de-la-Madeleine,-65.359019,48.957629,1719871753000
162097440011236,Saguenay-Lac-Saint-Jean,-71.24036650673,48.190820035582,1685540345000
273740111079821,Abitibi-Temiscamingue,-77.160283337383,48.529200006043,1531238482000
1134779133655976,Abitibi-Temiscamingue,-77.172053657251,48.505124511075,1531238582000
2049865495152609,Nord-du-Quebec,-77.550313894654,51.086508334372,1531217842000
139917194821199,Abitibi-Temiscamingue,-77.942258332662,48.874049997058,1531119738000
3126128327703825,Nord-du-Quebec,-77.550317378703,51.086183481917,1507906545640
891371171446550,Abitibi-Temiscamingue,-77.942586114692,48.875605561513,1531119744000
288881679620992,Nord-du-Quebec,-77.549741674924,51.07781944318,1531217884000
1566978660165498,Abitibi-Temiscamingue,-79.422965199015,47.685604941449,1531059792000
303725088830113,Gaspesie-Iles-de-la-Madeleine,-65.207707,48.227416,1691316464000
640791034188310,Saguenay-Lac-Saint-Jean,-70.868433767133,48.123816984559,1685536591000
2532549477038962,Abitibi-Temiscamingue,-79.422941666667,47.677061111111,1531059760000
128985809261416,Abitibi-Temiscamingue,-78.920797226831,48.214291667199,1531065722000
1379482506054791,Gaspesie-Iles-de-la-Madeleine,-65.055554,49.210054,1719867527000
5366297163440720,Abitibi-Temiscamingue,-78.937418254375,48.21517198723,1531065676000
797456164479392,Abitibi-Temiscamingue,-77.089404992774,47.450817001532,1531243921000
308759463961204,Abitibi-Temiscamingue,-77.088827461193,47.450457017589,1531243923000
289448262812932,Abitibi-Temiscamingue,-77.360938889563,47.940449990552,1531241497000
1133401034584334,Gaspesie-Iles-de-la-Madeleine,-65.27419,49.050177,1719842153000
815802512648154,Nord-du-Quebec,-78.238059854452,52.193616006005,1531203216000
812354877661689,Gaspesie-Iles-de-la-Madeleine,-65.274304041746,49.050357903213,1719871155000
378802886699574,Abitibi-Temiscamingue,-77.360938889498,47.940449990531,1531241497000
388123622308478,Nord-du-Quebec,-78.240263914425,52.194674980906,1531203208000
866669411456970,Gaspesie-Iles-de-la-Madeleine,-65.630287,48.387466,1691158792000
1919366021577415,Abitibi-Temiscamingue,-77.153630545635,47.567236082025,1531243438000
2083963058479869,Saguenay-Lac-Saint-Jean,-70.060223399829,48.346626001125,1684496416000
465729824717513,Abitibi-Temiscamingue,-77.151439171733,47.560770760662,1531243462000
6405188169524408,Saguenay-Lac-Saint-Jean,-70.070404661996,48.34634807453,1684496450000
921606632445650,Saguenay-Lac-Saint-Jean,-71.239326548736,48.124455798311,1685540594000
526838988311357,Abitibi-Temiscamingue,-79.438130926194,47.517445806124,1531057423000
461355346833938,Gaspesie-Iles-de-la-Madeleine,-65.270491258565,49.067433402379,1719871075000
325896618871573,Abitibi-Temiscamingue,-79.438170633002,47.515908790144,1531057417000
1225725188467808,Gaspesie-Iles-de-la-Madeleine,-65.270384,49.067551,1719842231000
1419780565471282,Saguenay-Lac-Saint-Jean,-70.020089757326,48.100861719623,1684509469000
793743465649471,Saguenay-Lac-Saint-Jean,-70.109098733344,48.353915964881,1684496578000
1212501865981251,Saguenay-Lac-Saint-Jean,-70.0204205,48.1003028,1662566408000
173650584553216,Abitibi-Temiscamingue,-79.006772943564,48.22658196974,1531065095000
1073958357466646,Gaspesie-Iles-de-la-Madeleine,-65.653323409217,48.340430649168,1751215439000
2292506587547787,Abitibi-Temiscamingue,-79.006820325816,48.226593379249,1531065091000
1222927638413528,Saguenay-Lac-Saint-Jean,-70.589180003438,48.411873289278,1684497999000
3484974778412041,Saguenay-Lac-Saint-Jean,-70.575391855506,48.410191854879,1684497961000
1620477338801952,Gaspesie-Iles-de-la-Madeleine,-66.392614,49.023283,1719683833000
199934316256688,Saguenay-Lac-Saint-Jean,-70.416020562274,48.256370462268,1684507766000
536525257512321,Nord-du-Quebec,-77.476477784231,49.798983335519,1531227915000
191901222771320,Nord-du-Quebec,-77.472227792959,49.799047225082,1531227905000
755760039684626,Gaspesie-Iles-de-la-Madeleine,-65.669087,48.329931,1691155316000
1408800080390430,Gaspesie-Iles-de-la-Madeleine,-65.662512369306,48.339770802623,1751215339000
1252985516354014,Gaspesie-Iles-de-la-Madeleine,-65.661288615897,48.338775100408,1751205712000
747696854425083,Gaspesie-Iles-de-la-Madeleine,-65.689988031685,48.323973018702,1751205205000
557288206584553,Saguenay-Lac-Saint-Jean,-71.075752598789,48.389079795134,1684500681000
577713247824091,Saguenay-Lac-Saint-Jean,-71.09364,48.373175,1685538680000
772660968402697,Gaspesie-Iles-de-la-Madeleine,-65.569178,49.136182,1719769659000
1308095030082423,Gaspesie-Iles-de-la-Madeleine,-65.183730701659,48.147990056889,1691315414000
1387101521836794,Gaspesie-Iles-de-la-Madeleine,-65.187205,48.130079,1691315108000
203128234805809,Abitibi-Temiscamingue,-78.061627745017,48.763616657471,1531118953000
2426603627483060,Abitibi-Temiscamingue,-78.07992497698,48.763644444176,1531118905000
1195778991855697,Gaspesie-Iles-de-la-Madeleine,-65.164706866759,49.177990115402,1719870133000
2463925210427916,Saguenay-Lac-Saint-Jean,-70.105617759203,48.200285530408,1684508795000
3576851105794775,Gaspesie-Iles-de-la-Madeleine,-65.474573535257,49.002035195477,1719840103000
886063480214684,Gaspesie-Iles-de-la-Madeleine,-65.456036,49.015789,1719840742000
401147550846917,Nord-du-Quebec,-77.396308368403,51.347174984842,1531216485000
2548599265434668,Nord-du-Quebec,-77.396977781289,51.347433333976,1531137411000
1010588760946698,Gaspesie-Iles-de-la-Madeleine,-65.603529142862,48.320712259714,1751216001000
508406733509435,Nord-du-Quebec,-77.400808354796,51.348424978561,1531216473000
637753221819605,Saguenay-Lac-Saint-Jean,-72.123944466956,48.339453767196,1694799625000
790450951606677,Nord-du-Quebec,-77.396309677996,51.34717153185,1531216485000
308640594848824,Saguenay-Lac-Saint-Jean,-72.1241431,48.3393081,1687692688000
781884619401754,Nord-du-Quebec,-77.396977781289,51.347433333976,1531137411000
630582088511100,Saguenay-Lac-Saint-Jean,-72.132120989044,48.330565002333,1683376993000
864153685224112,Gaspesie-Iles-de-la-Madeleine,-65.077518,48.411498,1691327892000
1680804672350843,Saguenay-Lac-Saint-Jean,-72.128755980897,48.335700295246,1683376961000
1202650886858390,Nord-du-Quebec,-77.396871973542,51.347345396359,1507909682588
981234099587068,Gaspesie-Iles-de-la-Madeleine,-65.060195,48.407112,1691328221000
967926364492860,Gaspesie-Iles-de-la-Madeleine,-65.480655,48.17919,1691143183000
110117361146407,Abitibi-Temiscamingue,-79.389752777778,47.815833333333,1531060367000
293414865701663,Nord-du-Quebec,-77.4184477755,51.352258537758,1531137465000
1058000798911749,Gaspesie-Iles-de-la-Madeleine,-65.492264,48.189432,1691143447000
736789753666134,Abitibi-Temiscamingue,-79.37886666601,47.817105557336,1531060396000
1216145373531128,Cote-Nord,-68.653919641174,49.687644728234,1751968362590
211124817260314,Abitibi-Temiscamingue,-79.356527777778,47.174852777778,1531054687000
210394127256957,Abitibi-Temiscamingue,-77.960738884549,49.001355555548,1531120236000
2931888770426888,Abitibi-Temiscamingue,-79.367688883683,47.165633335514,1531054637000
371179337553508,Abitibi-Temiscamingue,-77.96196666276,49.009402744781,1531120266000
1428704281318475,Gaspesie-Iles-de-la-Madeleine,-65.165916,48.325125,1691317709000
1022611685823894,Gaspesie-Iles-de-la-Madeleine,-65.172354,48.310146,1691317197000
463607111372457,Nord-du-Quebec,-77.558036056521,49.784083392991,1531228125000
456067917281437,Gaspesie-Iles-de-la-Madeleine,-64.82001,48.994358,1719846333000
330367945193665,Nord-du-Quebec,-77.554305556437,49.78793888565,1531228107000
272487628823144,Gaspesie-Iles-de-la-Madeleine,-65.027864,48.40071,1691328555000
332526292230643,Gaspesie-Iles-de-la-Madeleine,-66.118647346019,48.930742356242,1645472734606
1021560838990609,Gaspesie-Iles-de-la-Madeleine,-65.133245,49.207086,1719869677000
1241878153855528,Gaspesie-Iles-de-la-Madeleine,-65.143880514627,49.207656943591,1719869967000
1409604550322616,Cote-Nord,-61.617520414828,50.164121687773,1752065311208
3979987472147824,Gaspesie-Iles-de-la-Madeleine,-65.570004638231,48.294956211295,1751217012000
1020058395662577,Gaspesie-Iles-de-la-Madeleine,-65.576782,48.30099,1691160115000
540017153677139,Abitibi-Temiscamingue,-79.248891666869,48.031316662226,1531061748000
1129408885677994,Gaspesie-Iles-de-la-Madeleine,-65.585943988163,48.302977055076,1751216325000
212015224063112,Abitibi-Temiscamingue,-79.248586096676,48.032002777125,1531061752000
585065353833951,Gaspesie-Iles-de-la-Madeleine,-65.593974,48.352088,1691159062000
1431175794381788,Saguenay-Lac-Saint-Jean,-70.597009077016,48.413384400722,1684498021000
618454746219429,Abitibi-Temiscamingue,-77.133383333708,48.891283333904,1531236155000
846273289644321,Abitibi-Temiscamingue,-77.131373610349,48.900145382659,1531236119000
1455396178578558,Gaspesie-Iles-de-la-Madeleine,-65.659496,48.242057,1691148548000
1328009877796475,Gaspesie-Iles-de-la-Madeleine,-65.463606300639,48.034549685919,1691309147000
1440152339890061,Gaspesie-Iles-de-la-Madeleine,-65.462183652496,48.035264174109,1691304599000
1003233964454497,Gaspesie-Iles-de-la-Madeleine,-65.465669996059,48.033450001624,1691139453000
304576668654153,Gaspesie-Iles-de-la-Madeleine,-65.462190922164,48.035130151988,1691312616000
283753747592431,Gaspesie-Iles-de-la-Madeleine,-65.205722,48.3529,1691320269000
1062323665861804,Gaspesie-Iles-de-la-Madeleine,-65.568360969248,49.099020795413,1751376760000
24065911196433658,Cote-Nord,-62.249423939554,50.251458983833,1752058158291
1425202128239426,Saguenay-Lac-Saint-Jean,-70.8295881386,48.111767708052,1685536472000
497939581559899,Abitibi-Temiscamingue,-77.18205833443,48.477788889659,1531238693000
153651580095396,Abitibi-Temiscamingue,-77.182405710163,48.47994113414,1531238685000
108489224637648,Abitibi-Temiscamingue,-77.220781123565,48.413663651516,1531238973000
10069467169760718,Gaspesie-Iles-de-la-Madeleine,-65.175269130753,48.135721049016,1691315215000
518259106082489,Abitibi-Temiscamingue,-77.212752778541,48.425305554254,1531238917000
771031153598264,Abitibi-Temiscamingue,-77.298858344626,48.335197210682,1531239741000
1293226124663898,Gaspesie-Iles-de-la-Madeleine,-65.179661663836,48.132562755689,1691315152000
168715865065955,Abitibi-Temiscamingue,-77.297472798074,48.336546078139,1531239736000
1482781135960748,Gaspesie-Iles-de-la-Madeleine,-66.376237,49.029886,1719683935000
291651402506795,Abitibi-Temiscamingue,-77.272313893053,47.706583347257,1531242561000
1706070410140331,Saguenay-Lac-Saint-Jean,-71.129596673753,48.091164390716,1722175144000
1278958639173705,Abitibi-Temiscamingue,-77.27242221141,47.70601946381,1531242563000
4872109739556752,Saguenay-Lac-Saint-Jean,-70.274955099972,48.106232499972,1662558007000
935031183950967,Abitibi-Temiscamingue,-77.371276836344,48.040889805489,1531240960000
605792761272193,Saguenay-Lac-Saint-Jean,-70.2826531,48.123836599972,1662558167000
209051527413628,Abitibi-Temiscamingue,-77.360547222178,48.020838891308,1531241043000
318088246576561,Abitibi-Temiscamingue,-79.438155414027,47.472333310285,1531057246000
1014257773249819,Gaspesie-Iles-de-la-Madeleine,-65.689981944799,48.257180966924,1691149437000
1855970864581766,Abitibi-Temiscamingue,-79.438145290456,47.472625329958,1531057247000
618553393747976,Gaspesie-Iles-de-la-Madeleine,-65.596858821827,48.181103313883,1691146242000
2278931779191556,Gaspesie-Iles-de-la-Madeleine,-65.675415458424,48.365050119732,1751210009000
1098121948857926,Gaspesie-Iles-de-la-Madeleine,-65.663044866849,48.340410023469,1751205736000
2548738125290467,Gaspesie-Iles-de-la-Madeleine,-65.663245,48.340627,1691155563000
1717646745781252,Gaspesie-Iles-de-la-Madeleine,-65.662867049843,48.340136031339,1751215335000
6097234323722904,Saguenay-Lac-Saint-Jean,-71.250593723773,48.101956037921,1685540684000
1190078039560530,Cote-Nord,-63.250768822534,50.480658436528,1749541912425
446076251589005,Gaspesie-Iles-de-la-Madeleine,-66.329131,49.049775,1719684177000
1249056479135531,Gaspesie-Iles-de-la-Madeleine,-65.675488,48.364877,1691156658000
1274417120884654,Cote-Nord,-63.25088317337,50.480804776889,1749568935720
590064150828982,Gaspesie-Iles-de-la-Madeleine,-65.675416795867,48.365026363052,1751213845000
1243815893888716,Cote-Nord,-63.250073552229,50.480381061268,1752074380916
1073284948276460,Cote-Nord,-63.255039927561,50.490913676596,1749568024673
756975497028430,Cote-Nord,-63.251330978891,50.480430557513,1752076430458
299975542632617,Gaspesie-Iles-de-la-Madeleine,-65.455702901117,48.153446521689,1691307908000
612767107611749,Gaspesie-Iles-de-la-Madeleine,-65.476905,48.130222,1691305699000
487626183735610,Gaspesie-Iles-de-la-Madeleine,-65.188845,49.149776,1719870350000
327300729651603,Gaspesie-Iles-de-la-Madeleine,-65.450042,48.153196,1691141325000
478178598194391,Gaspesie-Iles-de-la-Madeleine,-65.201448,49.137417,1719842784000
654908493249027,Gaspesie-Iles-de-la-Madeleine,-65.451211,48.153831,1691307928000
1208381907241266,Gaspesie-Iles-de-la-Madeleine,-65.200314881958,49.138208515262,1719870463000
807911474262517,Saguenay-Lac-Saint-Jean,-70.816435841273,48.031903769491,1685536116000
308729510632224,Abitibi-Temiscamingue,-79.292272151791,47.827483333227,1531060621000
309771363890764,Abitibi-Temiscamingue,-79.28184444407,47.011958333928,1531053550000
194782912465950,Abitibi-Temiscamingue,-79.282744443751,47.006572221631,1531053528000
834091870559891,Abitibi-Temiscamingue,-79.288336111111,47.827441666667,1531060631000
250704540073313,Abitibi-Temiscamingue,-79.249091668775,47.896600013105,1531060955000
2001653259983590,Abitibi-Temiscamingue,-77.15070834333,48.556711110575,1531238374000
294558128809184,Abitibi-Temiscamingue,-79.249091666667,47.8966,1531060955000
482552213075918,Abitibi-Temiscamingue,-77.159925019299,48.531794379156,1531238473000
490357305497302,Abitibi-Temiscamingue,-77.122533332759,48.797566668648,1531236577000
173577141214038,Abitibi-Temiscamingue,-77.122533332843,48.797566668648,1531236577000
683828820566167,Gaspesie-Iles-de-la-Madeleine,-65.183322533465,49.181466940716,1719870199000
194322305864021,Abitibi-Temiscamingue,-77.113136126392,47.497800026312,1531243732000
1033353511841560,Gaspesie-Iles-de-la-Madeleine,-65.28059,49.00903,1719871343000
507646173919131,Abitibi-Temiscamingue,-77.110381399425,47.495141623307,1531243744000
2111325879198514,Gaspesie-Iles-de-la-Madeleine,-65.196737,48.203671,1691316299000
2217959678551598,Gaspesie-Iles-de-la-Madeleine,-65.283246342639,49.028233632109,1719842033000
315606607569091,Gaspesie-Iles-de-la-Madeleine,-65.195693335604,48.191264901662,1691316033000
1011682883385911,Gaspesie-Iles-de-la-Madeleine,-65.282807,49.029744,1719842056000
755418108509318,Abitibi-Temiscamingue,-77.933736113343,48.840844443438,1531119608000
1802066793306338,Abitibi-Temiscamingue,-77.934813885697,48.848166663538,1531119636000
410079437877526,Saguenay-Lac-Saint-Jean,-70.050757599972,48.138421299972,1662565353000
1168741811061813,Gaspesie-Iles-de-la-Madeleine,-65.669189,49.028034,1719691553000
821710736592715,Gaspesie-Iles-de-la-Madeleine,-65.684247,49.025702,1719691474000
124030227440347,Gaspesie-Iles-de-la-Madeleine,-65.502465,48.190522,1691143546000
3569138566555514,Saguenay-Lac-Saint-Jean,-73.278700499051,48.29768812344,1754233043000
508225810535229,Abitibi-Temiscamingue,-76.974212579306,47.375222470769,1531244355000
1301454551499050,Saguenay-Lac-Saint-Jean,-73.288814534504,48.308438740148,1754231507000
730097026592484,Saguenay-Lac-Saint-Jean,-73.288778999642,48.308313000039,1754231629000
1666664210185553,Abitibi-Temiscamingue,-76.972896992567,47.374305794588,1531244361000
188566226323877,Abitibi-Temiscamingue,-78.408111116424,48.23165000237,1531067069000
1899404634177854,Saguenay-Lac-Saint-Jean,-73.266290396453,48.292622103661,1754233455147
513811136655541,Abitibi-Temiscamingue,-78.405783331497,48.230394442739,1531067077000
196676735486151,Abitibi-Temiscamingue,-79.435805149137,47.318291534875,1531056374000
3704805406298131,Abitibi-Temiscamingue,-79.435805805878,47.318292865934,1531056374000
181043010453580,Abitibi-Temiscamingue,-79.249944444444,48.199647222222,1531062734000
552335769482487,Abitibi-Temiscamingue,-79.249236060438,48.199900020294,1531062737000
1128676574314136,Abitibi-Temiscamingue,-79.443453341291,47.402782848313,1531056880000
783754360629343,Gaspesie-Iles-de-la-Madeleine,-65.737334,48.999787,1719691183000
1181654865617738,Abitibi-Temiscamingue,-79.444241672288,47.405061110915,1531056890000
773140924712505,Gaspesie-Iles-de-la-Madeleine,-65.090243,49.202065,1719869455000
371370727557745,Abitibi-Temiscamingue,-79.422635016956,47.635055337043,1531059588000
230459335515224,Abitibi-Temiscamingue,-79.422805555556,47.650180555556,1531059652000
176274904274438,Abitibi-Temiscamingue,-77.363858334526,48.16734166166,1531240423000
486230619488627,Abitibi-Temiscamingue,-77.04168610259,47.437650004429,1531244053000
371278664288873,Abitibi-Temiscamingue,-77.364036109412,48.166258335634,1531240427000
817554335523436,Abitibi-Temiscamingue,-77.05892644353,47.44353755442,1531244003000
3795058513875036,Abitibi-Temiscamingue,-76.959555408382,47.354337975901,1531244445000
607640010121257,Abitibi-Temiscamingue,-76.958763941385,47.352869920898,1531244451000
1393980098478026,Cote-Nord,-63.301890203526,50.69775629393,1749564527274
1487742282228732,Saguenay-Lac-Saint-Jean,-73.300149017414,48.281683455122,1754229530000
546891991691891,Cote-Nord,-63.301723310684,50.697989984176,1749548301468
251053011143182,Gaspesie-Iles-de-la-Madeleine,-65.612509,48.27914,1691160351000
681590494924254,Saguenay-Lac-Saint-Jean,-73.303489388164,48.282693728314,1754232695000
291117595900732,Abitibi-Temiscamingue,-77.930563890515,48.829538896942,1531119564000
466277577813793,Abitibi-Temiscamingue,-77.930425000182,48.829066660868,1531119562000
482748242946391,Nord-du-Quebec,-77.564108326032,50.582136109243,1531222298000
1987307214741034,Nord-du-Quebec,-77.563802787302,50.581780560414,1531222300000
3812827212327508,Gaspesie-Iles-de-la-Madeleine,-64.930745,49.006742,1719844497000
660324863023717,Cote-Nord,-63.039932378968,50.315862298405,1752055093833
1020827975549569,Saguenay-Lac-Saint-Jean,-71.64065382513,48.189146565962,1683373113000
3636554180008218,Gaspesie-Iles-de-la-Madeleine,-64.878891,49.144784,1719865956000
1141960359563117,Abitibi-Temiscamingue,-78.572722618438,48.234861244366,1531066635000
154110756661915,Abitibi-Temiscamingue,-78.565534307092,48.233982447651,1531066653000
442580532075879,Gaspesie-Iles-de-la-Madeleine,-64.700234,48.96849,1719862879000
287375473098484,Abitibi-Temiscamingue,-78.404577775113,48.229752777913,1531067081000
1590196675095753,Gaspesie-Iles-de-la-Madeleine,-64.703145,48.953993,1719847055000
2214713372228971,Gaspesie-Iles-de-la-Madeleine,-64.700158,48.952755,1719847068000
524446378574445,Abitibi-Temiscamingue,-78.401633337242,48.228177777042,1531067091000
1046136397511759,Gaspesie-Iles-de-la-Madeleine,-65.122026,49.105889,1719843298000
1143932326938447,Gaspesie-Iles-de-la-Madeleine,-64.753012,48.962697,1719846834000
876392646558769,Abitibi-Temiscamingue,-77.946677778938,48.984358334374,1531120160000
1919189361579876,Abitibi-Temiscamingue,-77.950225001328,48.991255555747,1531120190000
278531054610281,Saguenay-Lac-Saint-Jean,-70.690658207263,48.307863661416,1684506746000
604608071064327,Saguenay-Lac-Saint-Jean,-70.282903,48.084488,1662557812000
806280284819987,Gaspesie-Iles-de-la-Madeleine,-65.254425,49.129234,1719842579000
601317002212048,Gaspesie-Iles-de-la-Madeleine,-65.19936,48.260282,1691316653000
2677629052537570,Abitibi-Temiscamingue,-77.104401270491,48.759569447323,1531237563000
1175849526794358,Gaspesie-Iles-de-la-Madeleine,-65.254404245031,49.127391871015,1719870720000
2862941590625775,Abitibi-Temiscamingue,-77.103896669095,48.75913511457,1531237565000
1574446090085336,Gaspesie-Iles-de-la-Madeleine,-65.249483,49.120813,1719842532000
390151953566807,Gaspesie-Iles-de-la-Madeleine,-64.790708,49.099546,1719865007000
858281272811037,Gaspesie-Iles-de-la-Madeleine,-64.818699,49.119915,1719865229000
482669126270074,Nord-du-Quebec,-77.427016666443,51.229627767403,1531217053000
815629952419988,Nord-du-Quebec,-77.429176561145,51.217046305728,1507908129688
112009187600038,Abitibi-Temiscamingue,-77.269097427145,47.678235590302,1531242673000
781012067805222,Gaspesie-Iles-de-la-Madeleine,-66.13582198366,48.700698250017,1751310813000
551928343879270,Cote-Nord,-68.003418188199,51.760016429783,1728067937000
147632317372835,Nord-du-Quebec,-77.437549565428,51.224592090388,1531217134000
470918490687791,Abitibi-Temiscamingue,-76.86277139596,47.309201419589,1531244799000
465952764512137,Abitibi-Temiscamingue,-77.265508331286,47.684838897201,1531242647000
483312160908518,Gaspesie-Iles-de-la-Madeleine,-65.823666,48.936224,1719785469000
2538300792995648,Saguenay-Lac-Saint-Jean,-70.023058521417,48.334851804151,1684496298000
3865521566835507,Abitibi-Temiscamingue,-76.859156412589,47.308260904601,1531244809000
612098663006978,Nord-du-Quebec,-77.429113878864,51.217016672564,1531136485000
459051543551261,Gaspesie-Iles-de-la-Madeleine,-65.82426,48.910904,1719785695000
149812923775742,Nord-du-Quebec,-77.437762305047,51.224594359484,1531217136000
2891074784494375,Abitibi-Temiscamingue,-76.854805338788,47.300539221988,1531244847000
3093066777501115,Nord-du-Quebec,-77.432577779012,51.223977755687,1531136579000
960870141366310,Abitibi-Temiscamingue,-76.85491146989,47.301014939742,1531244845000
2513295538859565,Gaspesie-Iles-de-la-Madeleine,-64.759393,49.053152,1719863969000
1022177902589875,Gaspesie-Iles-de-la-Madeleine,-64.758836,49.030658,1719863685000
527595308242276,Abitibi-Temiscamingue,-77.179897088021,48.468188912518,1531238731000
253057374238618,Gaspesie-Iles-de-la-Madeleine,-64.837903,48.364282,1691330370000
921607398624483,Abitibi-Temiscamingue,-79.442472222222,47.372680555556,1531056746000
986399638831826,Abitibi-Temiscamingue,-77.179480562358,48.469783331424,1531238725000
473315390673361,Abitibi-Temiscamingue,-79.436696188966,47.360937106915,1531056696000
481596210823153,Saguenay-Lac-Saint-Jean,-71.136511611067,48.314299291346,1685539721000
1597078980780530,Saguenay-Lac-Saint-Jean,-71.132809297743,48.317824902487,1685538951000
1002922157975000,Gaspesie-Iles-de-la-Madeleine,-65.541140580714,48.992230441257,1719692853000
778902300774917,Gaspesie-Iles-de-la-Madeleine,-65.542737,48.998531,1719768749000
1257413202423851,Gaspesie-Iles-de-la-Madeleine,-66.034986877046,48.714917164356,1751312930000
208793934388051,Abitibi-Temiscamingue,-79.28845833346,47.057800000068,1531054104000
1382925805417081,Abitibi-Temiscamingue,-79.289061107277,47.058169444973,1531054106000
375360403807467,Abitibi-Temiscamingue,-77.362616672726,48.174863828596,1531240396000
519567105893175,Abitibi-Temiscamingue,-77.362791666156,48.173788876806,1531240399000
968037051143082,Gaspesie-Iles-de-la-Madeleine,-65.632184906702,48.18985322064,1691147715000
284380594720090,Gaspesie-Iles-de-la-Madeleine,-65.664049,49.178105,1719770611000
958635885195493,Gaspesie-Iles-de-la-Madeleine,-65.418444,48.173707,1691142564000
1509892423081156,Gaspesie-Iles-de-la-Madeleine,-65.412365063632,48.160271764783,1691141677000
1248416916175374,Saguenay-Lac-Saint-Jean,-71.120805,48.27508,1722172993000
1688946018571470,Saguenay-Lac-Saint-Jean,-71.105111032601,48.258413184177,1722173145000
1142513113648133,Gaspesie-Iles-de-la-Madeleine,-65.330038,48.978012,1719871620000
415761847724949,Saguenay-Lac-Saint-Jean,-71.129812504486,48.412954437387,1692788779654
942371026588461,Abitibi-Temiscamingue,-79.261756583608,47.952212605533,1531061445000
579263290997875,Saguenay-Lac-Saint-Jean,-70.928606218569,48.454959006851,1684498986000
151619440176593,Abitibi-Temiscamingue,-79.263940573035,47.946637124293,1531061423000
607272551355615,Saguenay-Lac-Saint-Jean,-70.921106369483,48.45627665591,1684498961000
505878155211856,Gaspesie-Iles-de-la-Madeleine,-66.177521129406,49.03596599781,1719685390000
1631734584160238,Gaspesie-Iles-de-la-Madeleine,-65.958913981817,48.523703591242,1751298642000
1017957039385301,Gaspesie-Iles-de-la-Madeleine,-65.181485272605,48.281810370824,1691316861000
1160910151772441,Gaspesie-Iles-de-la-Madeleine,-64.573425,48.879368,1719847890000
758124859272138,Saguenay-Lac-Saint-Jean,-72.090663074377,48.400837973032,1683376697000
1128334778253272,Gaspesie-Iles-de-la-Madeleine,-64.555386129179,48.877813024329,1719862131000
822899208881742,Saguenay-Lac-Saint-Jean,-72.091198057061,48.400334102346,1687692432000
267326966226613,Saguenay-Lac-Saint-Jean,-72.09072577264,48.400622546228,1694799375000
422672294104366,Gaspesie-Iles-de-la-Madeleine,-64.764552,49.089661,1719864826000
546856720052309,Abitibi-Temiscamingue,-77.924688888889,48.796866666667,1531119436000
1137250143421049,Abitibi-Temiscamingue,-77.92468887714,48.796866658752,1531119436000
305664858540180,Gaspesie-Iles-de-la-Madeleine,-65.531002,48.181067,1691143987000
407248498340505,Gaspesie-Iles-de-la-Madeleine,-65.720576,49.207475,1719771974000
1115416160493537,Gaspesie-Iles-de-la-Madeleine,-65.725591708433,49.210027382962,1751379419000
670248281665734,Gaspesie-Iles-de-la-Madeleine,-65.510377,48.187692,1691143644000
1185311529482881,Gaspesie-Iles-de-la-Madeleine,-64.862500401478,49.00750162185,1719844766000
457811197000099,Gaspesie-Iles-de-la-Madeleine,-64.856146,49.005966,1719846099000
2317449528437287,Gaspesie-Iles-de-la-Madeleine,-65.659986,48.33402,1691155439000
850197222233049,Abitibi-Temiscamingue,-77.330355201278,47.79873163475,1531242067000
1266630335118068,Gaspesie-Iles-de-la-Madeleine,-65.659931632677,48.335174110931,1751205674000
2218854001879379,Gaspesie-Iles-de-la-Madeleine,-65.659234244801,48.339194795074,1751215369000
144897277605680,Abitibi-Temiscamingue,-77.344031180912,47.809214660841,1531242013000
194830883584567,Gaspesie-Iles-de-la-Madeleine,-65.180948,48.395891,1691320928000
1094968591994322,Saguenay-Lac-Saint-Jean,-73.303991925677,48.311383359693,1754230217255
1110193221172679,Saguenay-Lac-Saint-Jean,-73.303162422544,48.311242228237,1754231003000
753768853909571,Saguenay-Lac-Saint-Jean,-73.303129176988,48.311168014364,1754229978000
795388569385594,Gaspesie-Iles-de-la-Madeleine,-65.116296800334,49.091594791335,1719843417000
131890312312838,Abitibi-Temiscamingue,-79.240600818435,47.915913388876,1531061275000
630288185035304,Abitibi-Temiscamingue,-79.229155561653,48.203380555422,1531062789000
221977035981120,Abitibi-Temiscamingue,-79.225280555556,48.203902777778,1531062799000
454644015623968,Abitibi-Temiscamingue,-79.248710170767,47.911783730037,1531061027000
1348912836194814,Cote-Nord,-63.413296710083,50.882619748932,1749551884571
504092267432962,Abitibi-Temiscamingue,-79.240408479726,47.917757363289,1531061285000
243912661893844,Gaspesie-Iles-de-la-Madeleine,-65.647008,48.41228,1691158557000
723499096963614,Cote-Nord,-63.413166511391,50.882470274182,1749561955012
1044075244018305,Cote-Nord,-63.237892930164,50.459228693988,1749569149100
1755599801705609,Gaspesie-Iles-de-la-Madeleine,-65.646930092034,48.412171208413,1751212945000
136577748465216,Abitibi-Temiscamingue,-79.245738967009,47.923352982885,1531061315000
1226630835771125,Cote-Nord,-63.237843124374,50.459281559153,1749541640587
493935717144786,Gaspesie-Iles-de-la-Madeleine,-65.646930980051,48.41199300105,1751210787000
217833673478941,Abitibi-Temiscamingue,-79.246592172215,47.924065473911,1531061319000
670484015113562,Gaspesie-Iles-de-la-Madeleine,-65.64688,48.41193,1691157504000
1314389773594285,Cote-Nord,-63.2382835767,50.459593930053,1752074260916
534978364163490,Abitibi-Temiscamingue,-79.248711318846,47.911783291535,1531061027000
703601899095584,Cote-Nord,-63.237575326205,50.458749267818,1749542119632
3645514829009214,Saguenay-Lac-Saint-Jean,-70.615447222222,48.049041666667,1661686553331
1302804384755142,Cote-Nord,-63.237668928481,50.458714836802,1752076554458
501111049099066,Gaspesie-Iles-de-la-Madeleine,-64.610021227415,48.909841857372,1719862404000
1121972562215989,Gaspesie-Iles-de-la-Madeleine,-64.616821,48.907474,1719847499000
717370294436409,Gaspesie-Iles-de-la-Madeleine,-65.913533720618,48.446815322148,1751294711000
1261961315336076,Saguenay-Lac-Saint-Jean,-73.289174369929,48.251898123227,1754229170000
1872826799935221,Cote-Nord,-63.451407587108,50.889429595239,1749561697934
1399001071334869,Cote-Nord,-63.451238021685,50.889407996999,1749551801354
273066018427519,Saguenay-Lac-Saint-Jean,-70.820385,48.07187,1685536280000
259927226618953,Saguenay-Lac-Saint-Jean,-70.828983488192,48.096210899949,1685536404000
621875202857628,Saguenay-Lac-Saint-Jean,-71.399274510102,47.953112214157,1683371907000
1017440806619622,Gaspesie-Iles-de-la-Madeleine,-64.55753087492,48.889999543452,1719862225000
3084744628359518,Cote-Nord,-68.562874784399,49.413734644292,1751897346058
308721171570142,Saguenay-Lac-Saint-Jean,-71.399671342204,47.953752012098,1687687859000
748471067259339,Gaspesie-Iles-de-la-Madeleine,-64.575708084431,48.880147550333,1719847882000
1143646730221307,Gaspesie-Iles-de-la-Madeleine,-65.698404,49.015682,1719691386000
574830474745167,Saguenay-Lac-Saint-Jean,-70.888315201577,48.274347028727,1685537398000
229613279788954,Saguenay-Lac-Saint-Jean,-70.87970096834,48.269366309803,1685537370000
1002351633699662,Gaspesie-Iles-de-la-Madeleine,-66.110951462673,48.897085717358,1645642913926
252633933213050,Abitibi-Temiscamingue,-78.764738873162,48.216227781196,1531066150000
820283941907499,Abitibi-Temiscamingue,-78.74403333296,48.21763055373,1531066202000
675871493983496,Gaspesie-Iles-de-la-Madeleine,-65.090094,48.409439,1691327688000
969273331000332,Gaspesie-Iles-de-la-Madeleine,-65.098281,48.415838,1691326741000
1001076174569682,Gaspesie-Iles-de-la-Madeleine,-64.74161845073,48.346114272007,1691331023000
1036071674797792,Gaspesie-Iles-de-la-Madeleine,-64.637663,48.927544,1719847375000
464805846292320,Gaspesie-Iles-de-la-Madeleine,-65.297983,48.982201,1719871511000
1985464401879179,Gaspesie-Iles-de-la-Madeleine,-64.638457,48.936607,1719862566000
194893183490290,Saguenay-Lac-Saint-Jean,-70.765346011288,48.445162093494,1684498492000
1231329107527687,Saguenay-Lac-Saint-Jean,-70.750294160504,48.445042292706,1684498453000
219355352899247,Abitibi-Temiscamingue,-79.25063055631,47.884872221291,1531060909000
136900598457995,Abitibi-Temiscamingue,-79.250630555556,47.884872222222,1531060909000
3035516570003752,Abitibi-Temiscamingue,-77.149561055404,47.556044605928,1531243480000
821920868429246,Abitibi-Temiscamingue,-77.143104505896,47.543354743999,1531243530000
991486382014992,Saguenay-Lac-Saint-Jean,-70.256815584433,48.400099135855,1684497017000
864973055538836,Gaspesie-Iles-de-la-Madeleine,-64.992638,49.020961,1719844271000
309169370648725,Abitibi-Temiscamingue,-77.0963722202,48.953038890512,1531235879000
389810948820012,Abitibi-Temiscamingue,-77.350988889621,48.216738886441,1531240232000
456075769024275,Abitibi-Temiscamingue,-77.091177478218,48.955285822459,1531235863000
1683231858544402,Abitibi-Temiscamingue,-77.353068559471,47.869617514242,1531241778000
901277573775304,Abitibi-Temiscamingue,-77.354972222513,48.210833330733,1531240256000
481796169684077,Abitibi-Temiscamingue,-77.35717035823,47.846616492664,1531241867000
351684033210465,Abitibi-Temiscamingue,-77.356989736293,47.852776676219,1531241843000
2798268173770458,Abitibi-Temiscamingue,-77.353068275939,47.869617725045,1531241778000
1692154665001773,Cote-Nord,-63.301232143913,50.650165396416,1749547152367
694013510072748,Cote-Nord,-63.306260971052,50.674926236431,1749565971627
3628472007462369,Cote-Nord,-63.301202551022,50.650038737569,1749565876265
272763618520773,Saguenay-Lac-Saint-Jean,-70.988245170505,48.462096889223,1684499152000
1716162026452272,Cote-Nord,-63.306151065612,50.674959581974,1749547237000
1230273788370565,Gaspesie-Iles-de-la-Madeleine,-65.895115349711,48.433526319456,1751294551000
4084163491638625,Abitibi-Temiscamingue,-76.994728580889,47.390839181869,1531244275000
1067845380370769,Abitibi-Temiscamingue,-76.994391690443,47.39044166097,1531244277000
1387252298620227,Gaspesie-Iles-de-la-Madeleine,-65.439128,48.96447,1719752166000
263516475472072,Abitibi-Temiscamingue,-77.096931394781,48.682129452038,1531237874000
949900013485617,Gaspesie-Iles-de-la-Madeleine,-65.421914,48.969407,1719751480000
3971885742905486,Abitibi-Temiscamingue,-77.09692313443,48.681372048359,1531237876000
997196325522359,Gaspesie-Iles-de-la-Madeleine,-65.439166,48.964024,1719755106000
174637817866994,Abitibi-Temiscamingue,-77.096652485622,48.708114934068,1531237778000
771211421566695,Gaspesie-Iles-de-la-Madeleine,-64.69475,48.99401,1719863077000
460816004995072,Abitibi-Temiscamingue,-77.096652468594,48.708114949727,1531237778000
2440168682820486,Gaspesie-Iles-de-la-Madeleine,-64.697729,48.99602,1719863096000
451662892600215,Abitibi-Temiscamingue,-77.926872221897,48.806380554469,1531119474000
4321287164561513,Abitibi-Temiscamingue,-77.925611115966,48.800844443553,1531119452000
131729385644017,Abitibi-Temiscamingue,-79.409268146651,47.774804622877,1531060166000
136777961765733,Abitibi-Temiscamingue,-77.927590209836,48.810444444747,1531119490000
688472501866834,Abitibi-Temiscamingue,-77.927533055569,48.809940506848,1531119488000
488173782533995,Abitibi-Temiscamingue,-79.409280460233,47.773788023795,1531060162000
221288727499370,Saguenay-Lac-Saint-Jean,-71.674743789847,48.367319258638,1687689835000
6694188053933854,Saguenay-Lac-Saint-Jean,-71.675506695053,48.367868425463,1683373867000
994277925105466,Gaspesie-Iles-de-la-Madeleine,-64.729872,48.342457,1691331087000
208804878573516,Saguenay-Lac-Saint-Jean,-71.675276183056,48.351985977173,1683373795000
4188381941432370,Cote-Nord,-62.763385979112,50.315390495111,1752056152416
998771088363369,Gaspesie-Iles-de-la-Madeleine,-65.640498995026,49.170885781126,1719770465000
724544226943099,Gaspesie-Iles-de-la-Madeleine,-65.65208706346,49.175549916017,1751378385000
982994979109799,Abitibi-Temiscamingue,-78.553478054995,48.229729664773,1531066687000
286377316522172,Abitibi-Temiscamingue,-78.547535898862,48.226941184545,1531066705000
1629369224371163,Gaspesie-Iles-de-la-Madeleine,-65.848724306294,49.172370546352,1751388135000
700116019512781,Gaspesie-Iles-de-la-Madeleine,-65.868365738023,49.15689420013,1751388629000
1043750596624273,Gaspesie-Iles-de-la-Madeleine,-65.68295,48.243754,1691148916000
852963503109516,Gaspesie-Iles-de-la-Madeleine,-65.665834,48.242227,1691148649000
2159203437786258,Gaspesie-Iles-de-la-Madeleine,-65.090383,49.037862,1719843822000
484114024465297,Saguenay-Lac-Saint-Jean,-71.138297572458,48.287431577154,1722171774000
1599219750926014,Gaspesie-Iles-de-la-Madeleine,-65.466334,48.940444,1719767947000
1251280718845938,Saguenay-Lac-Saint-Jean,-72.214877474202,48.198964440345,1694800284000
3775554232734385,Gaspesie-Iles-de-la-Madeleine,-65.466622216552,48.940320732665,1719838265000
817142329759152,Saguenay-Lac-Saint-Jean,-72.213959809539,48.19819326255,1687693335000
1446309723434072,Gaspesie-Iles-de-la-Madeleine,-65.466874,48.940206,1719755559000
156435090511655,Saguenay-Lac-Saint-Jean,-72.213719933645,48.198902196271,1683377795000
3721975224725635,Gaspesie-Iles-de-la-Madeleine,-65.450626,48.944567,1719755485000
247387113828118,Abitibi-Temiscamingue,-78.59249711433,48.232516499924,1531066585000
512837546416572,Abitibi-Temiscamingue,-78.612638892351,48.232572220983,1531066535000
331255252289756,Gaspesie-Iles-de-la-Madeleine,-66.093091603656,48.952000740883,1645720209301
378272920381322,Gaspesie-Iles-de-la-Madeleine,-66.099604644241,48.946687770792,1645718050400
842591077303973,Gaspesie-Iles-de-la-Madeleine,-65.025918,49.026011,1719844163000
110140628276268,Gaspesie-Iles-de-la-Madeleine,-66.094911050456,48.952024109382,1645719150174
787514389835058,Gaspesie-Iles-de-la-Madeleine,-65.427915,48.184202,1691142943000
476915338277664,Gaspesie-Iles-de-la-Madeleine,-65.725554875807,49.210368345946,1719772023000
1234055934607308,Gaspesie-Iles-de-la-Madeleine,-65.749580815919,49.225199627548,1751382783000
1567358574244566,Gaspesie-Iles-de-la-Madeleine,-65.723839915244,49.217428085194,1751379467000
1566753280960980,Cote-Nord,-61.471446846802,50.168484909183,1752064644416
491201300098869,Gaspesie-Iles-de-la-Madeleine,-65.723912943016,49.217618063224,1719772075000
1091523938159334,Saguenay-Lac-Saint-Jean,-70.1998628,48.2355968,1662559892000
403977968703883,Gaspesie-Iles-de-la-Madeleine,-65.642677,49.033744,1719691685000
680593957161377,Saguenay-Lac-Saint-Jean,-71.218757623945,48.279489744651,1685539973000
3699969226998160,Gaspesie-Iles-de-la-Madeleine,-65.726581,49.128643,1719780114000
802110635236984,Gaspesie-Iles-de-la-Madeleine,-65.727835273249,49.125704781494,1719781645000
773035345035163,Gaspesie-Iles-de-la-Madeleine,-65.726615,49.128423,1719782533000
833745287218255,Abitibi-Temiscamingue,-78.460730594119,48.226063925976,1531066923000
286472806446591,Abitibi-Temiscamingue,-78.448547403183,48.228955484751,1531066955000
506854635022717,Gaspesie-Iles-de-la-Madeleine,-64.858971672705,48.998078261924,1719846163000
386736327758823,Gaspesie-Iles-de-la-Madeleine,-65.749395,49.224848,1719773410000
543107237977897,Saguenay-Lac-Saint-Jean,-72.232578395712,48.117371146429,1683378137000
614595283775051,Saguenay-Lac-Saint-Jean,-72.233090776092,48.117450090005,1687693711000
711820030768329,Saguenay-Lac-Saint-Jean,-72.230138623569,48.12224546421,1694800616000
295843405507075,Abitibi-Temiscamingue,-78.114080555556,48.752069444444,1531118767000
226962150042334,Saguenay-Lac-Saint-Jean,-70.520909279178,48.274193083032,1684507392000
1964080633768461,Abitibi-Temiscamingue,-79.409408329628,47.810349999309,1531060304000
215882626662094,Abitibi-Temiscamingue,-78.114073045843,48.753017404849,1531118771000
155753734145181,Saguenay-Lac-Saint-Jean,-70.842271115137,48.231785710351,1685537173000
1499088330436993,Abitibi-Temiscamingue,-79.406455562708,47.81360833258,1531060320000
133119805471056,Abitibi-Temiscamingue,-79.4093,47.810830555556,1531060306000
1484202986260394,Gaspesie-Iles-de-la-Madeleine,-65.978979525508,48.723917854952,1751313602000
166964985352367,Abitibi-Temiscamingue,-79.408505555556,47.812208333333,1531060312000
731105062999685,Gaspesie-Iles-de-la-Madeleine,-65.989690391276,48.715734533804,1751313353000
1663705334466963,Gaspesie-Iles-de-la-Madeleine,-64.952399,49.014223,1719844411000
376744106932763,Abitibi-Temiscamingue,-79.322883333625,47.078469445993,1531054240000
904904447028050,Abitibi-Temiscamingue,-77.360669443354,48.015497223753,1531241063000
167521655301164,Abitibi-Temiscamingue,-79.323477777778,47.080058333333,1531054246000
923471121774753,Abitibi-Temiscamingue,-77.360754631052,47.995947168213,1531241287000
897248531368684,Saguenay-Lac-Saint-Jean,-70.054731510344,48.202241273028,1684508997000
1863941577321105,Saguenay-Lac-Saint-Jean,-70.44944905955,48.434728070241,1684497560000
1361379814709445,Saguenay-Lac-Saint-Jean,-70.077713924359,48.210722251566,1684508880000
988965395244160,Abitibi-Temiscamingue,-77.007811110536,47.409511112546,1531244197000
157596413037278,Abitibi-Temiscamingue,-77.013239186214,47.417411999864,1531244164000
934489761189299,Saguenay-Lac-Saint-Jean,-70.772140511732,48.343308828205,1684506479000
222457010637286,Saguenay-Lac-Saint-Jean,-70.77235587342,48.343360017263,1687268792000
3003402073222637,Abitibi-Temiscamingue,-77.059180556871,49.001147220981,1531235624000
216027527754714,Gaspesie-Iles-de-la-Madeleine,-65.60285,48.286356,1691160293000
320004226358408,Abitibi-Temiscamingue,-77.059180556926,49.001147220985,1531235624000
1881465849133817,Gaspesie-Iles-de-la-Madeleine,-66.133989972246,48.129863376188,1750793216394
749096180862921,Gaspesie-Iles-de-la-Madeleine,-66.134535462252,48.129643053935,1750793564137
450103877875790,Gaspesie-Iles-de-la-Madeleine,-64.509247496332,48.850756256002,1719848148000
1406448950037460,Gaspesie-Iles-de-la-Madeleine,-65.057521,49.029037,1719843992000
730182530008755,Cote-Nord,-61.719043414628,50.143963457608,1752065656833
527854494901707,Abitibi-Temiscamingue,-79.437779312706,47.442882744032,1531057065000
311336067275532,Abitibi-Temiscamingue,-77.297408064293,47.731085013045,1531242431000
525322465142593,Abitibi-Temiscamingue,-79.437778454835,47.442883132371,1531057065000
473328483778986,Abitibi-Temiscamingue,-77.299468904629,47.734783957741,1531242415000
1463020008458113,Gaspesie-Iles-de-la-Madeleine,-66.079664609573,48.70564204134,1751311231000
1117657835381294,Abitibi-Temiscamingue,-76.910125000487,47.327430555877,1531244641000
663513432264654,Saguenay-Lac-Saint-Jean,-70.481166446726,48.266581941218,1684507516000
1119824655096617,Abitibi-Temiscamingue,-76.914922223435,47.328855553825,1531244627000
289937549502844,Abitibi-Temiscamingue,-77.97748147214,48.792666283776,1531119286000
943204623113735,Abitibi-Temiscamingue,-77.966780555556,48.792658333333,1531119314000
841490470081759,Abitibi-Temiscamingue,-77.393011099727,48.110444467775,1531240649000
297987428548681,Abitibi-Temiscamingue,-77.390691666658,48.113919443389,1531240635000
1270037187213659,Saguenay-Lac-Saint-Jean,-72.1203581,48.3423031,1683376929000
534225924279512,Abitibi-Temiscamingue,-77.106501474965,48.947438262021,1531235913000
266648962944498,Saguenay-Lac-Saint-Jean,-72.122550726202,48.340790606396,1694799617000
1190787334709297,Abitibi-Temiscamingue,-77.101990598347,48.949941230542,1531235898000
291736686752192,Saguenay-Lac-Saint-Jean,-72.120802740208,48.341926973364,1687692675000
1409601086086549,Abitibi-Temiscamingue,-79.33959723599,47.099852745029,1531054332000
489449815632086,Abitibi-Temiscamingue,-79.335677773086,47.096413889318,1531054316000
530394671458467,Abitibi-Temiscamingue,-79.369833218487,47.209384823777,1531055039000
134321818686544,Abitibi-Temiscamingue,-79.359767768012,47.181171370626,1531054719000
541545023895312,Nord-du-Quebec,-77.620352781585,52.069524996476,1531205731000
476843323548128,Abitibi-Temiscamingue,-79.369688888889,47.208844444444,1531055037000
150862841315429,Saguenay-Lac-Saint-Jean,-71.258480096594,48.094709956446,1685540717000
312872523707443,Nord-du-Quebec,-77.611577775799,52.072480555725,1531151001000
1772815313444997,Cote-Nord,-63.456657051056,51.042588125635,1749554704911
771845437930469,Saguenay-Lac-Saint-Jean,-71.252713195651,48.100444571347,1685540694000
466952561228913,Abitibi-Temiscamingue,-79.359394255682,47.180870157474,1531054718000
4188016451260642,Abitibi-Temiscamingue,-79.250005647936,47.926480615277,1531061334000
184205316896185,Nord-du-Quebec,-77.623738882062,52.068441667897,1531205719000
1836634963582943,Cote-Nord,-63.4570426444,51.042293688538,1749558413289
206876488851909,Saguenay-Lac-Saint-Jean,-70.979702544462,48.340133686679,1685538163000
783220609003278,Abitibi-Temiscamingue,-79.250388805054,47.926755499158,1531061335000
272783574544755,Nord-du-Quebec,-77.623694394964,52.068491681155,1531151047000
3568748960050252,Saguenay-Lac-Saint-Jean,-72.099051767782,48.372714939117,1687692539000
960450358730532,Saguenay-Lac-Saint-Jean,-72.099164249209,48.372147374069,1683376806000
279462098185432,Saguenay-Lac-Saint-Jean,-72.099532368316,48.371329134063,1694799489000
1114232789965721,Saguenay-Lac-Saint-Jean,-70.91820992778,48.311232486441,1685537576000
237595992207264,Saguenay-Lac-Saint-Jean,-70.909845127458,48.333391030754,1684501448000
865182760700501,Nord-du-Quebec,-77.118915263454,50.404463582581,1507821399048
3154538548110201,Abitibi-Temiscamingue,-76.96320277764,47.362966666419,1531244411000
789543502460002,Saguenay-Lac-Saint-Jean,-70.4299431,48.4298731,1684497501000
545015219821530,Abitibi-Temiscamingue,-76.96475833095,47.366519443682,1531244397000
775825307381570,Saguenay-Lac-Saint-Jean,-70.413265528107,48.427628402418,1684497456000
810056980540247,Saguenay-Lac-Saint-Jean,-72.049028216567,48.427700213213,1683375468000
159649016083488,Nord-du-Quebec,-77.117827779124,50.403677771993,1531224444000
1960424817652285,Saguenay-Lac-Saint-Jean,-72.0316264,48.4295314,1687691269000
307371700852860,Nord-du-Quebec,-77.116308345699,50.401922224591,1531224452000
966408461156123,Saguenay-Lac-Saint-Jean,-72.032607119264,48.429200816144,1683375326000
329016812844470,Saguenay-Lac-Saint-Jean,-72.020771124016,48.425175411971,1694796747000
315485460165242,Abitibi-Temiscamingue,-79.426177816324,47.628244362232,1531059554000
493531861861762,Nord-du-Quebec,-77.097144442965,50.115580551749,1531225581000
140216258025627,Abitibi-Temiscamingue,-79.428745334297,47.628096338483,1531059546000
966944934041720,Nord-du-Quebec,-77.095555556794,50.120566660715,1531225563000
953696735404553,Nord-du-Quebec,-77.096765977599,50.116497615163,1507816266371
199844612941965,Saguenay-Lac-Saint-Jean,-70.765068602222,48.343747268364,1684506496000
2802363326668788,Nord-du-Quebec,-77.091047220898,50.127700002086,1531225535000
2370529513336022,Saguenay-Lac-Saint-Jean,-70.76562487469,48.343989416185,1687268811000
762859407705021,Nord-du-Quebec,-77.091047220815,50.12770000203,1531225535000
2568705230104335,Abitibi-Temiscamingue,-79.040307628111,48.240849062654,1531064709000
1284664932452879,Saguenay-Lac-Saint-Jean,-70.770355,48.4458547,1684498505000
888636765030587,Abitibi-Temiscamingue,-77.191528456103,47.597273393036,1531243276000
496778768177787,Abitibi-Temiscamingue,-77.198863525018,47.599558824471,1531243256000
641073487888133,Saguenay-Lac-Saint-Jean,-70.369454452665,48.238334650121,1684507924000
312723940572103,Abitibi-Temiscamingue,-77.106047218024,48.786677777415,1531237447000
798348387723540,Abitibi-Temiscamingue,-77.060897221879,48.973627779258,1531235736000
518941995938964,Abitibi-Temiscamingue,-77.110571169534,48.788965911854,1531237431000
297734178512106,Abitibi-Temiscamingue,-77.083625000212,48.95630833307,1531235843000
158796086173691,Abitibi-Temiscamingue,-77.114189779813,48.791200957393,1531236657000
232625556070124,Saguenay-Lac-Saint-Jean,-70.882057468101,48.444748249164,1684498809000
789270252810256,Saguenay-Lac-Saint-Jean,-71.061124634924,48.439805037277,1684499485000
941787200200407,Saguenay-Lac-Saint-Jean,-71.06081781688,48.440627709545,1684499479000
142337527867814,Nord-du-Quebec,-77.251249975253,49.884786127176,1531226958000
253232959885873,Nord-du-Quebec,-77.256257881413,49.882878830003,1531227013000
1040234351137038,Saguenay-Lac-Saint-Jean,-71.099485,48.254812,1722173185000
2040414766784882,Cote-Nord,-63.299982574308,50.740097268961,1749548329896
1105606097952944,Cote-Nord,-68.039260774067,51.743626985939,1728067669428
919651480032106,Cote-Nord,-68.018276102483,51.74972315194,1728067816857
294538066617189,Saguenay-Lac-Saint-Jean,-71.84972706743,48.438664751462,1694796021000
3506158702936682,Saguenay-Lac-Saint-Jean,-71.845459550258,48.439644689133,1683374644000
1469352630670461,Cote-Nord,-68.140746742409,51.935377411598,1728076697286
1517859868933877,Cote-Nord,-68.154381543186,51.923813168624,1728076526500
660155512614257,Saguenay-Lac-Saint-Jean,-72.082050189834,48.409655738158,1683376645000
1074376560635083,Saguenay-Lac-Saint-Jean,-72.081255820382,48.415331938995,1694799276000
24694982523473277,Cote-Nord,-62.362737338061,50.281324204348,1752057648875
148286184882699,Saguenay-Lac-Saint-Jean,-72.081597519432,48.410852504595,1687692360000
746488388127700,Cote-Nord,-62.353777520964,50.281567772006,1752057844291
735564601690950,Saguenay-Lac-Saint-Jean,-70.016713205041,48.12992026055,1684509320000
436790772114797,Saguenay-Lac-Saint-Jean,-71.095875334092,48.016301485659,1722176311000
1228560168806374,Cote-Nord,-63.489015139329,51.129140778391,1749640493756
4878149435743974,Cote-Nord,-63.489288940377,51.128763872417,1749648331702
579435440631008,Saguenay-Lac-Saint-Jean,-70.31278,48.029922399972,1662556712000
776121011417396,Cote-Nord,-68.519833454198,49.376036184782,1751897319665
1196430824237577,Saguenay-Lac-Saint-Jean,-70.0299193,48.147027899972,1662565193000
934465047621314,Saguenay-Lac-Saint-Jean,-70.035651018121,48.158292191962,1687271557000
953619902760178,Saguenay-Lac-Saint-Jean,-70.029075361895,48.148410465441,1684509237000
176891210872875,Nord-du-Quebec,-77.231230560517,52.083394443379,1531142202000
284896636646169,Nord-du-Quebec,-77.233969496863,52.082483316027,1531207294000
463693054738873,Nord-du-Quebec,-77.237936110799,52.081244444326,1531142186000
169613238408452,Nord-du-Quebec,-77.234944444444,52.082255555268,1531149189000
323533816060855,Nord-du-Quebec,-77.238119419844,52.081225007194,1531149197000
183811186927503,Nord-du-Quebec,-77.21996944983,52.086938886044,1531207330000
134238029665959,Saguenay-Lac-Saint-Jean,-70.849055961046,48.177742994275,1685536850000
1267173940839991,Saguenay-Lac-Saint-Jean,-70.842922182585,48.18894985879,1685536942000
899084378059992,Saguenay-Lac-Saint-Jean,-70.29223,48.4017364,1684497113000
150698741237501,Saguenay-Lac-Saint-Jean,-70.853166886936,48.25574768514,1685537288000
135794209508862,Saguenay-Lac-Saint-Jean,-70.89013763548,48.27553770083,1685537404000
130156643431219,Saguenay-Lac-Saint-Jean,-70.74715876245,48.326418089871,1687268895000
1695234684256916,Saguenay-Lac-Saint-Jean,-70.744640186832,48.323915689536,1684506593000
369037309474074,Saguenay-Lac-Saint-Jean,-71.155082,48.129391,1722174670000
618895979860909,Saguenay-Lac-Saint-Jean,-71.67417970315,48.248250772174,1683373363000
167028092713765,Saguenay-Lac-Saint-Jean,-70.815753928427,48.448747780551,1684498622000
1240652524466493,Cote-Nord,-62.432018451564,50.290204764883,1752057432875
268456612416741,Saguenay-Lac-Saint-Jean,-70.855356012567,48.15470859275,1685536747000
638006198192076,Saguenay-Lac-Saint-Jean,-71.009395393135,48.45624279544,1684499226000
649154103485324,Saguenay-Lac-Saint-Jean,-70.2217222,48.228688599972,1662559752000
6636842516326266,Saguenay-Lac-Saint-Jean,-70.915369383475,48.452861516703,1684498927000
614176063744306,Saguenay-Lac-Saint-Jean,-70.097170180892,48.12810081705,1662565713000
6738822329470032,Saguenay-Lac-Saint-Jean,-71.242229541109,48.045843404231,1685540910000
499626999514042,Saguenay-Lac-Saint-Jean,-71.132814921787,48.095849940797,1722175087000
835043955077300,Saguenay-Lac-Saint-Jean,-71.130657,48.074005,1722175294000
1291864318993759,Cote-Nord,-61.930947243229,50.233807473939,1752066857916
943711030235270,Saguenay-Lac-Saint-Jean,-70.589190015912,48.284455377946,1684507198000
211084455052820,Saguenay-Lac-Saint-Jean,-70.264299732439,48.399253130628,1684497036000
961802501620198,Saguenay-Lac-Saint-Jean,-71.49504960616,48.064262685914,1683372477000
322905186938686,Saguenay-Lac-Saint-Jean,-71.86778617446,48.427022881043,1694796119000
2375776172586250,Saguenay-Lac-Saint-Jean,-71.874661423403,48.41430428606,1683374838000
219087423780475,Saguenay-Lac-Saint-Jean,-70.230066663744,48.223832951685,1662559682000
789751582370317,Saguenay-Lac-Saint-Jean,-71.868219748348,48.425849618033,1683374763000
222788210676421,Saguenay-Lac-Saint-Jean,-72.254590048246,48.069983800571,1687693898000
929698018086264,Saguenay-Lac-Saint-Jean,-72.254491550727,48.07033306025,1683378326000
452647609153868,Nord-du-Quebec,-77.121419444682,50.043027777513,1531225853000
479065586754721,Nord-du-Quebec,-77.120283334231,50.046325002004,1531225841000
1063040578208054,Saguenay-Lac-Saint-Jean,-72.2467464,48.097995,1694800717000
1025657093069585,Cote-Nord,-63.488397440374,51.130532140108,1749648319957
1012371487766496,Cote-Nord,-63.488597378381,51.130033373565,1749640499896
625133829508196,Saguenay-Lac-Saint-Jean,-71.438755281263,48.013095167342,1683372233000
1345895379667683,Saguenay-Lac-Saint-Jean,-71.436916809455,48.01017562921,1687688104000
975356623825679,Saguenay-Lac-Saint-Jean,-71.45010611321,48.025031360603,1683372285000
315446156695449,Nord-du-Quebec,-77.375119442872,51.727233336124,1531140136000
111462010991886,Nord-du-Quebec,-77.378311105545,51.728444441926,1531140146000
518507219179139,Nord-du-Quebec,-77.150061108763,50.426019443632,1531224320000
291170779353885,Nord-du-Quebec,-77.150444239935,50.420424395012,1507822388087
1040532344333701,Saguenay-Lac-Saint-Jean,-71.108413005213,48.22024775046,1722173527000
1276359609946182,Saguenay-Lac-Saint-Jean,-71.232110343882,48.032636903291,1685540961000
752532832123506,Nord-du-Quebec,-77.150069437714,50.419516665886,1531224344000
209314071868035,Saguenay-Lac-Saint-Jean,-71.774476346719,48.427094719544,1683374352000
1050564743955197,Cote-Nord,-68.624471667637,49.476559408245,1751897397810
974413437007869,Saguenay-Lac-Saint-Jean,-72.285929441171,48.048062804266,1694800946000
198374549680704,Saguenay-Lac-Saint-Jean,-72.2926214,48.0427664,1683378471000
769872068209764,Saguenay-Lac-Saint-Jean,-72.296227645569,48.04053094521,1687694063000
657812836639727,Cote-Nord,-63.458281427814,50.260743329467,1752053600916
799509791518767,Saguenay-Lac-Saint-Jean,-71.699375640846,48.410425570661,1683374097000
924880665453895,Saguenay-Lac-Saint-Jean,-70.166198942854,48.370380195821,1684496744000
24053411017630061,Cote-Nord,-63.328838462195,50.800798784545,1749563495838
1214458666588976,Cote-Nord,-63.327944535315,50.80000989117,1749549995450
798021031897627,Saguenay-Lac-Saint-Jean,-70.821669312941,48.331162652512,1684506324000
270079782210661,Saguenay-Lac-Saint-Jean,-70.802671517137,48.33608851566,1684506383000
564545848962906,Saguenay-Lac-Saint-Jean,-70.816007774272,48.333377293058,1687268644000
629431275749639,Saguenay-Lac-Saint-Jean,-70.97922525402,48.33962555571,1684501138000
1041687061366455,Cote-Nord,-63.457112336144,50.90661864463,1749561515351
614366271057548,Cote-Nord,-63.457019421595,50.90660889288,1749551988074
209818951890671,Saguenay-Lac-Saint-Jean,-70.96839976975,48.333771726449,1685538069000
1044733454465229,Cote-Nord,-63.327619293282,50.79959576013,1749563505515
7717144795053435,Saguenay-Lac-Saint-Jean,-71.152760435539,48.132351474949,1722174632000
1228526149065791,Cote-Nord,-63.311121710412,50.789849083301,1749549717406
705033545501701,Cote-Nord,-63.30619249784,50.77626037845,1749548507407
310675225442112,Saguenay-Lac-Saint-Jean,-71.152059963065,48.136738385711,1722174587000
1088400463348167,Cote-Nord,-63.301499889156,50.771618188633,1749563565942
1936688840026721,Saguenay-Lac-Saint-Jean,-70.132864847485,48.200958158366,1684508720000
793771366668394,Cote-Nord,-68.47304567777,49.36739745356,1751897246592
1279136027184956,Cote-Nord,-62.934826116271,50.287785904633,1752055840291
933574531302286,Saguenay-Lac-Saint-Jean,-70.321049565742,48.410090497582,1684497200000
1193823654643500,Saguenay-Lac-Saint-Jean,-72.199701522819,48.234780697503,1687693191000
1446065652908631,Saguenay-Lac-Saint-Jean,-72.203601434097,48.226989964831,1694800173000
568527145416970,Saguenay-Lac-Saint-Jean,-72.203190735942,48.227723839743,1683377683000
1304233320481845,Saguenay-Lac-Saint-Jean,-72.206695491431,48.221598974426,1694800195000
283968370629334,Saguenay-Lac-Saint-Jean,-72.20665635357,48.22089653979,1683377710000
1054642819521245,Cote-Nord,-63.442867778822,50.935364407277,1749560660255
1723279761614828,Cote-Nord,-63.442672992547,50.935411830875,1749552852403
260542646365873,Saguenay-Lac-Saint-Jean,-71.861832062513,48.43215259666,1683374718000
857800522570282,Saguenay-Lac-Saint-Jean,-71.857847046069,48.4345203098,1694796056000
1591050875168247,Cote-Nord,-68.206900010122,51.39353475164,1728065339143
1716779875444437,Saguenay-Lac-Saint-Jean,-71.069554925741,48.380029683227,1685538450000
202549578839141,Saguenay-Lac-Saint-Jean,-71.068909655205,48.395453412323,1684500488000
482003889791505,Nord-du-Quebec,-77.455100000088,51.532449999342,1531139157000
508982533482949,Nord-du-Quebec,-77.454597221753,51.532988888294,1531139159000
267104211813996,Nord-du-Quebec,-77.450552778585,51.510802778224,1531139083000
786976349491570,Saguenay-Lac-Saint-Jean,-71.473013472386,48.045113576571,1683372384000
785156126551221,Saguenay-Lac-Saint-Jean,-70.978696541262,48.460450351466,1684499125000
199049496366161,Saguenay-Lac-Saint-Jean,-70.678161966496,48.303129940424,1684506781000
632859518699101,Saguenay-Lac-Saint-Jean,-70.650359368317,48.288011341429,1684506867000
2245548798980870,Saguenay-Lac-Saint-Jean,-70.609666988546,48.290944414023,1684507133000
599723358292587,Saguenay-Lac-Saint-Jean,-70.260790499972,48.1640822,1662558997000
1732072577417497,Cote-Nord,-68.184860125256,49.261952908784,1751886044871
713482671496439,Cote-Nord,-68.498962966872,49.338085108024,1751897298744
227848409941397,Saguenay-Lac-Saint-Jean,-71.962938510509,48.41972710375,1683375124000
271541485406168,Saguenay-Lac-Saint-Jean,-71.962721957953,48.4197472732,1694796539000
328886776258188,Saguenay-Lac-Saint-Jean,-71.944068213502,48.417034887669,1694796435000
1501588264581454,Cote-Nord,-63.265455477935,50.623864527156,1749545043402
1086395423404241,Cote-Nord,-63.265567563375,50.623842095782,1749566016438
1348080590064603,Cote-Nord,-62.730443419161,50.320290254974,1752056244416
1207580900687650,Cote-Nord,-63.255019731689,50.620336881077,1749565638327
771505657846159,Saguenay-Lac-Saint-Jean,-71.999493917762,48.417167581061,1683375224000
684763586544257,Saguenay-Lac-Saint-Jean,-71.973761536921,48.417722156126,1694796582000
757033977035839,Cote-Nord,-61.766288620308,50.130253900052,1752065742541
912828793155384,Saguenay-Lac-Saint-Jean,-70.1701964,48.372355,1684496756000
1987986058200345,Saguenay-Lac-Saint-Jean,-71.51513175798,48.083001624458,1683372569000
3549306965351282,Saguenay-Lac-Saint-Jean,-71.261240866528,48.222282590752,1685540222000
1467399764398524,Cote-Nord,-63.177937179466,50.621878443606,1752075377666
6168135316616875,Saguenay-Lac-Saint-Jean,-71.254911428291,48.249093366967,1685540121000
274947794888401,Saguenay-Lac-Saint-Jean,-71.576024352585,48.135845179995,1683372845000
733143669324912,Cote-Nord,-63.17786739705,50.622192714244,1752075743833
570362418519539,Saguenay-Lac-Saint-Jean,-71.911467788111,48.41625186911,1683374942000
335999628823943,Saguenay-Lac-Saint-Jean,-71.931402335751,48.417450723297,1694796381000
275765368292399,Saguenay-Lac-Saint-Jean,-71.163269430143,48.29372076169,1685539827000
25018826817705170,Cote-Nord,-61.829194080256,50.211054958055,1752066272875
568103859460393,Cote-Nord,-63.374840343285,50.880917685021,1749562333123
1708642777195081,Cote-Nord,-63.360634116491,50.877028559217,1749550866528
703292709126866,Cote-Nord,-63.360511901093,50.876967295969,1749561970628
559100153043642,Saguenay-Lac-Saint-Jean,-71.663156018498,48.224293630877,1683373270000
284671660554470,Saguenay-Lac-Saint-Jean,-71.669634335602,48.236582828006,1683373322000
1563273830861511,Saguenay-Lac-Saint-Jean,-71.690351868608,48.283810809151,1683373511000
5835934069845757,Saguenay-Lac-Saint-Jean,-71.6902831,48.2891064,1687689483000
943664923452854,Saguenay-Lac-Saint-Jean,-72.217650441621,48.189503772404,1683377832000
663160609170794,Saguenay-Lac-Saint-Jean,-72.224971754935,48.167971810304,1687693464000
249805130845666,Saguenay-Lac-Saint-Jean,-72.229685119265,48.164469031938,1694800431000
1430221488180081,Cote-Nord,-68.582419933219,49.549975933721,1751912003789
293414925706988,Nord-du-Quebec,-77.096386256489,50.366928221334,1507818896193
4060483280684813,Nord-du-Quebec,-77.096969454226,50.367669451948,1531224604000
316571993158638,Nord-du-Quebec,-77.099919443778,50.369722220701,1531224594000
966120034542965,Saguenay-Lac-Saint-Jean,-71.614295593641,48.164499398157,1683372996000
228829926639488,Saguenay-Lac-Saint-Jean,-71.429102140574,48.001190803298,1687688060000
1433461681196369,Saguenay-Lac-Saint-Jean,-71.42990309334,47.985326173721,1755172089092
9131792806890722,Saguenay-Lac-Saint-Jean,-71.429615035147,48.001449642649,1683372184000
936223251544888,Saguenay-Lac-Saint-Jean,-72.164123633117,48.447104264894,1696437796000
246117621906059,Saguenay-Lac-Saint-Jean,-72.1625131,48.4467114,1696437808000
700833856256769,Cote-Nord,-62.88437200257,50.290024128875,1752055981291
1160979038544144,Cote-Nord,-66.478978882993,50.155431806428,1718978710000
795879671953728,Saguenay-Lac-Saint-Jean,-70.879454321402,48.329842798596,1684505978000
270174612234535,Saguenay-Lac-Saint-Jean,-70.889682317747,48.336507324352,1684501559000
1364381947603278,Saguenay-Lac-Saint-Jean,-70.881855304655,48.32891005808,1692784121677
314807755014831,Saguenay-Lac-Saint-Jean,-71.126842362908,48.164635013511,1722174148000
1425519152092829,Cote-Nord,-68.604479438984,49.450558087749,1751897362141
1894844884651168,Cote-Nord,-63.489262244399,51.212207240859,1749646849262
874699158083919,Saguenay-Lac-Saint-Jean,-71.12381049553,48.167204967192,1722174118000
1028093759390500,Cote-Nord,-63.489223266892,51.212293450948,1749641192683
1089651499075197,Saguenay-Lac-Saint-Jean,-70.821955156545,48.054360562292,1685536205000
1349890573807098,Cote-Nord,-62.261156445492,50.257279594594,1752058118291
738678453988801,Saguenay-Lac-Saint-Jean,-70.584427777778,48.033511111111,1661684320614
626515818827101,Saguenay-Lac-Saint-Jean,-70.560036111111,48.02695,1661683594881
180783061119097,Saguenay-Lac-Saint-Jean,-70.576452777778,48.027283333333,1661684069727
389268803371733,Saguenay-Lac-Saint-Jean,-70.5636,48.027369444444,1661683696886
244920414889657,Saguenay-Lac-Saint-Jean,-70.406746430897,48.250078725296,1684507818000
193619443636082,Saguenay-Lac-Saint-Jean,-70.8475431,48.1212414,1685536536000
1319220608668045,Saguenay-Lac-Saint-Jean,-71.257069896601,48.212178384486,1685540261000
936590647656443,Saguenay-Lac-Saint-Jean,-71.685596227979,48.383671855298,1683373946000
174386102279842,Saguenay-Lac-Saint-Jean,-71.680321065705,48.371454442625,1687689858000
198501756371869,Saguenay-Lac-Saint-Jean,-71.604799340382,48.157283874579,1683372958000
613563154139483,Saguenay-Lac-Saint-Jean,-70.047224417559,48.200267294869,1684509018000
2416406675203326,Saguenay-Lac-Saint-Jean,-70.833385227053,48.213193197463,1685537095000
1485189329138719,Cote-Nord,-61.504948492021,50.169617968961,1752064903625
1213098693950155,Cote-Nord,-63.155495730218,50.322347261914,1752054753833
540819924887215,Saguenay-Lac-Saint-Jean,-71.538384430824,48.106817811463,1683372691000
1921653755021661,Cote-Nord,-68.245097478555,51.515434044797,1728066008571
1290754542359354,Cote-Nord,-68.228070319221,51.496012631359,1728065843714
3632047433675459,Saguenay-Lac-Saint-Jean,-71.217752904028,48.280074528781,1685539970000
753966748629883,Nord-du-Quebec,-77.648244440561,50.919250001373,1531218625000
791159895126167,Nord-du-Quebec,-77.647933333436,50.918283333356,1531218629000
315900726595163,Nord-du-Quebec,-78.329794437557,52.183672219311,1531202948000
315386349957950,Nord-du-Quebec,-78.321815610308,52.186171266211,1531202973000
2153718368157851,Saguenay-Lac-Saint-Jean,-70.019177064188,48.136087561959,1684509295000
1090452671860122,Saguenay-Lac-Saint-Jean,-70.019535594333,48.13649818461,1662566208000
204999842369958,Saguenay-Lac-Saint-Jean,-71.03537270735,48.44429374754,1684499356000
1024133988572029,Saguenay-Lac-Saint-Jean,-71.463491001031,48.03632323032,1683372341000
198746023129407,Saguenay-Lac-Saint-Jean,-71.236747787155,48.165761399455,1685540443000
926161038465294,Saguenay-Lac-Saint-Jean,-71.669675253384,48.35879637503,1687689796000
1443054726524701,Saguenay-Lac-Saint-Jean,-71.669159364567,48.361376891502,1683373834000
1440945113883716,Cote-Nord,-68.639305064608,49.72244625861,1751968454348
1060953662270735,Cote-Nord,-66.341002938091,50.205457289866,1718912947000
1683291319174963,Cote-Nord,-66.335926669291,50.206937315831,1718910761000
1495508277731402,Cote-Nord,-66.335561822539,50.207739487352,1718908326000
1681148892641088,Cote-Nord,-66.33560706085,50.20719852058,1717095475000
350458657836659,Cote-Nord,-66.338715169109,50.206039260959,1718912346000
1005345797633360,Cote-Nord,-66.335855960358,50.206795603472,1718911974000
1660316994810567,Cote-Nord,-66.338235609089,50.206129356391,1718913522000
499208582682804,Cote-Nord,-66.340069791642,50.206715369064,1718911352000
257350880158975,Saguenay-Lac-Saint-Jean,-70.401461234265,48.427911362056,1684497424000
715181361515927,Cote-Nord,-63.308206277843,50.267633932119,1752054681750
2193512141112563,Cote-Nord,-63.321174624566,50.261851773809,1752054053916
970952474982495,Cote-Nord,-63.230182353991,50.625021349461,1749543420095
918648895480528,Nord-du-Quebec,-77.559284963199,51.056518629943,1507906309396
1090430439613843,Cote-Nord,-63.229748564396,50.624889544602,1749565807897
367915441283124,Nord-du-Quebec,-77.556661114481,51.05863055617,1531217962000
1341505363072115,Saguenay-Lac-Saint-Jean,-72.147912892337,48.307718908563,1687692858000
321532180533405,Saguenay-Lac-Saint-Jean,-72.14894401803,48.305526876115,1694799804000
1374616786250594,Nord-du-Quebec,-77.558249998569,51.057322221832,1531217968000
1340883303122952,Saguenay-Lac-Saint-Jean,-72.14937861031,48.304558537344,1683377119000
211636094669960,Saguenay-Lac-Saint-Jean,-70.699091691262,48.439093907649,1684498312000
2750970405108055,Cote-Nord,-63.185915271071,50.624280468711,1752075419583
3043694672458155,Cote-Nord,-63.190455979744,50.622788284383,1752075656833
775600287433423,Saguenay-Lac-Saint-Jean,-70.723726480414,48.312720481285,1684506661000
3001779779960104,Cote-Nord,-68.211588585194,51.459905475264,1728065653429
2354112868272513,Cote-Nord,-68.21266074159,51.432524075779,1728065525286
1074653681503490,Cote-Nord,-61.805911032938,50.17660094431,1752065979625
1400746751226680,Cote-Nord,-61.82758184632,50.199860057811,1752066188875
5435165313244568,Saguenay-Lac-Saint-Jean,-70.559836111111,48.027041666667,1661683569738
1197023584960651,Saguenay-Lac-Saint-Jean,-71.130035,48.163266,1722174172000
1757593344896939,Cote-Nord,-62.72082179763,50.320505496627,1752056270416
1375138459885632,Saguenay-Lac-Saint-Jean,-71.638078251461,48.19635565644,1683373143000
906184038119085,Cote-Nord,-68.150855648346,51.289977564217,1728063272000
1777452273146751,Cote-Nord,-63.259434584669,50.382255223332,1749487298778
679928128213466,Cote-Nord,-63.25950349394,50.385070178424,1749487184364
1687671528442383,Saguenay-Lac-Saint-Jean,-71.108124,48.219768,1722173533000
776199984987249,Cote-Nord,-63.259493605829,50.385018462854,1752073781750
1904016486743567,Saguenay-Lac-Saint-Jean,-71.110180051316,48.192160332866,1722173858000
1740398697355331,Cote-Nord,-63.255986909367,50.38174651603,1752073363250
1060527552726398,Cote-Nord,-68.672924309198,49.74563178581,1751968481141
24208132905472402,Cote-Nord,-68.681967581305,49.728818242471,1751978550176
1879988035914504,Cote-Nord,-61.734305134529,50.137387448379,1752065648541
24452030031076281,Cote-Nord,-61.726980493801,50.139956536996,1752065684833
497272719659038,Saguenay-Lac-Saint-Jean,-72.219364629368,48.895243287528,1719939257000
2594634624030015,Saguenay-Lac-Saint-Jean,-72.2217006,48.8928928,1719939432000
583674596894474,Saguenay-Lac-Saint-Jean,-71.53150827563,48.098234619489,1683372654000
1018114279156115,Saguenay-Lac-Saint-Jean,-71.690653756422,48.273552736587,1683373472000
802657204898514,Saguenay-Lac-Saint-Jean,-71.690596595397,48.278090928425,1687689439000
171136561584788,Nord-du-Quebec,-78.483838882419,52.17514722502,1531202444000
1545183589235802,Saguenay-Lac-Saint-Jean,-70.2972285,48.0765146,1662557692000
488763132436767,Nord-du-Quebec,-78.479482603854,52.172807621017,1531202460000
2116728625483815,Cote-Nord,-62.69787879607,50.319754062159,1752056329416
212579048258148,Saguenay-Lac-Saint-Jean,-71.129910999938,48.321606611746,1685538918000
916469626276706,Saguenay-Lac-Saint-Jean,-70.962932912387,48.45751073102,1684499080000
1394555924717465,Saguenay-Lac-Saint-Jean,-70.859491821098,48.317013406918,1684506107000
620309466677152,Saguenay-Lac-Saint-Jean,-71.568872581877,48.12538919909,1683372800000
751178466710971,Saguenay-Lac-Saint-Jean,-71.557665282151,48.121526001353,1683372766000
1472885587234277,Cote-Nord,-61.798078284955,50.159437003478,1752065901625
3866774186982262,Saguenay-Lac-Saint-Jean,-71.129788,48.283988,1722172765000
125561536990372,Saguenay-Lac-Saint-Jean,-71.070417900002,48.4155972,1668100844154
1454809628263387,Saguenay-Lac-Saint-Jean,-71.0703928,48.4155775,1668374247119
791562942616232,Saguenay-Lac-Saint-Jean,-71.07165021741,48.428041315664,1684499626000
435337278811480,Saguenay-Lac-Saint-Jean,-71.070504,48.4156056,1668373929524
557050769925552,Saguenay-Lac-Saint-Jean,-70.023700454552,48.094524093849,1684509497000
391004446536381,Saguenay-Lac-Saint-Jean,-71.070399100002,48.415593100001,1670692149315
3004582313184976,Saguenay-Lac-Saint-Jean,-70.0228989,48.095746699972,1662566428000
825521692060563,Saguenay-Lac-Saint-Jean,-71.070448300002,48.415572600002,1670691705689
177848841403869,Saguenay-Lac-Saint-Jean,-70.2402715,48.198868599972,1662559307000
465196729139346,Saguenay-Lac-Saint-Jean,-70.243311428975,48.197682464195,1684508421000
1406419240183352,Saguenay-Lac-Saint-Jean,-70.25479250944,48.196846843167,1684508369000
760302902228107,Saguenay-Lac-Saint-Jean,-70.856273385853,48.442478607804,1684498736000
792443262539154,Saguenay-Lac-Saint-Jean,-72.159493333883,48.290520461477,1687692932000
1352730248659824,Saguenay-Lac-Saint-Jean,-72.159321648284,48.290734424513,1694799866000
967465747603028,Saguenay-Lac-Saint-Jean,-72.161147314465,48.289154169479,1683377187000
509470940188443,Nord-du-Quebec,-77.117352777017,50.066297221124,1531225769000
1721230388080731,Nord-du-Quebec,-77.117163891978,50.064027779993,1531225777000
799729555072378,Saguenay-Lac-Saint-Jean,-72.180450045884,48.25846919405,1687693090000
1097122045253479,Saguenay-Lac-Saint-Jean,-71.430592827713,47.978032001004,1755181274987
1465228401033713,Saguenay-Lac-Saint-Jean,-72.184424490384,48.253050750815,1694800064000
951197639419257,Saguenay-Lac-Saint-Jean,-72.180357787906,48.258546847006,1683377556000
3537200836531971,Saguenay-Lac-Saint-Jean,-71.429975462603,47.977533254378,1694792434000
836116268057487,Saguenay-Lac-Saint-Jean,-71.429938645242,47.977525351637,1694790277000
702674975814754,Cote-Nord,-63.444181657123,51.103210322243,1749556328756
2094323737716765,Cote-Nord,-63.444281796494,51.103067481521,1749557422697
1441796687254237,Cote-Nord,-63.443272231942,51.118384766981,1749640421651
734912574986106,Saguenay-Lac-Saint-Jean,-70.331849340298,48.234897007547,1684508023000
1333624687704579,Cote-Nord,-63.443487038385,51.118316942945,1749648431969
1079846290925602,Saguenay-Lac-Saint-Jean,-73.307662784505,48.206945966299,1754228316000
6487436787983026,Saguenay-Lac-Saint-Jean,-71.687976232931,48.319870912156,1687689607000
793384838815801,Saguenay-Lac-Saint-Jean,-71.691356418942,48.310262183542,1683373612000
685355951221019,Cote-Nord,-62.044785227107,50.229174402095,1752067409458
1057982659845777,Cote-Nord,-61.598179876314,50.192621969743,1752065232041
1743341462951696,Cote-Nord,-61.605885382961,50.18005289631,1752065234208
307956581554337,Saguenay-Lac-Saint-Jean,-71.238365647899,48.142164142947,1685540534000
1363722497877505,Saguenay-Lac-Saint-Jean,-72.242983732651,48.103777293695,1694800693000
237404605742976,Saguenay-Lac-Saint-Jean,-72.243488112476,48.103102853673,1687693763000
739949648315515,Cote-Nord,-68.735539568518,50.635801824642,1728056104750
635677774631308,Saguenay-Lac-Saint-Jean,-72.240537138716,48.106522450207,1683378184000
1408023316650814,Saguenay-Lac-Saint-Jean,-72.242827501489,48.103912707654,1683378196000
1506271496795974,Saguenay-Lac-Saint-Jean,-72.243658720542,48.10309813192,1694800696000
1238079130551687,Saguenay-Lac-Saint-Jean,-71.16002447206,48.121207348145,1722174748000
274058611104238,Nord-du-Quebec,-77.747886106526,52.072427774519,1531205126000
1414359555612282,Nord-du-Quebec,-77.738836102792,52.069016667445,1531205158000
963191808206189,Saguenay-Lac-Saint-Jean,-70.724363147919,48.444669513115,1684498383000
130633805762658,Nord-du-Quebec,-77.747655555165,52.072383334038,1531151466000
885614598836685,Nord-du-Quebec,-77.748213888719,52.072588889292,1531151468000
218405127568013,Saguenay-Lac-Saint-Jean,-70.642232520394,48.283321126345,1684506894000
967210001303309,Saguenay-Lac-Saint-Jean,-72.231213355378,48.158485078519,1683377969000
1335405887397501,Saguenay-Lac-Saint-Jean,-72.231505433096,48.155043062684,1694800477000
793005668896749,Saguenay-Lac-Saint-Jean,-72.231409630786,48.157187661809,1687693513000
1759705838244465,Cote-Nord,-63.602890702496,50.254313931287,1752053204250
2904213099882236,Saguenay-Lac-Saint-Jean,-70.260384299972,48.1582531,1662558952000
192084276529572,Saguenay-Lac-Saint-Jean,-70.273499099972,48.135669,1662558277000
1427394554715641,Saguenay-Lac-Saint-Jean,-70.556639262247,48.277423189697,1684507288000
163161389884397,Saguenay-Lac-Saint-Jean,-70.916182389714,48.308630916641,1685537567000
931715461398267,Saguenay-Lac-Saint-Jean,-70.2539964,48.3992781,1684497007000
203198022532904,Saguenay-Lac-Saint-Jean,-70.229899210136,48.391901639052,1684496930000
518845607033689,Saguenay-Lac-Saint-Jean,-70.0364464,48.1609414,1687271545000
647462320556482,Saguenay-Lac-Saint-Jean,-70.045463095072,48.187364325041,1684509073000
1091479022530629,Cote-Nord,-62.061746371314,50.231242560402,1752067466458
1425001768784942,Cote-Nord,-63.412728633012,50.23623377265,1752053776916
3208883589401340,Nord-du-Quebec,-77.467093170598,50.507504208319,1507828476317
611478030252491,Nord-du-Quebec,-77.453466671727,50.505613893107,1531222859000
794817421140682,Nord-du-Quebec,-77.467605565785,50.507597228972,1531222821000
529095736496815,Cote-Nord,-68.232523738821,51.618156696568,1728066637857
963115607851172,Nord-du-Quebec,-77.275144445527,50.477083331898,1531223919000
1453298548435373,Nord-du-Quebec,-77.296345244086,50.485780774772,1507827700475
2569761059995444,Nord-du-Quebec,-77.288083413784,50.482283373433,1531223885000
1296061922132823,Cote-Nord,-63.469298000984,50.25961940712,1752053567916
1429669251390206,Cote-Nord,-63.494536768534,51.344456268146,1749645414704
1277827350430305,Cote-Nord,-63.493265701635,51.345113449312,1749643041523
1091416196165681,Cote-Nord,-63.495141333718,51.342628477029,1749643048330
516548666041958,Nord-du-Quebec,-77.589238891302,49.772466666869,1531228283000
553346740605415,Cote-Nord,-68.138406215768,51.672877382647,1728067194858
869683118621623,Cote-Nord,-68.14211581479,51.671307013295,1728067183000
1098168717355947,Nord-du-Quebec,-77.578696662725,49.772260156785,1531228247000
3009330152618860,Nord-du-Quebec,-78.512842053131,52.2407765296,1531201705000
479607216640809,Nord-du-Quebec,-78.511286404854,52.242110426668,1531201731000
1559676087571073,Nord-du-Quebec,-78.509121841003,52.242578804613,1531201891000
1084766249952293,Cote-Nord,-62.635420887886,50.292418131912,1752056546416
1416760846274039,Cote-Nord,-63.37435396381,50.250176050628,1752053899916
206114074437257,Nord-du-Quebec,-77.583127799048,52.07812777525,1531150907000
1205551489874582,Nord-du-Quebec,-77.592719407729,52.07654167275,1531205823000
129551859198132,Nord-du-Quebec,-77.597563894473,52.07570000108,1531150953000
306630794201567,Nord-du-Quebec,-77.574430554724,52.078761110829,1531205879000
273542854476864,Nord-du-Quebec,-77.586958330788,52.077552774338,1531205841000
2128673187658191,Cote-Nord,-61.443324620632,50.171024261407,1752064561416
773031282071602,Cote-Nord,-68.575233543398,49.425306580987,1751897350863
765705172617970,Cote-Nord,-61.495950932671,50.171807752504,1752064717416
745527234957555,Cote-Nord,-61.834819841046,50.215308714561,1752066297875
1857320764893168,Cote-Nord,-63.43687108832,50.243573693759,1752053698916
3082951375198369,Cote-Nord,-63.264658010734,50.346162358512,1752072830416
1177795934122198,Cote-Nord,-63.251799617909,50.335788851433,1749487297744
1237365861306670,Cote-Nord,-63.264735543334,50.346517018147,1749487547793
1028692539400857,Cote-Nord,-63.243872085958,50.330531566915,1749487399345
578184433116893,Nord-du-Quebec,-77.712416667844,52.065724998761,1531151348000
3888428911192439,Nord-du-Quebec,-77.690794444444,52.067949999172,1531205398000
175197411158072,Nord-du-Quebec,-77.708647300012,52.066694424369,1531205257000
147223397303920,Nord-du-Quebec,-77.699211113741,52.068263891126,1531151302000
1441536613720773,Cote-Nord,-62.974171352727,50.304266418955,1752055299833
1051083893241618,Cote-Nord,-63.230166726733,50.532773747416,1749543281456
1089063346096499,Cote-Nord,-63.230590381065,50.532708976477,1752076237208
1224283919245885,Cote-Nord,-63.230450244126,50.532650001526,1749567865314
1094476825447998,Cote-Nord,-63.230624150171,50.532426654708,1752074618291
1482119459470656,Cote-Nord,-63.133528131068,50.316300689982,1752054820833
1051385649903089,Cote-Nord,-63.44890732745,51.006374798417,1749554758331
748040674564264,Cote-Nord,-63.448997863191,51.006372313008,1749558440850
1245724877026068,Cote-Nord,-61.707518694174,50.1470857643,1752065622833
762293176190413,Cote-Nord,-62.445385121641,50.286568070205,1752057393875
1057262532344556,Cote-Nord,-68.145042480656,51.669970980173,1728067173571
1256068178758589,Cote-Nord,-67.930226374451,51.782489603505,1728068337857
1494376804611330,Cote-Nord,-67.948172724041,51.779470732621,1728068246857
935736067189921,Nord-du-Quebec,-78.022697217735,52.08991110769,1531152379000
2867146666876511,Nord-du-Quebec,-78.027677834303,52.090436123114,1531152394000
471704420575262,Nord-du-Quebec,-78.036649994806,52.09303055828,1531204231000
492086448897978,Nord-du-Quebec,-78.022086108936,52.089780557544,1531204277000
470211254259887,Nord-du-Quebec,-77.414205552199,52.080722221038,1531150336000
492505462164153,Nord-du-Quebec,-77.412702828997,52.080169465917,1531206419000
323373529143043,Nord-du-Quebec,-77.414205552227,52.080722221038,1531150336000
468462824372041,Nord-du-Quebec,-77.419019414312,52.081816661244,1531206399000
8795637000502915,Cote-Nord,-68.11981760063,51.299372118096,1728063375857
1268987418258270,Cote-Nord,-63.064488053819,50.309218257007,1752055018833
768075213851312,Nord-du-Quebec,-77.57028055527,50.594649998799,1531222230000
1891146254383043,Nord-du-Quebec,-77.57028055527,50.594649998799,1531222230000
779896742918241,Nord-du-Quebec,-77.081580553211,50.321219449509,1531224786000
166070391992564,Nord-du-Quebec,-77.080855517614,50.322116734698,1531224782000
1824184361844413,Cote-Nord,-68.641631879972,49.7202392184,1751968458786
1527675998204587,Cote-Nord,-63.301074010426,50.649958499872,1749565877900
1405445353840329,Cote-Nord,-63.300700301013,50.649829701861,1749547144293
1416814373320876,Cote-Nord,-68.460072355599,49.367339040719,1751897220833
955554499933520,Cote-Nord,-68.170505856532,51.369079469564,1728064263999
1083508336628202,Cote-Nord,-68.574268721674,49.557654034698,1751911985104
735826432700119,Cote-Nord,-63.232941392068,50.316487248938,1752054496833
1960350454775981,Cote-Nord,-63.300002129264,50.739994015726,1749564351965
1773465833243040,Cote-Nord,-61.975089712507,50.23014173948,1752067023916
24293822356936097,Cote-Nord,-62.322222931832,50.272801067138,1752057942291
701374539265825,Cote-Nord,-63.208350491597,50.558413540039,1749543119928
1762839891254614,Cote-Nord,-63.208369861239,50.558479549763,1749567647096
1199024215315700,Cote-Nord,-63.208818170792,50.558506812549,1752076080958
2115251482295173,Cote-Nord,-63.208509017492,50.558317362258,1752074759541
1514831539887191,Cote-Nord,-62.278242078138,50.263511758518,1752058065291
1270956307827634,Cote-Nord,-63.565875144946,50.256584785958,1752053332250
1292462782574530,Cote-Nord,-63.53086198627,50.25813485552,1752053464250
30556305537318010,Cote-Nord,-63.528840135882,50.259452940937,1752053376916
410119235362358,Cote-Nord,-66.470680644732,50.157451640547,1718978392000
1894064911036070,Cote-Nord,-66.47189883811,50.157299973536,1718979238000
1500982130852962,Cote-Nord,-66.475648680406,50.156399174747,1716898768000
420733034270007,Cote-Nord,-66.471195699807,50.156734899407,1718029297000
2886657258275345,Nord-du-Quebec,-77.158617169189,52.149134310817,1531207735000
1141018533792607,Cote-Nord,-66.470807413641,50.157467823963,1718978671000
1018109800027957,Cote-Nord,-66.471364503283,50.156621992808,1718029167000
485674226003738,Nord-du-Quebec,-77.157722222222,52.149622222222,1531148736000
492463919808076,Cote-Nord,-66.471316714476,50.157633804142,1718978535000
900720103828358,Nord-du-Quebec,-77.158347251632,52.149383323281,1531148738000
444067131907519,Cote-Nord,-66.469636617079,50.157062798775,1718029028000
1865065480627687,Cote-Nord,-66.471356462851,50.157885739187,1718979376000
122822873165516,Nord-du-Quebec,-77.151478651578,52.15187430754,1531207755000
464974542896005,Cote-Nord,-66.471104191656,50.157879441061,1718979520000
512426653525340,Nord-du-Quebec,-77.167007027788,52.146875768828,1531142616000
495192481602722,Nord-du-Quebec,-77.151463896452,52.151941669176,1531142661000
1097554671776936,Cote-Nord,-62.916069112496,50.290519950757,1752055893291
1436729697539234,Cote-Nord,-63.29338223661,50.281685148604,1752054754750
1412753539809110,Cote-Nord,-62.748134515319,50.316827857542,1752056193416
736798782462558,Cote-Nord,-61.861066971324,50.220820306418,1752066404875
1293646385886251,Cote-Nord,-61.889562883626,50.229738735297,1752066758041
1459752761875622,Cote-Nord,-68.511848704628,49.325643562436,1751897307854
1042260644535364,Cote-Nord,-63.274688541166,50.650546280454,1748936399575
3532062777087516,Cote-Nord,-63.274847006433,50.65062547623,1748936803363
1097982849045664,Cote-Nord,-63.275047978977,50.650017253972,1748937968110
1700991063871830,Cote-Nord,-63.274650913654,50.650497563038,1748937783172
927762952710447,Cote-Nord,-68.160249209457,51.663501544606,1728067118286
1226970616095108,Cote-Nord,-63.435736002845,51.082791589358,1749557261636
1818604022365703,Cote-Nord,-63.43587992065,51.083086170436,1749554743015
1837229203520252,Cote-Nord,-63.4384898618,51.087266989276,1749557674148
1296753345230823,Cote-Nord,-61.638338712603,50.152974028387,1752065392208
624356550684726,Cote-Nord,-63.240133067874,50.454517695134,1749542088401
1313211406891868,Cote-Nord,-63.240158638754,50.45456646416,1749569179797
281973766984465,Nord-du-Quebec,-77.058761111111,52.238269444444,1531148276000
123100513138080,Nord-du-Quebec,-77.059866662428,52.234655565992,1531145561000
167445848626130,Nord-du-Quebec,-77.058761114017,52.238269442627,1531148276000
2483473078526875,Nord-du-Quebec,-77.058613890723,52.237402788228,1531145573000
1279980963662645,Cote-Nord,-63.482610480207,50.258440220963,1752053528916
3872393313051951,Cote-Nord,-61.439489617156,50.172443405072,1752064549416
1338190797727053,Cote-Nord,-61.893475753505,50.232059697484,1752066776041
1466211784516387,Cote-Nord,-61.917778205369,50.238395506461,1752066799916
225098158952750,Nord-du-Quebec,-77.454794215824,51.430243015175,1531215995000
214470823484292,Nord-du-Quebec,-77.454855560104,51.430533336169,1531138625000
2922382724671327,Nord-du-Quebec,-77.457968725631,51.434983301941,1507914256540
1588121918043932,Nord-du-Quebec,-77.454466662928,51.430113885996,1531138623000
975880516489229,Nord-du-Quebec,-77.454794235584,51.430243017886,1531215995000
556509010788924,Cote-Nord,-62.81686925098,50.28790003218,1752056177291
285168799994260,Nord-du-Quebec,-77.346494440365,49.806677776553,1531227595000
308486727436820,Nord-du-Quebec,-77.332059596466,49.807306096616,1531227547000
137401898369584,Nord-du-Quebec,-77.353475000745,49.80731944415,1531227613000
157108583010781,Nord-du-Quebec,-77.332569917739,49.807186570926,1531227553000
24534280082851756,Cote-Nord,-61.404095232944,50.176827014452,1752064447416
2977410872582259,Nord-du-Quebec,-77.199688466605,50.460772846887,1507825480666
2964045353836952,Nord-du-Quebec,-77.199175795334,50.460553073313,1507825476176
3958557610903204,Nord-du-Quebec,-77.208424986379,50.463111110898,1531224097000
131719538902848,Nord-du-Quebec,-77.202953337183,50.462015274704,1531224112000
1105293334851611,Cote-Nord,-68.195461877786,49.235806413686,1751886011304
4371226656229889,Nord-du-Quebec,-77.813841668364,52.089413887719,1531151702000
299380831647680,Nord-du-Quebec,-77.814458331974,52.089494445153,1531151704000
462986521445585,Nord-du-Quebec,-77.820123879189,52.090010316133,1531204896000
2931609340495445,Nord-du-Quebec,-77.825888869104,52.089805558368,1531204880000
149558340465475,Nord-du-Quebec,-77.838269431499,52.088330553387,1531204844000
128493662646154,Nord-du-Quebec,-77.838269431471,52.088330553387,1531204844000
608016899050539,Cote-Nord,-62.58949091369,50.281478337857,1752056692416
3211514965689197,Cote-Nord,-63.449869648013,50.911818709826,1749561460497
744279911316656,Cote-Nord,-68.554141981796,49.57275435758,1751911924010
198452195290488,Nord-du-Quebec,-77.376202783736,51.706641666378,1531140042000
653715572477823,Nord-du-Quebec,-77.373647255313,51.717711042594,1531140090000
217920743130546,Nord-du-Quebec,-77.375638885659,51.709161104133,1531140052000
203124941474576,Nord-du-Quebec,-77.375875001267,51.71496388831,1531140078000
1415999119679817,Cote-Nord,-62.9594385278,50.29097099991,1752055769291
1406729527057403,Cote-Nord,-63.284851998726,50.290701763374,1752054799750
1143641109432789,Nord-du-Quebec,-77.336875006744,52.047677777309,1531206808000
456509412277847,Nord-du-Quebec,-77.337888842463,52.048013866502,1531206804000
806191930330251,Nord-du-Quebec,-77.331899981638,52.048052777231,1531150003000
259215809238829,Nord-du-Quebec,-77.333991663425,52.047500002422,1531150011000
24111639555151795,Cote-Nord,-63.148377391802,50.32037250432,1752054776833
1318534239845147,Cote-Nord,-61.519921186805,50.179415420734,1752064964625
1261340405333498,Cote-Nord,-63.300543278457,50.74055230285,1749564348529
1106186018040179,Cote-Nord,-63.316074681416,50.763789902756,1749563725902
1822281365015637,Cote-Nord,-63.300303215083,50.740429438239,1749548336803
301499074791748,Nord-du-Quebec,-77.11468333835,52.278966734802,1531148019000
920614262067395,Nord-du-Quebec,-77.102477779553,52.268891668329,1531145769000
306848634213920,Nord-du-Quebec,-77.112380555945,52.274824998494,1531145805000
1279244470530194,Cote-Nord,-68.179664451646,49.27011933697,1751886051444
304850181293213,Nord-du-Quebec,-77.520094519467,52.079069467915,1531206068000
313914146783454,Nord-du-Quebec,-77.517301966429,52.078590859737,1531150678000
514140983281569,Nord-du-Quebec,-77.517308716412,52.078592462543,1531150678000
1231411653942434,Nord-du-Quebec,-77.52009451944,52.079069467914,1531206068000
1087363656177282,Cote-Nord,-68.603449252336,49.451006765344,1751897361807
1226166089005913,Cote-Nord,-63.234977872618,50.529966941366,1749543241049
1259059279266861,Cote-Nord,-63.235121492201,50.529967093616,1749567901817
1195350065954132,Cote-Nord,-63.237810955504,50.526932787542,1752076276708
406888832280917,Cote-Nord,-68.22143115273,51.642829834862,1728066761857
731927843020233,Cote-Nord,-61.800039726714,50.134872368546,1752065859541
1538176490484654,Cote-Nord,-68.640934696068,49.722031018062,1751968453314
1048421750099199,Cote-Nord,-68.210715362797,51.64962859153,1728066806857
402938786191143,Cote-Nord,-68.219963678193,51.644202449673,1728066769285
1514268572533760,Cote-Nord,-68.192665656802,51.653474765537,1728067006000
1087468640079717,Cote-Nord,-62.579940445007,50.281218656275,1752056717416
1116068100587431,Cote-Nord,-62.551035132238,50.282542758904,1752057098875
652185411240493,Cote-Nord,-61.890170564373,50.22992114511,1752066760041
2220313068414943,Cote-Nord,-68.195962913754,49.240681896426,1751886019913
742185425370257,Cote-Nord,-61.574745856978,50.196635970497,1752065157041
1217547176704275,Cote-Nord,-63.029056813681,50.319653674391,1752055128833
856574914958379,Nord-du-Quebec,-77.961766664005,52.090799998361,1531152186000
825390084998086,Nord-du-Quebec,-77.374091663374,49.809077776413,1531227665000
570528380591838,Nord-du-Quebec,-77.961561182709,52.090730551781,1531204462000
193597165921468,Nord-du-Quebec,-77.362380560218,49.808341665634,1531227635000
345965743528362,Nord-du-Quebec,-77.974375966597,52.091995753534,1531204416000
487479576010743,Nord-du-Quebec,-77.961119447644,52.090800003026,1531152184000
1776141123330453,Cote-Nord,-63.014639475643,50.321275030115,1752055167833
1267382098378721,Cote-Nord,-63.525367662661,50.260789275041,1752053397916
975388981269270,Cote-Nord,-68.138756111761,51.940602819213,1728076722143
612599308282719,Cote-Nord,-61.80058825884,50.166765339641,1752065936625
449611136337787,Nord-du-Quebec,-77.782241670039,52.079458335019,1531151586000
2097323780759334,Cote-Nord,-61.939366858088,50.227954716432,1752066899916
309551740553384,Nord-du-Quebec,-77.783377777017,52.079761110808,1531151590000
181244773767233,Nord-du-Quebec,-77.78215540438,52.079402739706,1531205019000
390281858684517,Nord-du-Quebec,-77.782644528145,52.079522241538,1531205017000
501683622332136,Cote-Nord,-68.213006655873,51.400840911051,1728065376714
1098797995168311,Cote-Nord,-68.217260857757,51.409793935873,1728065425143
727469443017634,Cote-Nord,-63.330220517823,50.814283936194,1749563370280
1214288083241753,Cote-Nord,-63.329955471272,50.813853068608,1749549657646
1634459393800463,Cote-Nord,-68.140523175861,51.35369338074,1728064152428
447182237887203,Cote-Nord,-68.152337837896,51.36100318519,1728064197714
1004976561442246,Cote-Nord,-63.250635083431,50.428493231615,1749569369853
1143366694610830,Cote-Nord,-63.103643693737,50.308174366082,1752054905833
10000514903317409,Cote-Nord,-63.250554546207,50.428500482213,1749487424337
1235906814741114,Cote-Nord,-63.250715699068,50.428594559374,1749487098077
567716929727236,Cote-Nord,-63.250502667215,50.428430307072,1749541765312
1423339198874919,Cote-Nord,-63.250511678063,50.428397291701,1752074092833
1474245550258583,Cote-Nord,-63.250728182852,50.428517465222,1752076510375
469898884232663,Nord-du-Quebec,-77.685299998358,50.735488884496,1531221261000
290460619407281,Nord-du-Quebec,-77.685575003953,50.734763873517,1531221265000
292625382597878,Nord-du-Quebec,-77.666662186719,50.755996900568,1531220999000
988759421893803,Nord-du-Quebec,-77.666876776228,50.75591095814,1531221001000
557333945652433,Nord-du-Quebec,-77.248616658179,52.07801944994,1531142159000
397732614531277,Nord-du-Quebec,-77.248816670064,52.077988890729,1531149227000
839918046735483,Nord-du-Quebec,-77.24854167613,52.078044435042,1531207256000
1105827773248819,Nord-du-Quebec,-77.249317012084,52.077686563694,1531207254000
303692394797355,Nord-du-Quebec,-77.246777781163,52.078866661229,1531149221000
828962551303532,Nord-du-Quebec,-77.269377783086,52.068836109022,1531142102000
1270350961141640,Cote-Nord,-61.303984479068,50.193763258989,1752064204125
480173553265367,Nord-du-Quebec,-77.30082499636,51.998130556062,1531141525000
1937049343116103,Nord-du-Quebec,-77.301549999594,51.997199999588,1531141521000
1672970416738262,Cote-Nord,-63.203541748963,50.562416946741,1749543163806
1402071137671514,Cote-Nord,-63.193527505324,50.573732973813,1749567974223
770514172387205,Cote-Nord,-63.204672692821,50.561653564603,1752074778541
1284920326505849,Cote-Nord,-63.204340276932,50.561765513917,1752076059958
899916618274940,Cote-Nord,-68.230297062618,51.605249879967,1728066487857
1290332462742972,Cote-Nord,-68.535536424533,49.391136019574,1751897333312
891448039814155,Cote-Nord,-68.055949403665,51.725993564699,1728067553286
940992876667074,Nord-du-Quebec,-77.69286943289,50.721458352284,1531221343000
117475753722767,Nord-du-Quebec,-77.691747214823,50.72350278532,1531221331000
1104610490036771,Nord-du-Quebec,-77.435088888527,51.836450000574,1531140745000
189530346367423,Nord-du-Quebec,-77.431088885142,51.8292666684,1531140715000
1307619494292424,Cote-Nord,-68.5495779302,49.568888004482,1751911944931
1416230689428851,Cote-Nord,-63.48993089903,50.260919210944,1752053504916
1055155879448918,Cote-Nord,-63.334268080863,50.830163803195,1749562253777
596797496787139,Cote-Nord,-63.334401485583,50.829965378399,1749549886642
1003245485129724,Cote-Nord,-62.669978591767,50.311460587354,1752056413416
762398752839489,Cote-Nord,-61.28934413252,50.193761421487,1752064159125
763118412931023,Cote-Nord,-61.27211775769,50.188601068368,1752063504041
1069881605213047,Cote-Nord,-61.286478899252,50.193230298352,1752064154208
1023190113298149,Cote-Nord,-63.210787394285,50.331498419222,1749487092939
1807434646476353,Cote-Nord,-63.219568150736,50.326410034511,1752054556833
1400346637687254,Cote-Nord,-63.210877523164,50.331539883719,1749487550563
1697560680929374,Cote-Nord,-63.210787297624,50.33147304392,1752072567416
536554124750359,Nord-du-Quebec,-77.093458333333,52.327738888889,1531147795000
851085739165734,Nord-du-Quebec,-77.101014484287,52.321211839231,1531160919627
645065698613864,Cote-Nord,-61.669580851566,50.152759644932,1752065510833
501495311044209,Nord-du-Quebec,-77.093802783226,52.327963889749,1531147793000
1513205883367778,Cote-Nord,-61.652385447576,50.152871917076,1752065430208
608638012272674,Cote-Nord,-63.450691893506,50.949125234926,1749560496792
1442857017149560,Cote-Nord,-63.45333514227,50.945514502934,1749553008493
1959688971465594,Cote-Nord,-68.545271308824,49.573907812333,1751911934053
702387295985754,Cote-Nord,-63.457659003065,51.037574709063,1749558486996
1418534452516661,Cote-Nord,-63.457577538917,51.037624875372,1749554651524
1081279753885952,Cote-Nord,-63.489219717015,51.305542750546,1749642883732
1085401246792095,Cote-Nord,-63.489743495586,51.306548084798,1749645606296
1273344544016211,Cote-Nord,-68.174708508062,51.370860560891,1728064278714
634409259681707,Cote-Nord,-62.800694229252,50.303076514116,1752056025416
2782785305260689,Cote-Nord,-62.805391846413,50.291885097591,1752056253291
1468637077654530,Cote-Nord,-62.820114275431,50.290624267941,1752056163291
1046544334354550,Cote-Nord,-68.473596755388,49.3599265712,1751897273419
738361749174752,Cote-Nord,-62.399304191005,50.296539295053,1752057532875
1805046153687859,Cote-Nord,-63.216783116452,50.607817579263,1749543201376
679661208229018,Cote-Nord,-63.216797356816,50.607711382562,1749566033022
1117036997111097,Cote-Nord,-63.210061876505,50.600463539662,1749543438513
1266531167818263,Cote-Nord,-63.210504067811,50.600603068237,1752075161666
24534532842850153,Cote-Nord,-63.330036581649,50.258462161046,1752054025916
10071937756250760,Cote-Nord,-63.271585050306,50.635734668548,1749545229989
744256834799598,Cote-Nord,-63.271551081571,50.63552699513,1749565812902
734490319101899,Cote-Nord,-63.179569231681,50.599129533332,1749543071547
1093622355596948,Cote-Nord,-63.1790761931,50.619816440182,1752075756833
740428875277201,Cote-Nord,-63.17917186651,50.619613432555,1752075363416
1167339825150694,Cote-Nord,-63.179621220598,50.600379804829,1749567780396
1525820878407257,Cote-Nord,-63.179260684867,50.600132229336,1752074987541
1070972731135021,Cote-Nord,-68.090780864777,51.70116566404,1728067395000
1054297545972193,Cote-Nord,-68.073376198066,51.711006788802,1728067467857
1332644317646819,Nord-du-Quebec,-68.399090281316,58.10566849349,1628280543000
1059728486296416,Cote-Nord,-63.449649978893,50.888779004004,1749561705775
1276598150739498,Cote-Nord,-63.450003494551,50.888936482483,1749551794914
1602280607388082,Cote-Nord,-68.241006643631,51.536168430444,1728066115285
519369535741288,Nord-du-Quebec,-77.45016388959,51.45077777725,1531138709000
837124180487750,Nord-du-Quebec,-77.450430559092,51.450591660999,1531215913000
135120898611101,Nord-du-Quebec,-77.45016388959,51.45077777725,1531138709000
818580495758931,Nord-du-Quebec,-77.450430559092,51.450591660999,1531215913000
655319136929940,Cote-Nord,-62.899231457461,50.290303495752,1752055938291
739284936746628,Nord-du-Quebec,-77.784963883757,52.080272220677,1531151596000
2947817618873431,Nord-du-Quebec,-77.784422231379,52.080088889903,1531151594000
692805503771797,Cote-Nord,-62.539125746212,50.284612060431,1752057142875
308031020703527,Nord-du-Quebec,-77.784644431065,52.08013332744,1531205010000
139253351517404,Nord-du-Quebec,-77.804311081877,52.087438884959,1531204941000
1474997216623541,Cote-Nord,-68.10733631866,51.686131105986,1728067309143
758020791578307,Nord-du-Quebec,-77.542013891941,52.082658333811,1531205989000
222416579271792,Nord-du-Quebec,-77.542013891996,52.082658333811,1531205989000
190294652917579,Nord-du-Quebec,-77.540822218471,52.0826944464,1531150764000
1447891863328114,Cote-Nord,-63.438526220039,50.979919188241,1749553010962
845854219346211,Nord-du-Quebec,-77.541433334946,52.082699998756,1531150766000
2140152456503187,Cote-Nord,-63.438584274448,50.979819452291,1749560627389
1099111052213495,Cote-Nord,-63.43032825431,51.069773634235,1749557497672
480671999808642,Nord-du-Quebec,-77.565811129428,52.080272215001,1531205907000
2157967324679357,Cote-Nord,-63.430186148061,51.069752852176,1749554583756
1208890192887530,Nord-du-Quebec,-77.122213888826,49.978919434188,1531226199000
278290490654716,Nord-du-Quebec,-77.120047222156,49.954100000079,1531226289000
1089908369362155,Cote-Nord,-67.979453365951,51.771594184295,1728068084286
3704405209822254,Cote-Nord,-68.009808793074,51.755068142725,1728067896286
1493991878271404,Cote-Nord,-61.987432341123,50.224509274535,1752067070458
2032987057172235,Cote-Nord,-67.916033048228,51.782129902864,1728068422428
1242897743890600,Cote-Nord,-63.1899427442,50.606220933715,1749543259168
1252967009448773,Cote-Nord,-63.190311528073,50.60609108656,1752075052541
1216352553324807,Cote-Nord,-63.189839494247,50.606169901732,1749567689838
1132247515627929,Cote-Nord,-63.190096488187,50.606128587401,1752075246708
1154537653103534,Cote-Nord,-63.259210236272,50.379850181395,1749487271984
1225134608687223,Cote-Nord,-63.259337998568,50.3797454737,1749487247393
1301724288331500,Cote-Nord,-63.259187442011,50.379942766915,1752073738750
1016856703710695,Cote-Nord,-62.476881508711,50.286539050089,1752057306875
383305799507750,Nord-du-Quebec,-77.314169442475,51.983530558329,1531141449000
498705154812480,Nord-du-Quebec,-77.309036117032,51.985575000771,1531141467000
754096267342900,Cote-Nord,-63.263271969221,50.304737833161,1752054398833
1298763111839345,Cote-Nord,-63.267838340142,50.301556517238,1752054864250
1209333870280306,Cote-Nord,-68.224163389316,51.480962789388,1728065768857
133126548834229,Nord-du-Quebec,-77.12467777367,49.895327779646,1531226550000
307717737633133,Nord-du-Quebec,-77.126136108997,49.895075000596,1531226554000
1418878901810614,Nord-du-Quebec,-77.13512222694,49.894816662598,1531226578000
247851080458344,Nord-du-Quebec,-77.120261105506,49.896108335739,1531226538000
1252449396115198,Cote-Nord,-62.496986794092,50.285647774226,1752057252875
1798654897663913,Cote-Nord,-68.170853922617,49.303636156929,1751886094521
1990377321719590,Cote-Nord,-62.280330272036,50.26398217049,1752058059291
1230641925277274,Cote-Nord,-63.299701572952,50.739647885646,1749564354034
1017732267136374,Cote-Nord,-63.299291460325,50.739295050629,1749548310877
2131313944032842,Cote-Nord,-63.297047609008,50.712655823258,1749548459192
179186677394037,Nord-du-Quebec,-77.119886106537,49.955869445057,1531226283000
978759109527404,Nord-du-Quebec,-77.119994444467,49.973986113725,1531226217000
150990183580572,Nord-du-Quebec,-77.447188885705,51.201041665429,1531136399000
293935142354321,Nord-du-Quebec,-77.437247807353,51.208837994952,1507908038627
366889121409255,Nord-du-Quebec,-77.437277750107,51.20881391841,1531217267000
1119930091826027,Nord-du-Quebec,-77.439749998526,51.206183333617,1531136425000
212330700458954,Nord-du-Quebec,-77.447011110208,51.20119444323,1531217302000
1125462351267030,Nord-du-Quebec,-77.440749998337,51.205366665824,1531217282000
1100006077160779,Nord-du-Quebec,-77.600286112193,50.640294445486,1531221962000
3917347324978100,Nord-du-Quebec,-77.611066672126,50.663144442934,1531221820000
485707762855805,Nord-du-Quebec,-77.603933331697,49.774436114968,1531228327000
515801189605008,Nord-du-Quebec,-77.614180576007,49.773322220015,1531228359000
192807325996751,Nord-du-Quebec,-77.496397217626,49.79507221926,1531227963000
822110598402969,Nord-du-Quebec,-77.48250555197,49.797866666405,1531227929000
559871418625772,Nord-du-Quebec,-77.590985123682,51.024755550093,1507905950692
467358364336964,Nord-du-Quebec,-77.593466688873,51.021655535408,1531218147000
516751742845065,Nord-du-Quebec,-77.591269440091,51.024474998934,1531218134000
336973585188218,Nord-du-Quebec,-77.093947222222,52.314211111111,1531147611000
2544738205833567,Nord-du-Quebec,-77.10841945014,52.31972500171,1531147405000
530236894634411,Nord-du-Quebec,-77.10553610983,52.314180562943,1531146077000
290253066031762,Nord-du-Quebec,-77.103155555572,52.294772222911,1531145889000
178645074121283,Nord-du-Quebec,-77.09641943676,52.304397220712,1531145929000
182923620424434,Nord-du-Quebec,-77.109463888488,52.312891663633,1531146099000
1491055214560698,Nord-du-Quebec,-77.523450004032,49.793650000259,1531228027000
2064098520396712,Nord-du-Quebec,-77.510016669291,49.794366669053,1531227995000
1642083912643261,Nord-du-Quebec,-77.390897226566,51.634177782254,1531139612000
425199831922769,Nord-du-Quebec,-77.396513886909,51.630386105538,1531139590000
395262061497542,Nord-du-Quebec,-77.213897222478,50.464361112535,1531224083000
1333693457016893,Nord-du-Quebec,-77.211837713857,50.463730139037,1507825987487
1196940287447736,Nord-du-Quebec,-77.215915051659,50.465696352924,1507826207174
831760110769264,Nord-du-Quebec,-77.230886171212,50.471755564723,1531224030000
832400504360747,Nord-du-Quebec,-77.850249997872,52.086744443359,1531151818000
477728046769067,Nord-du-Quebec,-77.846563897807,52.087302775033,1531204820000
483340972716929,Nord-du-Quebec,-77.840430546795,52.088102775734,1531151786000
2958685914416175,Nord-du-Quebec,-77.849942033607,52.086748694268,1531204810000
284850253119805,Nord-du-Quebec,-77.086599997007,50.132588890536,1531225515000
508129373880724,Nord-du-Quebec,-77.087552776934,50.154380556149,1531225437000
516804989699719,Nord-du-Quebec,-77.422591655201,51.772711114761,1531140444000
134834095360616,Nord-du-Quebec,-77.420111108932,51.769033330198,1531140416000
312624883600729,Nord-du-Quebec,-77.620566662685,50.989602784644,1531218293000
1454116761593527,Nord-du-Quebec,-77.627622220851,50.985336113401,1531218317000
1380514882396125,Nord-du-Quebec,-77.619556527681,50.996393016851,1507905638604
809329116352325,Nord-du-Quebec,-77.310544442416,49.814127778396,1531227477000
1210903419328519,Nord-du-Quebec,-77.316378838292,49.811452529088,1531227495000
1820457644793462,Nord-du-Quebec,-77.418861145554,51.786016592242,1531140526000
130930349061123,Nord-du-Quebec,-77.418372222842,51.787841661278,1531140533000
2961006144182292,Nord-du-Quebec,-78.200644385044,52.183924988899,1531203327000
302126458291254,Nord-du-Quebec,-78.20284163353,52.184363882654,1531203321000
482852466093013,Nord-du-Quebec,-77.42040833744,51.253408340248,1531216965000
1944838309014155,Nord-du-Quebec,-77.420363887018,51.25373333225,1531136856000
832336640691099,Nord-du-Quebec,-77.42023009021,51.252410384234,1507908441461
890620864832200,Nord-du-Quebec,-77.423230558275,51.240641666144,1531217011000
197597585379117,Nord-du-Quebec,-77.420333329748,51.248922231987,1531136840000
261474485717553,Nord-du-Quebec,-77.420483932616,51.25395391263,1531216963000
192561329331119,Nord-du-Quebec,-77.568236111514,52.079816666437,1531150859000
853988121852684,Nord-du-Quebec,-77.568852767283,52.079688889769,1531205897000
2957115214556415,Nord-du-Quebec,-77.569480556453,52.079572223429,1531205895000
1679114068957624,Nord-du-Quebec,-77.56946388722,52.079591669983,1531150863000
3066079610292019,Nord-du-Quebec,-77.273116644344,49.831663898097,1531227365000
734541290550644,Nord-du-Quebec,-77.27122216672,49.832561141916,1531227358000
221077912713747,Nord-du-Quebec,-77.059843625044,52.228921425887,1531145445000
1813126032220726,Nord-du-Quebec,-77.059846965221,52.228899670131,1531145477000
137099935098811,Nord-du-Quebec,-77.059937721235,52.228359286528,1531143149000
1113946002452361,Nord-du-Quebec,-77.059937601423,52.228358943376,1531143333000
1169695006804239,Nord-du-Quebec,-77.059939739849,52.228367556127,1531208269000
170311271659705,Nord-du-Quebec,-77.060025139181,52.22795872815,1531208223000
1134355550415849,Nord-du-Quebec,-77.292502871523,52.053872115025,1531149365000
710660916390504,Nord-du-Quebec,-77.296531341178,52.052731414892,1531149584000
172697938069961,Nord-du-Quebec,-77.292027779735,52.053911115175,1531142020000
693935141375082,Nord-du-Quebec,-77.296063879415,52.052947225755,1531207098000
245430574034491,Nord-du-Quebec,-77.274475037957,52.066847207975,1531142088000
2602118503422630,Nord-du-Quebec,-77.298772220302,52.050744443072,1531141998000
897897677775366,Nord-du-Quebec,-77.283002768031,52.057775008962,1531207142000
4362188697175716,Nord-du-Quebec,-77.274475037984,52.066847208003,1531142088000
461078088288817,Nord-du-Quebec,-77.370374990716,51.93191111297,1531141177000
483814539601505,Nord-du-Quebec,-77.36753376571,51.93630421481,1531141196000
4148454838577950,Nord-du-Quebec,-77.08965279762,50.129069433136,1531225529000
486545779326968,Nord-du-Quebec,-77.089255478478,50.129461171981,1531225527000
381394506444157,Nord-du-Quebec,-77.537627769027,52.082730554889,1531206003000
307024580958948,Nord-du-Quebec,-77.537627769055,52.082730554889,1531206003000
2757717917811305,Nord-du-Quebec,-77.53809979715,52.082725007172,1531150755000
375966320365033,Nord-du-Quebec,-77.53757239207,52.082755542838,1531150754000
130654292436245,Nord-du-Quebec,-77.658583330378,50.759663895356,1531220947000
1190393708057827,Nord-du-Quebec,-77.659990242039,50.758932898805,1531220955000
3028922040763776,Nord-du-Quebec,-77.36140277628,51.330213889341,1531137310000
470550130888358,Nord-du-Quebec,-77.385397223109,51.342891669337,1531216517000
4003452236380233,Nord-du-Quebec,-77.385566530266,51.343075377838,1507909610567
3530334160406182,Nord-du-Quebec,-77.371108335208,51.334166668628,1531216565000
2926245214360700,Nord-du-Quebec,-77.362105558713,51.330552776109,1531137312000
268001651672330,Nord-du-Quebec,-77.362990224799,51.330904599077,1507909255556
468716041078835,Nord-du-Quebec,-77.379067445617,51.336397406122,1531216545000
869786463576519,Nord-du-Quebec,-77.377080557749,51.335680553592,1531137348000
1731513693723689,Nord-du-Quebec,-78.152944443947,52.157952778027,1531203559000
360469592313796,Nord-du-Quebec,-78.155013887468,52.163213888655,1531203531000
915773882603898,Nord-du-Quebec,-77.437644462003,50.501147223968,1531222907000
336472141225707,Nord-du-Quebec,-77.425786366251,50.497099928693,1531223543000
670618994045645,Nord-du-Quebec,-77.437812372371,50.501199273713,1507828347507
4454271001284573,Nord-du-Quebec,-77.431579438232,50.498781124207,1531222927000
476950886976066,Nord-du-Quebec,-77.426419490441,50.497194330583,1531223541000
3872946286135330,Nord-du-Quebec,-77.091400000216,50.287652777136,1531224920000
995014451029288,Nord-du-Quebec,-77.092474992519,50.28473613579,1531224931000
296713425285459,Nord-du-Quebec,-77.241225003749,52.080274997873,1531142178000
1700000150388142,Nord-du-Quebec,-77.240522213399,52.08047778091,1531149204000
216421836608482,Nord-du-Quebec,-77.241758208643,52.080141697024,1531149207000
564412208280742,Nord-du-Quebec,-77.240155570274,52.080547218191,1531207278000
942900283142701,Nord-du-Quebec,-77.240416662576,52.08050000192,1531142180000
915221399047112,Nord-du-Quebec,-77.241758336881,52.080091676686,1531207274000
496478251490646,Nord-du-Quebec,-77.639144435053,50.682033320843,1531221682000
315247560217541,Nord-du-Quebec,-77.650969458781,50.688088891684,1531221632000
928325397735869,Nord-du-Quebec,-77.290961107406,52.00365555883,1531141557000
1372361113136455,Nord-du-Quebec,-77.29978888958,51.99894999869,1531141529000
1230653477369573,Nord-du-Quebec,-77.107162301351,50.376985142201,1531224561000
215872750043290,Nord-du-Quebec,-77.113045301567,50.387162454673,1507819932123
2819223481723609,Nord-du-Quebec,-77.107955546551,50.37934998173,1531224550000
2025356644269197,Nord-du-Quebec,-77.115888884373,50.389916665448,1531224500000
1426107367729634,Nord-du-Quebec,-77.115911109707,50.398402780291,1531224466000
3995817157170865,Nord-du-Quebec,-77.115866663817,50.398927774421,1531224464000
301130958291012,Nord-du-Quebec,-77.387411112031,51.637988891874,1531139632000
510997779922881,Nord-du-Quebec,-77.38994445312,51.635261106996,1531139618000
555103116189906,Nord-du-Quebec,-77.480163772708,50.509309802048,1507828536474
292172592448269,Nord-du-Quebec,-77.480780549296,50.509438889743,1531222789000
1681880978867623,Nord-du-Quebec,-77.480780549323,50.509438889771,1531222789000
154275010038328,Nord-du-Quebec,-77.124677774512,50.03368332996,1531225887000
761344887824443,Nord-du-Quebec,-77.125472236794,50.031352744392,1531225896000
503122310870870,Nord-du-Quebec,-77.283683340524,52.039380555643,1531141728000
3875616989225535,Nord-du-Quebec,-77.29527223194,52.043505554283,1531141950000
3708379725950868,Nord-du-Quebec,-77.298291670089,52.039380559391,1531206982000
1242031316224916,Nord-du-Quebec,-77.298352777629,52.044194448892,1531149647000
783596999211961,Nord-du-Quebec,-77.297797112868,52.039499968153,1531206984000
3063128053920467,Nord-du-Quebec,-77.297163864258,52.039766661215,1531149705000
2071371796343650,Nord-du-Quebec,-77.450033334389,51.199358330316,1531217312000
750321812332698,Nord-du-Quebec,-77.465746764927,51.187886936367,1507907599468
154795986577928,Nord-du-Quebec,-77.465674996329,51.18391944532,1531217392000
455466962422330,Nord-du-Quebec,-77.450011113283,51.199286110853,1531136389000
2886518021663275,Nord-du-Quebec,-77.455609752782,51.195871431333,1507907855379
225040952293930,Nord-du-Quebec,-77.465827767737,51.187708331564,1531217372000
125049459600314,Nord-du-Quebec,-77.450530550543,51.198966669405,1531136387000
502206617484076,Nord-du-Quebec,-77.464450792432,51.187549333336,1531149931983
1023388804860265,Nord-du-Quebec,-77.149794446058,50.427713891042,1531224314000
507843423914276,Nord-du-Quebec,-77.149983430083,50.425884176562,1507822463041
368517854555442,Nord-du-Quebec,-77.12041389517,50.405366675079,1531224434000
2918750731745860,Nord-du-Quebec,-77.883094429887,52.089791664959,1531151928000
504748767621410,Nord-du-Quebec,-77.883383281265,52.089849987297,1531204706000
1221650034935255,Nord-du-Quebec,-77.893002774244,52.091608332643,1531204674000
1183930282032105,Nord-du-Quebec,-77.898549999778,52.091944446201,1531151984000
953109442186256,Nord-du-Quebec,-77.110686094042,52.202963899569,1531142905000
220171146203359,Nord-du-Quebec,-77.095144444589,52.212058332824,1531142953000
575273746737762,Nord-du-Quebec,-77.112538881607,52.201961114425,1531208000000
2384199745058465,Nord-du-Quebec,-77.104269441341,52.207472223416,1531208029000
143821701053623,Nord-du-Quebec,-77.095055934638,52.212203732229,1531148422000
1573156746223011,Nord-du-Quebec,-77.110769442644,52.203049997852,1531148472000
301613718188143,Nord-du-Quebec,-77.427910431444,51.394513385533,1507913514505
196561462302472,Nord-du-Quebec,-77.427733253455,51.394636178291,1531138458000
465084251425786,Nord-du-Quebec,-77.428624998095,51.394024998067,1531216165000
293061212304235,Nord-du-Quebec,-77.428113882649,51.394391663775,1531216163000
2979163198982906,Nord-du-Quebec,-77.428419448305,51.394163884647,1531138455000
2838220986447478,Nord-du-Quebec,-77.42762181518,51.394771583706,1531216161000
368712814572935,Nord-du-Quebec,-78.510466665865,52.206258325803,1531202280000
369868337776734,Nord-du-Quebec,-78.503709671824,52.216391978901,1531202225000
531802067813042,Nord-du-Quebec,-77.392377771967,51.737824994721,1531140254000
995392824327512,Nord-du-Quebec,-77.394566666076,51.746225001872,1531140294000
162928885660870,Nord-du-Quebec,-77.455283330798,52.081355561651,1531206275000
322022092702881,Nord-du-Quebec,-77.464064073026,52.082366647867,1531150511000
208401777490985,Nord-du-Quebec,-77.452033334926,52.080880556672,1531206285000
180387223964265,Nord-du-Quebec,-77.464064073054,52.082366647867,1531150511000
757146671836481,Nord-du-Quebec,-77.422324999377,51.574736111424,1531139335000
527965438217102,Nord-du-Quebec,-77.424405557276,51.572786109922,1531139327000
180617640594244,Nord-du-Quebec,-77.481938842367,52.077525003248,1531206189000
539331340481785,Nord-du-Quebec,-77.484679375005,52.076785377963,1531150578000
2923524174557660,Nord-du-Quebec,-77.50919999431,52.077911111083,1531206103000
934881690677702,Nord-du-Quebec,-77.508881990735,52.077884097257,1531150652000
1386940158341146,Nord-du-Quebec,-77.442744423734,51.420337929386,1531216040000
465534891218183,Nord-du-Quebec,-77.442748756165,51.420336054604,1531216040000
211105267212984,Nord-du-Quebec,-77.442748751448,51.420338251383,1531216040000
479250006718799,Nord-du-Quebec,-77.443541664695,51.420827777895,1531138579000
148752503889444,Nord-du-Quebec,-77.44989446032,51.425072607243,1507914145520
2927843567487731,Nord-du-Quebec,-77.442344437395,51.420113887779,1531138575000
314219316774995,Nord-du-Quebec,-77.444075,51.421102777778,1531216036000
507213050308560,Nord-du-Quebec,-77.449652755795,51.424808316064,1531216018000
210716173966667,Nord-du-Quebec,-77.180044429232,52.14671944769,1531207679000
274660951034022,Nord-du-Quebec,-77.186499694726,52.142711213956,1531207657000
1862995363850020,Nord-du-Quebec,-77.184338750388,52.144361125224,1531148812000
1533792383627501,Nord-du-Quebec,-77.182638878495,52.145750000858,1531148805000
476234720257077,Nord-du-Quebec,-77.182341666428,52.145827781055,1531142576000
806904473294542,Nord-du-Quebec,-77.182341666428,52.145827781083,1531142576000
274748054295226,Nord-du-Quebec,-77.430183331296,51.470916666549,1531215825000
781571919155242,Nord-du-Quebec,-77.448905561475,51.4516500013,1531138713000
959870351483366,Nord-du-Quebec,-77.448905561503,51.4516500013,1531138713000
281910580299435,Nord-du-Quebec,-77.43052500001,51.473155556469,1531215817000
508387340525147,Nord-du-Quebec,-77.401258324156,49.80710555244,1531227733000
326505248889372,Nord-du-Quebec,-77.405133338457,49.807711112399,1531227743000
263240175492023,Nord-du-Quebec,-78.181616662991,52.182566667455,1531203387000
1665313537002577,Nord-du-Quebec,-78.177668243103,52.182024824461,1531203401000
596924421494300,Nord-du-Quebec,-78.386982627829,52.175189385746,1531202788000
303116441266667,Nord-du-Quebec,-78.409980424239,52.171655498174,1531202723000
523301935361351,Nord-du-Quebec,-77.389769447291,51.291166666297,1531216803000
819573932303947,Nord-du-Quebec,-77.389839672663,51.290918971445,1507908797564
3965807340133569,Nord-du-Quebec,-77.38102500094,51.298900000259,1531137050000
804046193845512,Nord-du-Quebec,-77.388455556055,51.292330557143,1531216797000
954427411984754,Nord-du-Quebec,-77.381025000995,51.298900000314,1531137050000
373268597320143,Nord-du-Quebec,-77.383108330019,51.297102778346,1531216777000
1413953328954924,Nord-du-Quebec,-77.102355553026,49.917569444566,1531226432000
290206799484242,Nord-du-Quebec,-77.102355552943,49.917569444483,1531226432000
1642074542849072,Nord-du-Quebec,-77.096952774973,50.250605551112,1531225064000
147943240629047,Nord-du-Quebec,-77.096669446529,50.250094446765,1531225066000
993146341089765,Nord-du-Quebec,-77.20948609938,52.090644449023,1531149119000
521251818906097,Nord-du-Quebec,-77.204283345127,52.094241659177,1531207378000
928061237768394,Nord-du-Quebec,-77.20948609938,52.090644449023,1531149119000
917273449073135,Nord-du-Quebec,-77.206397188575,52.107699959383,1531207443000
2548733235420807,Nord-du-Quebec,-77.206541668126,52.107869443375,1531142334000
588951778745107,Nord-du-Quebec,-77.204222218534,52.105800001845,1531142324000
1138406339941176,Nord-du-Quebec,-77.41734999085,50.497227782395,1531223565000
1090768128530888,Nord-du-Quebec,-77.394468501417,50.495979052807,1507828156841
156837309779385,Nord-du-Quebec,-77.406294446056,50.497455555287,1531223593000
913430525896288,Nord-du-Quebec,-77.254163900338,50.4749388878,1531223969000
3214811498791036,Nord-du-Quebec,-77.249067699339,50.474436927698,1507827443387
280430260446749,Nord-du-Quebec,-77.254163900366,50.4749388878,1531223969000
472499177338381,Nord-du-Quebec,-77.24675425507,50.474149046635,1507827392642
153193453444837,Nord-du-Quebec,-77.630347224311,50.866749995401,1531218867000
452079632756449,Nord-du-Quebec,-77.639983335136,50.853163886442,1531218927000
294243268952176,Nord-du-Quebec,-77.198674993862,52.136888893399,1531142522000
840617960215868,Nord-du-Quebec,-77.200461111111,52.136008333333,1531148868000
470093740771926,Nord-du-Quebec,-77.204466727338,52.135097208066,1531148879000
209109064135984,Nord-du-Quebec,-77.209066665876,52.111413888522,1531142368000
241397364417335,Nord-du-Quebec,-77.203305586151,52.135286103414,1531207606000
158908336169126,Nord-du-Quebec,-77.208906213798,52.110993397734,1531149024000
311354927315004,Nord-du-Quebec,-77.208906439954,52.110993418285,1531149024000
775922969982343,Nord-du-Quebec,-77.208922223493,52.133994443618,1531207593000
464555601287978,Nord-du-Quebec,-77.628783338929,50.671458333734,1531221748000
582000852776282,Nord-du-Quebec,-77.627227779458,50.670722223069,1531221754000
925124794993569,Nord-du-Quebec,-77.412147219411,51.761680553988,1531140374000
292900982438567,Nord-du-Quebec,-77.419836115042,51.768611119614,1531140414000
465767951375395,Nord-du-Quebec,-78.088911112005,52.101805556003,1531204053000
296010262062514,Nord-du-Quebec,-78.08978889235,52.101888886487,1531152595000
462628974967867,Nord-du-Quebec,-78.106138894242,52.102019440812,1531152645000
828250911121294,Nord-du-Quebec,-78.088911111977,52.101805556003,1531204053000
1855856021260707,Nord-du-Quebec,-77.63639722581,52.064944449359,1531205587000
557484961888322,Nord-du-Quebec,-77.650083354667,52.066449998403,1531151135000
917450858800964,Nord-du-Quebec,-77.562872225043,50.610713889668,1531222148000
1825155987655725,Nord-du-Quebec,-77.562872225043,50.61071388964,1531222148000
1433775897073747,Nord-du-Quebec,-77.089644444504,52.322797222342,1531147827000
950769162348313,Nord-du-Quebec,-77.089644437592,52.325072213971,1531147815000
280494910418042,Nord-du-Quebec,-77.103919444564,49.930327777547,1531226382000
2887219194898825,Nord-du-Quebec,-77.119405558409,49.949358330268,1531226305000
3949571901746739,Nord-du-Quebec,-77.150134600812,50.438867694,1507822865987
314652950038812,Nord-du-Quebec,-77.176444347148,50.451430520216,1531224196000
1069075713616929,Nord-du-Quebec,-77.155184698462,50.44283273028,1531224256000
175370174453620,Nord-du-Quebec,-77.574330553925,51.039797219901,1531218056000
575829333437200,Nord-du-Quebec,-77.572083752411,51.04785500771,1507906163653
278878367262913,Nord-du-Quebec,-77.574330553953,51.039797219984,1531218056000
3987987834650527,Nord-du-Quebec,-77.572630554933,51.050088917451,1531218016000
247960237111735,Nord-du-Quebec,-77.570258333728,51.053100002372,1531218002000
1217478348706609,Nord-du-Quebec,-77.479681407748,52.078127265195,1531206197000
2883841661876492,Nord-du-Quebec,-77.476819445595,52.079027777754,1531150552000
1033740157157936,Nord-du-Quebec,-77.476180556103,52.079222220707,1531150550000
1404344349944654,Nord-du-Quebec,-77.474530553485,52.079702779847,1531206213000
1455195208165484,Nord-du-Quebec,-78.139402778209,52.108549999893,1531203883000
3910663955654119,Nord-du-Quebec,-78.139250004472,52.108386115834,1531152757000
936127490262663,Nord-du-Quebec,-78.12838610429,52.105097247557,1531203927000
303570717990880,Nord-du-Quebec,-78.137013898095,52.10660833587,1531152745000
800360630591446,Nord-du-Quebec,-77.545561840209,50.573038040999,1531222384000
251424856587291,Nord-du-Quebec,-77.55288610861,50.577205566408,1531222348000
1191682618243120,Nord-du-Quebec,-77.305274668862,50.488871780029,1507827749121
285713513277437,Nord-du-Quebec,-77.30196943655,50.487850000207,1531223847000
153760156757785,Nord-du-Quebec,-77.306694301734,50.489230571797,1531223835000
304638427924681,Nord-du-Quebec,-77.09771666725,50.204286113142,1531225254000
161145769344959,Nord-du-Quebec,-77.094938904607,50.197191714321,1531225280000
232195962009586,Nord-du-Quebec,-77.085141666744,50.165525003357,1531225397000
375638457016589,Nord-du-Quebec,-77.085752777347,50.162736110641,1531225407000
354528356302702,Nord-du-Quebec,-77.358624997491,51.328908334193,1531137302000
2776345659344549,Nord-du-Quebec,-77.350836158448,51.312883253607,1531216674000
472107094050507,Nord-du-Quebec,-77.348805548356,51.316450005357,1531137244000
628545981456800,Nord-du-Quebec,-77.359704849592,51.329411219951,1507909235382
4150158818378573,Nord-du-Quebec,-77.359556873088,51.329261212189,1531216597000
487165229144304,Nord-du-Quebec,-77.353019442567,51.326224997307,1531216615000
220443272838458,Nord-du-Quebec,-77.331494447963,50.492772221936,1531223775000
4306027559421906,Nord-du-Quebec,-77.343588885367,50.49448888991,1531223745000
681952506370188,Nord-du-Quebec,-77.331339327473,50.492786815621,1507827881569
312780720235860,Nord-du-Quebec,-77.350211113937,51.94481110991,1531141259000
934742114033249,Nord-du-Quebec,-77.349500000231,51.945155555935,1531141261000
472143904002359,Nord-du-Quebec,-78.504125000998,52.199224997518,1531202318000
809109979733052,Nord-du-Quebec,-78.503151857868,52.198517488196,1531202322000
829783280996464,Nord-du-Quebec,-77.448430555556,51.5396555555,1531139183000
984354622101936,Nord-du-Quebec,-77.44998888516,51.537980555047,1531139177000
511608156676829,Nord-du-Quebec,-77.44998888516,51.537980555046,1531139177000
940642920070638,Nord-du-Quebec,-77.430144444444,51.562213889199,1531139289000
3031350193764343,Nord-du-Quebec,-77.446922223136,51.541319443555,1531139189000
1126656317837562,Nord-du-Quebec,-77.410430554085,51.586116663821,1531139383000
374834387187143,Nord-du-Quebec,-77.419538889314,51.577402773668,1531139346000
761236731423691,Nord-du-Quebec,-77.597380560513,50.639297228266,1531221972000
323422155833229,Nord-du-Quebec,-77.596791663108,50.63910554693,1531221974000
4025115684221492,Nord-du-Quebec,-77.571136106144,50.623758332182,1531222080000
2700734966885184,Nord-du-Quebec,-77.571136106116,50.623758332182,1531222080000
872437160003655,Nord-du-Quebec,-77.214286112663,52.115472221587,1531149000000
162990202414472,Nord-du-Quebec,-77.225461118299,52.122277781856,1531142436000
385811222657916,Nord-du-Quebec,-77.212133430281,52.114527827108,1531142385000
474819106933554,Nord-du-Quebec,-77.225547225813,52.122363851854,1531148957000
1511949595832389,Nord-du-Quebec,-77.225522214454,52.121194359752,1531207526000
795554844405133,Nord-du-Quebec,-77.221467127436,52.127077706511,1531148934000
950118095529967,Nord-du-Quebec,-77.218405556007,52.116866668934,1531148988000
2344048762406498,Nord-du-Quebec,-77.21041667366,52.113252776467,1531207470000
471467317515376,Nord-du-Quebec,-77.43681943852,51.869263890195,1531140875000
370543891042000,Nord-du-Quebec,-77.437077785605,51.868797221034,1531140873000
982056615957038,Nord-du-Quebec,-77.518452781272,51.136375002668,1531217624000
735505563811537,Nord-du-Quebec,-77.512913891327,51.139344445716,1531217606000
1031057597302924,Nord-du-Quebec,-77.539558330277,51.125227779939,1531217686000
517519636428277,Nord-du-Quebec,-77.539653708121,51.125123223746,1507906900684
131922298964560,Nord-du-Quebec,-77.207983330152,49.904380552944,1531226762000
181537870503069,Nord-du-Quebec,-77.192555536166,49.903966664435,1531226721000
4343383112394765,Nord-du-Quebec,-77.389083325818,51.920661116329,1531141117000
4222902414438926,Nord-du-Quebec,-77.381705551389,51.925963894932,1531141143000
306013631036478,Nord-du-Quebec,-77.646302463336,50.770384213171,1531220783000
217562886509677,Nord-du-Quebec,-77.654140510462,50.763040449023,1531220909000
3467084963518847,Nord-du-Quebec,-78.474111111811,52.169797221705,1531202480000
309912640644316,Nord-du-Quebec,-78.47411165697,52.16979803529,1531202480000
2591484444477438,Nord-du-Quebec,-77.619505784035,50.825737290619,1531219888000
175277004480198,Nord-du-Quebec,-77.624433340506,50.831933332174,1531219802000
476797236980742,Nord-du-Quebec,-77.610036112475,50.799425007333,1531220142000
1164714297322481,Nord-du-Quebec,-77.608390201847,50.796921743303,1531220180000
152956516775672,Nord-du-Quebec,-77.611844468645,50.816983324418,1531220028000
487180899295116,Nord-du-Quebec,-77.613815548797,50.819203263095,1531220000000
2793266527593559,Nord-du-Quebec,-77.917288877252,52.092725011161,1531152044000
2901556393399311,Nord-du-Quebec,-77.928069444221,52.093236115264,1531152076000
297961515254119,Nord-du-Quebec,-77.917508337143,52.092708333763,1531204602000
1768164320022299,Nord-du-Quebec,-77.928777779064,52.093205557118,1531204568000
3262079237450368,Nord-du-Quebec,-77.381974202525,50.493591946139,1507828092251
301299821443560,Nord-du-Quebec,-77.375655442584,50.492772221825,1531223668000
308578993975098,Nord-du-Quebec,-77.384938879787,50.494138890797,1531223645000
474571133600384,Nord-du-Quebec,-77.33655277591,51.961444449719,1531141331000
284269253343376,Nord-du-Quebec,-77.336730554817,51.9604638836,1531141327000
235449858159387,Nord-du-Quebec,-77.314161128353,52.050611137566,1531149820000
273853467794729,Nord-du-Quebec,-77.31416112832,52.050611137531,1531149820000
268778818286498,Nord-du-Quebec,-77.448347238771,52.080389016649,1531206297000
475018570249854,Nord-du-Quebec,-77.434347223887,52.08479999908,1531206351000
3894083287342595,Nord-du-Quebec,-77.448186113457,52.080430554856,1531150462000
1766599420167622,Nord-du-Quebec,-77.448186113457,52.080430554856,1531150462000
463752374716272,Nord-du-Quebec,-77.619863389118,50.78596282399,1531220493000
1913665055458156,Nord-du-Quebec,-77.623658538829,50.783832849866,1531220526000
3847624088654804,Nord-du-Quebec,-77.075766663975,52.26265555699,1531145683000
161032435946244,Nord-du-Quebec,-77.075697215396,52.260711027439,1531148173000
480812230037892,Nord-du-Quebec,-77.472113892134,51.176827777202,1531217426000
376952320288193,Nord-du-Quebec,-77.472113892134,51.176827777202,1531217426000
160178699372709,Nord-du-Quebec,-77.472113892106,51.176827777119,1531217426000
478745663356059,Nord-du-Quebec,-77.630744446554,50.984269441109,1531218325000
667181091183813,Nord-du-Quebec,-77.630269903012,50.984394930532,1507905521669
909405692987501,Nord-du-Quebec,-77.630744446637,50.984269441137,1531218325000
2993649014252948,Nord-du-Quebec,-77.362669440022,52.056608333727,1531206618000
557621148556070,Nord-du-Quebec,-77.382855564438,52.069316663872,1531150224000
784035295815653,Nord-du-Quebec,-77.382147222203,52.068602783572,1531150220000
483265106422156,Nord-du-Quebec,-77.361333331778,52.056569445158,1531206622000
4518371928191901,Nord-du-Quebec,-77.403227775462,51.912286109624,1531141067000
240886424482311,Nord-du-Quebec,-77.396605566121,51.917697224556,1531141097000
1203367330124242,Nord-du-Quebec,-77.409077781234,51.901061113623,1531141019000
488895425686337,Nord-du-Quebec,-77.404638881809,51.90674167301,1531141043000
878753002680344,Nord-du-Quebec,-77.624205546183,50.875425012969,1531218831000
453790119028544,Nord-du-Quebec,-77.626852776647,50.87141666562,1531218847000
2174690359334228,Nord-du-Quebec,-77.773983787632,52.07767395103,1531205044000
212411703732830,Nord-du-Quebec,-77.767966658063,52.076624996816,1531205062000
3839638816089653,Nord-du-Quebec,-77.779563890405,52.078897225402,1531151577000
581758226129498,Nord-du-Quebec,-77.774649995792,52.077983332905,1531151560000
486529782761940,Nord-du-Quebec,-77.117850002479,50.072825001123,1531225746000
4387793254588069,Nord-du-Quebec,-77.118225302116,50.078724136191,1507816002395
254380526467603,Nord-du-Quebec,-77.117050022011,50.083986129618,1531225705000
210545070613914,Nord-du-Quebec,-78.309888881901,52.190305550251,1531203012000
140466301399846,Nord-du-Quebec,-78.30434999742,52.189966664599,1531203028000
1077146659535680,Nord-du-Quebec,-77.547386383267,51.094264696806,1507906620653
322449195943182,Nord-du-Quebec,-77.551611112683,51.110961114243,1531217748000
843935566203822,Nord-du-Quebec,-77.551711112802,51.107591663736,1531217760000
294098645691925,Nord-du-Quebec,-77.551550000697,51.11424999953,1531217736000
311947773795639,Nord-du-Quebec,-78.002846888932,52.091493578194,1531204331000
211606363824821,Nord-du-Quebec,-78.009183335047,52.0908527776,1531204313000
524075388897095,Nord-du-Quebec,-78.009755546491,52.09081944113,1531152337000
3006755016232522,Nord-du-Quebec,-77.998527699835,52.091923593706,1531152300000
175197621156374,Nord-du-Quebec,-77.102575001624,50.22206110803,1531225178000
518859185960282,Nord-du-Quebec,-77.094519445566,50.24346667014,1531225092000
165429705408517,Nord-du-Quebec,-77.420819449969,49.808969444171,1531227781000
1130836330755178,Nord-du-Quebec,-77.42856389251,49.808372222603,1531227799000
368022717942678,Nord-du-Quebec,-77.432577739165,51.48629179062,1531138974000
1112590379221784,Nord-du-Quebec,-77.449508334123,51.509713889151,1531139079000
174513861225313,Nord-du-Quebec,-77.431862319967,51.485477692628,1531215691000
461111321664431,Nord-du-Quebec,-77.432105547379,51.482986084467,1531215781000
3035486656665301,Nord-du-Quebec,-77.281705557694,49.827647220559,1531227391000
967758317386367,Nord-du-Quebec,-77.293455556609,49.822127775676,1531227425000
1194517637679216,Nord-du-Quebec,-77.619855566466,50.882961111596,1531218799000
4527358073945551,Nord-du-Quebec,-77.621725012422,50.885527777689,1531218787000
467229614566462,Nord-du-Quebec,-77.641494442481,50.899213886317,1531218715000
517091225981476,Nord-du-Quebec,-77.646222218257,50.904758335648,1531218687000
928462064639317,Nord-du-Quebec,-77.227941665976,49.898841669495,1531226812000
308631164118871,Nord-du-Quebec,-77.221458331565,49.900655562275,1531226796000
236449818235955,Nord-du-Quebec,-78.140149998206,52.109541668947,1531152763000
2371377436328086,Nord-du-Quebec,-78.140455558584,52.10993333085,1531152765000
128995535855245,Nord-du-Quebec,-78.140233338541,52.109633330806,1531203877000
853510485378825,Nord-du-Quebec,-78.140233338541,52.109633330806,1531203877000
306140531653286,Nord-du-Quebec,-77.612772276229,51.010737863393,1507905808681
571335763837058,Nord-du-Quebec,-77.612341674398,51.010919441693,1531218207000
166085672007518,Nord-du-Quebec,-77.618491666836,51.003161104117,1531218243000
957768281716751,Nord-du-Quebec,-78.141661121771,52.111350007645,1531152773000
300753761628559,Nord-du-Quebec,-78.152900000644,52.114822220482,1531152817000
320002252923076,Nord-du-Quebec,-78.163772218086,52.133988887558,1531203697000
390222628706252,Nord-du-Quebec,-78.147427781612,52.113913887898,1531203845000
545459516452567,Nord-du-Quebec,-78.140538889256,52.110005558182,1531203875000
1666593373730441,Nord-du-Quebec,-78.140844435698,52.110388887532,1531203873000
1420994118266207,Nord-du-Quebec,-78.431583230395,52.173745753527,1531202658000
174995911181562,Nord-du-Quebec,-78.432842284034,52.173844975241,1531202655000
314494746723841,Nord-du-Quebec,-77.395261105262,52.07353333188,1531150270000
112092847593871,Nord-du-Quebec,-77.401122494394,52.075611155835,1531206457000
2858018887847070,Nord-du-Quebec,-77.404658522752,52.077058814203,1531206445000
1110767449398631,Nord-du-Quebec,-77.391149996133,52.072508331047,1531150256000
1621843741971760,Montreal,-73.689582746029,45.487353076529,1720087389300
388801087636536,Montreal,-73.585754855052,45.636426493088,1606938314036
1184294159312313,Montreal,-73.68968120764,45.486950134212,1702822733791
1741348849939997,Montreal,-73.585320336849,45.638602344829,1699028032281
1068649704725043,Montreal,-73.505317611101,45.667943862765,1698765650662
1265883741267354,Montreal,-73.683973672249,45.487577225031,1700235377800
462375629628170,Montreal,-73.578883301435,45.638319359805,1606936565871
517185791066328,Montreal,-73.505283570448,45.667848377827,1698764011470
302770358257707,Montreal,-73.689866298627,45.487164900171,1546532737008
1276182200203700,Montreal,-73.600234361758,45.537240173056,1700417726627
1056759082595152,Montreal,-73.586052741818,45.638709801179,1720019735000
1071103814408075,Montreal,-73.49937315003,45.664541669412,1698771327223
1492980235404061,Montreal,-73.600250911695,45.537339672357,1749907280225
1490541484940937,Montreal,-73.689771842211,45.487334234629,1700236046893
526189277005005,Montreal,-73.581557085552,45.63864935709,1606934887371
1975629209575445,Montreal,-73.505086770436,45.667867094788,1605812369172
1636062017352196,Laval,-73.812721414126,45.594866264744,1756647269434
1011184873937062,Montreal,-73.689971036217,45.487158285647,1720198109783
1342379303884903,Montreal,-73.599951075801,45.537208684921,1755950074580
483723619746838,Laval,-73.782077367879,45.550651508298,1520791061516
1109680827959720,Laval,-73.812861765749,45.594711790696,1756648528613
2282699088751552,Montreal,-73.581167504987,45.639490299477,1699031446284
1060287458399027,Montreal,-73.689798008839,45.486989364802,1711829863000
1044686337441701,Montreal,-73.499814191709,45.664588108247,1698775004179
1703756713781392,Montreal,-73.695548906051,45.471081711295,1702824495117
957032805120243,Laval,-73.782228471587,45.550787265023,1520709528137
544267108440306,Montreal,-73.600274630251,45.539207700623,1700419010495
477096983564065,Montreal,-73.692995665188,45.470917278722,1546535381879
569425459075296,Montreal,-73.499584776035,45.664784046697,1605555694384
474772313607734,Laval,-73.78340096171,45.54425316355,1520713305593
2980142628790399,Montreal,-73.689993624077,45.487384666515,1700235249356
1441298999830149,Montreal,-73.600520716628,45.539088585444,1710613058000
1017911023387306,Montreal,-73.499583697965,45.664603608427,1605555390442
161434157025324,Montreal,-73.695921694849,45.464405772017,1696533429231
2895705127367273,Laval,-73.783047999748,45.551243754087,1520287214797
1377249169340984,Montreal,-73.695809599786,45.464165177809,1548421852031
995126685324567,Gaspesie-Iles-de-la-Madeleine,-65.2836,48.998536,1719871403000
4392470307649700,Montreal,-73.600504697936,45.537301473309,1714735144273
900730707142074,Laval,-73.782193046234,45.550759102275,1522596555231
4356462441040278,Montreal,-73.695769652757,45.464439739899,1531333076084
2468028833562659,Laval,,,1749908891112
1007225457840296,Montreal,-73.594870513791,45.540047467436,1568644073000
482002589581879,Laval,-73.782136269072,45.550481002048,1520287329873
518403527636054,Laval,-73.638231106552,45.609020035199,1568985583000
916407833870620,Montreal,-73.695376360539,45.471299270715,1702831248017
393168983348358,Montreal,-73.600283878609,45.539071702576,1710607659000
886953505486495,Laval,-73.782328220683,45.550730856499,1521399854164
1077017310630810,Montreal,-73.600277422159,45.539068691102,1752428498000
1789011465236883,Montreal,-73.697745292524,45.469894932124,1702825470704
3846164495636257,Laval,-73.638269287059,45.608892588169,1699635655674
258072799353450,Laval,-73.783271413356,45.544315388549,1521318984667
485122805874416,Laval,-73.777357402655,45.559492715867,1521399688893
1434089166925833,Montreal,-73.695810990076,45.464609737453,1548437619628
2793893327401909,Laval,-73.77278689918,45.552240982057,1521393037754
140546861386517,Laval,-73.783321062002,45.544266625896,1527552243537
1729072751221151,Laval,-73.638085596305,45.609269530092,1720112392000
112265281401037,Montreal,-73.695686869053,45.464530981328,1654000421577
151970663558641,Montreal,-73.695798742815,45.464081804286,1545925726626
505118882518837,Laval,-73.638288338019,45.608959386534,1720113741000
1115266759997579,Laval,-73.803045010618,45.600649242307,1756647173463
1523872668990484,Laval,-73.803079751311,45.601353343113,1756648631091
1234408893685580,Laval,-73.736281671266,45.585282133246,1571866318893
257948466531218,Laval,-73.80372652884,45.604974182522,1654017529509
1288857539141550,Laval,-73.736124474192,45.585196996139,1759061385447
1738721120103621,Laval,-73.736237364514,45.58498637866,1755171671505
1396236544798414,Montreal,-73.619392004084,45.504073674128,1750174401857
550697676639794,Laval,-73.80280061684,45.60232626778,1654017368582
523411945459250,Laval,-73.736418390764,45.585369095242,1572717190118
1304803184983484,Montreal,-73.620019825328,45.505711232374,1750174850572
1553017945867606,Laval,-73.739984925233,45.588267737508,1758965124393
552963592935489,Laval,-73.736531638944,45.585533087574,1654278043324
1659692204592245,Montreal,-73.619323350663,45.504150812668,1701194109442
699331482739594,Laval,-73.679577276386,45.569043010279,1750338633828
3601240940188361,Laval,-73.73610229091,45.585518224088,1722858762447
1873136939840987,Montreal,-73.625417901848,45.510634807114,1701191974734
3724903291108317,Montreal,-73.624946860661,45.507586928744,1701191780802
1183735568760068,Laval,-73.800263047325,45.545855091231,1550595453580
1052886756936889,Montreal,-73.625637249973,45.510159518045,1750090231714
716526647794964,Montreal,-73.625398032681,45.51060792663,1750090247002
449781538057613,Laval,-73.799894079438,45.546335414044,1724151457250
223780419162136,Laval,-73.799733908589,45.546123641169,1583940140726
2076730506118731,Montreal,-73.625417908314,45.510634818283,1701191974734
2214097699069476,Montreal,-73.658005038337,45.503875047648,1752163029857
1710155552706655,Laval,-73.800340947214,45.545944967298,1548420318806
1099353595671328,Montreal,-73.657255461309,45.503132682605,1752163288715
199081288599560,Laval,-73.803773757019,45.549917622631,1548438096909
1344546663755443,Montreal,-73.61961046499,45.511962365029,1750097599000
1228348298493808,Montreal,-73.657392745366,45.503129370474,1608382034033
590890965703376,Laval,-73.799600452537,45.546238613635,1654000936568
321156724269504,Laval,-73.799968061264,45.546020667614,1709473961950
1492840708087953,Montreal,-73.657130131633,45.496528666229,1702831852489
1249626239705626,Montreal,-73.6574363608,45.540865115912,1699901062500
258205193354041,Laval,-73.79955610425,45.545672630096,1696532841165
1067204341615042,Montreal,-73.544751857855,45.570918654149,1699295073913
1333969927569486,Montreal,-73.650124035551,45.503314679072,1608382486633
1615787712675417,Montreal,-73.657237281322,45.54121560708,1699901065779
308525074173601,Laval,-73.800172902836,45.546166939493,1497963599000
1065677861444566,Montreal,-73.657135338283,45.496529681726,1702831852489
517829047682281,Montreal,-73.543314204782,45.575725496234,1699283238854
1163275674191023,Laval,-73.803795534739,45.54947779198,1548420209042
2414604048888721,Montreal,-73.539166474634,45.570249285739,1699282905304
3597157470517239,Laval,-73.63467028199,45.687437549966,1681116373477
1464525204296139,Laval,-73.79973700136,45.545821803748,1693500676237
491528811888890,Laval,-73.628011474876,45.68738751656,1433070751835
2333082403700930,Montreal,-73.542382057759,45.5690135625,1699294361097
1399107787223328,Laval,-73.799885365667,45.545967324019,1653071970440
859052912815682,Laval,-73.718110179111,45.5924043074,1722858695296
1026510882561003,Montreal,-73.5396307,45.5737988,1717609438000
1219890339352600,Laval,-73.678611745993,45.559951001666,1750338833899
1508187207115453,Laval,-73.716170909089,45.592281020435,1761392120378
267651276078224,Laval,-73.718479462517,45.59272119952,1693496477611
1042800800660108,Laval,-73.676104060222,45.552213887195,1699886912359
1106414394452966,Montreal,-73.539713986486,45.573791104548,1717610734000
684975617571119,Laval,-73.716231067723,45.59211221997,1761386474054
1216119933005971,Laval,-73.676473345462,45.557605497006,1720195144000
1722989804705312,Laval,-73.722927781413,45.59772390247,1654277912289
2011009392699451,Montreal,-73.5444467,45.5713162,1717618722000
124041570589588,Laval,-73.742827868922,45.66046805902,1680965243703
1591520312221848,Laval,-73.722785288195,45.597615949169,1761386877082
1607760990143907,Montreal,-73.507503588862,45.67960226203,1719931163000
177179261849554,Laval,-73.742376984571,45.661156367594,1680979101558
1092238512298787,Montreal,-73.508445559958,45.674607768154,1719931865000
137532405919573,Laval,-73.742339588446,45.661274514154,1680963806584
578553608082235,Montreal,-73.50626956858,45.67838611893,1605547589437
1214466820003408,Laval,-73.74682025338,45.656473808207,1722690514758
1971640686614809,Montreal,-73.602143790413,45.640161584559,1699024160356
9300533853294009,Montreal,-73.506717667159,45.679744660475,1719930830000
5980934748691656,Laval,-73.746690055067,45.656330258664,1680865281199
1550502965599668,Montreal,-73.602328938659,45.640094011729,1720025493000
1155223136637325,Montreal,-73.505853552777,45.678924442607,1751657035000
933068760844668,Laval,-73.641984987462,45.638962572947,1433071284230
1234865364797934,Montreal,,,1749908947902
1638102426381391,Montreal,-73.660267927139,45.512477417218,1521314850591
1422661615709098,Montreal,-73.506772337827,45.672540150229,1751653865428
435533435869349,Montreal,-73.602141227798,45.640021176125,1607785774180
866620570734318,Centre-du-Quebec,-72.689799093433,46.125869660623,1502211315600
1216847418771216,Montreal,-73.660597084901,45.512442800468,1572711051861
1616161312101185,Centre-du-Quebec,-72.6981494172,46.125433998349,1502211383238
8373832066005107,Montreal,-73.660618420342,45.512004003509,1699982525731
910046990118109,Laval,-73.740246466212,45.665221956679,1680979103827
1226941724401536,Montreal,-73.660485540632,45.512112657471,1522597347321
1254305365199768,Laval,-73.740703192644,45.664045050795,1680963808186
3037989393007292,Montreal,-73.665719326496,45.512016287428,1699981863591
988609149182111,Laval,-73.740366823971,45.665055017329,1680965241000
1342784453904597,Montreal,-73.568724433858,45.478097661594,1752000951858
882961515583860,Laval,-73.629704512095,45.669744359144,1433070977968
839612186639088,Montreal,-73.568936569637,45.478291054235,1569153904725
536402609345163,Montreal,-73.569602504446,45.475960592985,1608407097007
1432310347988473,Cote-Nord,-63.520642760711,50.262631813768,1752053410916
1274783334075062,Montreal,-73.564343071895,45.475007089729,1750278116285
518491150978028,Montreal,-73.664595990397,45.44155537371,1710442172275
1451032029367494,Montreal,-73.568659852347,45.478061302915,1752000953572
1194996948340984,Bas-Saint-Laurent,-67.243473,48.725651,1719667829000
1729549374194362,Montreal,-73.663180899444,45.444241712129,1697792921333
750954341107189,Montreal,-73.567286141032,45.479926824336,1751901960287
826836299645212,Bas-Saint-Laurent,-67.229064,48.736961,1719669142000
1649990155196848,Montreal,-73.662914787754,45.44428822365,1548437363566
1320059042286292,Bas-Saint-Laurent,-67.236492,48.72972,1719668377000
1057558002716116,Montreal,-73.568975422011,45.478237159933,1702668779323
1585335688327146,Montreal,-73.674285502094,45.496926765411,1497964230000
180589400521093,Montreal,-73.662950672264,45.444353332858,1531332746428
1273538391248232,Laval,-73.732811359653,45.607006563795,1761386724721
142664857994037,Montreal,-73.674092683002,45.497211167273,1508601492574
1587001628861836,Montreal,-73.66471298144,45.442047813527,1710442589935
1791975538116662,Laval,-73.732784872385,45.607142443945,1761391833258
1014844434101136,Laval,-73.732827880024,45.607024324922,1760870565314
570555092091893,Montreal,-73.664572226681,45.441979383541,1607439310734
333423522199502,Laval,-73.768461653696,45.632678200102,1654016129557
1083812423523125,Montreal,-73.67426978304,45.496609045387,1700235696251
1141822794747780,Laval,-73.732604585468,45.606962641802,1760874370520
1113893166241126,Montreal,-73.67401661571,45.497231959436,1697816293150
2264282897422762,Montreal,-73.663380765992,45.444282697359,1761469329800
1331666008403580,Laval,-73.732762936015,45.606962215557,1758965302654
4140166736042931,Laval,-73.804535317025,45.600389914164,1553715530604
132818935557980,Montreal,-73.674400888815,45.496787082693,1497964222000
3706106259630700,Bas-Saint-Laurent,-66.895472,48.831591,1719671818000
1413837382722245,Montreal,-73.663084077823,45.444250311704,1679501267000
1160382461144951,Laval,-73.80443753287,45.600400631875,1548533225163
2177131212698512,Laval,-73.732037183601,45.600124855358,1758964921357
1205176617448310,Montreal,-73.5096667,45.6019833,1569852105575
1988679471888557,Laval,-73.732831727472,45.601051246968,1760870569693
301728224762034,Laval,-73.804528280306,45.600365129814,1553808940938
464657474821580,Montreal,-73.663199349603,45.444409384662,1415259996000
224334892788416,Montreal,-73.674489962114,45.496742577809,1497964216000
3242906992654459,Centre-du-Quebec,-72.753684533118,46.16033383082,1502211890913
1352608216123082,Montreal,-73.509701030543,45.602093931372,1717592316000
142077514491797,Laval,-73.804596921018,45.600310388415,1550350366945
2039183199799567,Montreal,-73.674061925256,45.496901983819,1703019887744
1443079286027269,Montreal,-73.66305256015,45.444268905949,1569167052119
1053100713567063,Laval,-73.804009285227,45.600111877364,1756648604481
873797274523127,Montreal,-73.5135411,45.6054598,1717597615000
243645834182965,Montreal,-73.674331891955,45.49682322064,1465579773592
1289162218148620,Montreal,-73.660004584808,45.443182870506,1548422104675
1569395033677717,Montreal,-73.509690708445,45.602053557395,1717595795000
1039677326675183,Laval,-73.804219827406,45.606742012271,1654017503482
1208186933746849,Montreal,-73.513568182826,45.605539846464,1607711927541
568151995590760,Montreal,-73.506511368325,45.641458671896,1605797065195
177323428752008,Montreal,-73.67428640265,45.496867233777,1697274923116
748020831202623,Bas-Saint-Laurent,-67.7090657,48.4706782,1755960913000
1112744537625490,Laval,-73.804300777936,45.600158405317,1756647186059
1574911616637670,Montreal,-73.674163625272,45.49708982804,1714132740462
534724862823784,Montreal,-73.512723893334,45.607456858928,1607712370043
4000138350219714,Montreal,-73.50637755472,45.641312740757,1605803355950
1107849944185708,Bas-Saint-Laurent,-67.7123235,48.4755247,1755961575000
1534536350753002,Montreal,-73.674112160092,45.49686934348,1720197229350
1891929298258093,Montreal,-73.510102200219,45.605915721571,1749914877500
1124222382624483,Montreal,-73.510100726401,45.605941562325,1717594146000
1281793163740299,Montreal,-73.506095710354,45.6479523107,1751648561858
1325888271727989,Montreal,-73.50597589909,45.64795235385,1605804078559
2210668549432394,Laval,-73.727786009956,45.634403205399,1759061808286
1051049683387044,Montreal,-73.5100167,45.6060861,1569851313610
447591948042213,Montreal,-73.688671220053,45.487971068865,1720087381483
1162294985815807,Laval,-73.731938329798,45.638291132829,1759061598243
1279051049764723,Montreal,-73.512130585439,45.646848958559,1605794525334
1027835852160211,Montreal,-73.51001118316,45.606113019769,1726315428153
1061657501569818,Montreal,-73.689089704417,45.487845728755,1711827845000
137191401733941,Centre-du-Quebec,-72.2499690955,46.090504560481,1572609390523
1042559487295909,Laval,-73.727533903574,45.633580818938,1722858336938
1058706831420739,Laval,-73.775011995557,45.564764805527,1654278187286
1133816723764346,Montreal,-73.688635273499,45.488124215111,1546532730008
1066353294987030,Montreal,-73.51287825077,45.646965513612,1698766451996
386652170450695,Centre-du-Quebec,-72.233631714401,46.092602956985,1703360865500
1138013214244662,Laval,-73.726767784779,45.633207394408,1703016331697
496663731528990,Laval,-73.77348780461,45.564680064553,1522596742337
1019037919608210,Montreal,-73.688475108426,45.48829070284,1720198096866
1391881594721977,Centre-du-Quebec,-72.245572914943,46.093647433163,1684672814555
1331681905429940,Montreal,-73.512691311681,45.646801464425,1751646403858
2620603658237357,Laval,-73.772181862002,45.561177205676,1583852056744
129302272555407,Centre-du-Quebec,-72.245788565862,46.094021508096,1465985288000
1191387195258696,Montreal,-73.512683954896,45.646985659004,1698763726614
1221809969113385,Montreal,-73.688449085267,45.488042417966,1700235438789
209709740779772,Laval,-73.732060391125,45.55774771395,1554580400294
146168644153334,Laval,-73.775595385353,45.560007479082,1521399673774
314316376745049,Centre-du-Quebec,-72.246469651845,46.093482573533,1407159463000
278115700701462,Laval,-73.732205846453,45.557868726051,1551107753569
502917274077018,Laval,-73.728854648467,45.538552003018,1557733495000
1109763217241962,Montreal,-73.688758826444,45.488090113552,1700235337295
1212985395828898,Laval,-73.73171272802,45.536423999017,1531342439049
333276961550518,Laval,-73.732044591654,45.55831992197,1548356708681
764809837730195,Centre-du-Quebec,-72.249979264884,46.090429946934,1465817216000
1062159812125500,Montreal,-73.688467150532,45.488327576504,1700235230597
1174825720448616,Laval,-73.774495906146,45.564903937405,1722858895038
309113490823405,Laval,-73.732046318846,45.558317643746,1553807592663
1163436387464087,Laval,-73.731986214936,45.537122706502,1531343175557
1123684654775746,Laval,-73.732145504067,45.557886226194,1548335820154
650464951441113,Laval,-73.749297633281,45.624006155496,1758367164299
734732128678750,Gaspesie-Iles-de-la-Madeleine,-65.729337,49.003995,1719691239000
1508066926550607,Montreal,-73.602093688696,45.433512456501,1701451850902
181844760482341,Laval,-73.774663793938,45.562197056705,1583861652778
1026787319222973,Montreal,-73.688325962346,45.488004842565,1702822745386
2929552280657047,Laval,-73.732010640125,45.558512312926,1516988122136
648936401320445,Laval,-73.773341185558,45.564922883559,1759061750312
1125624407934791,Montreal,-73.6882525881,45.488259216971,1546539136159
1193598831718669,Montreal,-73.606781074633,45.433811314398,1605023874574
615297893805899,Laval,-73.749016741007,45.624032049464,1680970197522
518587425989366,Laval,-73.774931969963,45.564797331668,1571866643032
1841216069408842,Laval,-73.732296292715,45.557973972038,1543698223471
155474307430215,Montreal,-73.688744596722,45.488055129634,1679491345000
709736834885008,Montreal,-73.609745509668,45.439611789789,1747686270083
135825455254710,Laval,-73.732453371348,45.557793954719,1572710574603
1930923561081682,Montreal,-73.608286558594,45.438524000505,1605026263330
4234132213284817,Centre-du-Quebec,-72.339649356835,46.033739498264,1572609060522
2849413525229029,Montreal,-73.609651201005,45.439605759692,1747767400082
4266338100069199,Centre-du-Quebec,-72.332162006341,46.039969328712,1572609092523
206242154457360,Centre-du-Quebec,-72.334403887502,46.038724186075,1407159769000
1124122408747996,Centre-du-Quebec,-72.516346831109,46.296411673739,1715259739027
1061066801988989,Montreal,-73.606769186216,45.435364116463,1719336327000
2269029213291872,Centre-du-Quebec,-72.337016101499,46.035958667179,1703360282500
460979616375090,Montreal,-73.606267986624,45.432211491226,1701456758831
1897586463988543,Centre-du-Quebec,-72.515474146655,46.296515327455,1715246505433
3886678831587827,Montreal,-73.885383912794,45.463978701403,1700161287584
1782675712543158,Montreal,-73.889939659486,45.46263028889,1605631085559
149442091527185,Centre-du-Quebec,-72.502792089585,46.305360927536,1696348636000
1052524806444003,Laval,-73.675732591383,45.571194865101,1750338588872
1729922844511230,Montreal,-73.562959045378,45.461616306648,1701449230005
450762479320254,Centre-du-Quebec,-72.334397937999,46.038686698345,1465985597000
2081273522313272,Montreal,-73.889686406578,45.462613627849,1605620670731
1955947354914824,Montreal,-73.562597374184,45.462047171885,1701446825300
545836708064854,Montreal,-73.886208665038,45.459662325335,1605620915057
585124692449272,Montreal,-73.562873637863,45.461676476986,1526525432316
2001528353591508,Montreal,-73.885270061912,45.462587806915,1723565651000
1361025208924323,Laval,-73.718400725369,45.625806986173,1759061765619
264184159355183,Saguenay-Lac-Saint-Jean,-70.308499329012,48.221849707652,1684508115000
467177103045672,Montreal,-73.887015759396,45.459345167963,1605628979233
1100178094957349,Montreal,-73.562731257609,45.461802663313,1717176319000
795224916146396,Laval,-73.718598415063,45.625458954742,1722858397749
3705491983046120,Montreal,-73.56486689364,45.459141861956,1605105437589
527285800024562,Montreal,-73.630474625157,45.583276076517,1699642090292
2030123407355811,Laval,-73.723803433996,45.630185974502,1703016332732
410745755411016,Montreal,-73.885661555883,45.462221129591,1700159527088
482301506350446,Centre-du-Quebec,-72.809643419091,46.076585880615,1502212589784
1220066449290385,Montreal,-73.569024477159,45.461989822433,1701447311954
185660136738566,Montreal,-73.630943477552,45.582506334901,1465581777904
458949795211928,Laval,-73.627043153781,45.681783105288,1433070893732
2875415346041315,Montreal,-73.562921535701,45.461662167082,1526529938110
1743707286374501,Montreal,-73.862418582018,45.51446578515,1605720939997
906726778060228,Montreal,-73.631550572679,45.582390297893,1699632534014
965026151045348,Montreal,-73.562969701707,45.461715260612,1526529939133
3554544324770678,Laval,-73.626941595788,45.684900144855,1433070777794
3850967688327520,Montreal,-73.630449614502,45.583268525265,1465587032675
567373685730188,Montreal,-73.862745134182,45.514147274346,1700153409992
1207588350536209,Montreal,-73.56726435674,45.460313188112,1701444478105
1749217765878809,Montreal,-73.6306805013,45.583019206151,1699632510419
975773813164383,Montreal,-73.862564456115,45.51388762032,1568890028000
134244898698634,Montreal,-73.568993055786,45.46199240911,1532275454191
287227923058913,Montreal,-73.629079086445,45.583118124768,1465639549740
1055780733005432,Montreal,-73.629116505005,45.583117928581,1699715351419
24984428444502958,Laval,-73.719030847838,45.591707604883,1759061436206
1141309507405819,Montreal,-73.862342968277,45.513731851027,1723745621000
788555537352294,Laval,-73.716094206724,45.591984687711,1761386475097
1062845175115475,Montreal,-73.628999414752,45.583047680527,1699715352514
8820953717963733,Montreal,-73.862710525125,45.514108316165,1723732893000
1212488379521249,Laval,-73.719083011041,45.591766311061,1654001351646
1156108561562131,Montreal,-73.862811893024,45.514271029906,1568898359000
322401617362809,Laval,-73.719328713613,45.591652903058,1703013048174
2586272691507603,Laval,-73.720827537525,45.591776708949,1654277979251
355161517633869,Laval,-73.69122517383,45.681323149301,1722018129193
513161414155435,Laval,-73.691364866801,45.681278282828,1681115994515
920602153280023,Montreal,-73.923798688342,45.468141286662,1570728007000
3957940034484774,Montreal,-73.9272917,45.4663972,1570024009000
3697394360586241,Laval,-73.676034712972,45.583820184426,1703017799756
188008014334862,Laval,-73.676212410367,45.583591134885,1703016618231
1079847500341274,Montreal,-73.9264833,45.4664944,1570021720000
332446399744956,Laval,-73.676222964738,45.583652564824,1703017376699
1214411226281347,Montreal,-73.9269835,45.4664576,1723572267000
1578479456229737,Centre-du-Quebec,-72.233528172523,46.425992796201,1696347469000
1268323761295433,Laval,-73.681137103165,45.576694740381,1750338500898
1104062554473534,Montreal,-73.926925,45.4663722,1570735912000
819355902310883,Abitibi-Temiscamingue,-79.437492103226,47.577653967425,1531059007000
777019039852319,Centre-du-Quebec,-72.247226244159,46.412821692116,1531508649253
2871852936412798,Abitibi-Temiscamingue,-79.450663991535,47.586544564564,1531059075000
1349441862673301,Centre-du-Quebec,-72.231888123495,46.428624102107,1696347457000
931971902118880,Montreal,-73.8959722,45.4653694,1605620331125
831932034348850,Centre-du-Quebec,-72.247418291573,46.412997363026,1531508432107
1222598215689300,Montreal,-73.580374491534,45.49446979851,1713195686477
554855847224834,Montreal,-73.923772109756,45.468154989871,1700158650168
5009448799130818,Montreal,-73.580363633389,45.494716367165,1651793700757
1285824068855664,Montreal,-73.92703307204,45.466361652776,1661259865730
1583480458904785,Montreal,-73.580400287296,45.494484623071,1701283275640
1432021634770234,Bas-Saint-Laurent,-67.651466,48.4840502,1755959677000
1618924665635068,Montreal,-73.9237833,45.4681639,1570726757000
1939624513475303,Montreal,-73.580185476036,45.494909595074,1750260571859
937257495122647,Montreal,-73.9238802,45.4682578,1723569578000
8546329535487023,Montreal,-73.578055446648,45.48993284021,1702671061539
1348530349516059,Montreal,-73.9265714,45.4665194,1723569741000
325580915649191,Montreal,-73.579860143372,45.494171686605,1569064881535
1209286906946843,Montreal,-73.923762795779,45.468078930399,1727887364374
1088741902597105,Montreal,,,1728126705235
171348562115286,Montreal,-73.926897870434,45.466360098388,1661273120658
228567819067686,Centre-du-Quebec,-72.044247882124,46.252088360229,1465984483000
541264908652473,Montreal,-73.580289934707,45.494799720652,1711464422366
207068320964546,Centre-du-Quebec,-72.047338935067,46.250158452012,1407158678000
1717592319081007,Montreal,-73.923549696179,45.467829019006,1723568741000
1035794681996682,Montreal,-73.579005208889,45.492757661004,1750261611573
2884784741910365,Laval,-73.747912135757,45.622780863383,1758367189408
1480078356537512,Laval,-73.708291432157,45.584339328869,1761386585332
510212863728655,Centre-du-Quebec,-72.042414054427,46.252741077559,1572610267523
1234319410908568,Montreal,-73.923737081611,45.468141114913,1726947420645
1394335598857117,Laval,-73.741126243178,45.623090621989,1758971094991
1474923260405330,Laval,-73.713541414137,45.589338715105,1761392062278
323891675792668,Centre-du-Quebec,-72.04326751764,46.25222086247,1406537897000
742700436413888,Montreal,-73.578734402099,45.49262581826,1493654285837
566220685607311,Laval,-73.747825048543,45.622908105607,1680970196722
556097196854351,Montreal,-73.923765151508,45.468056181775,1727887943326
1813855205450530,Centre-du-Quebec,-72.043276587804,46.252193134182,1465818042000
1131151015014125,Laval,-73.740730927259,45.616082553734,1758369541063
1006220971276996,Montreal,-73.584449773741,45.493587135214,1701281045423
1512807016020696,Montreal,-73.626541955564,45.431552385928,1703096675114
775979869723217,Centre-du-Quebec,-72.043276587804,46.252193134182,1465818042000
1242546697000949,Montreal,-73.626359410752,45.430742434907,1605023244950
1101053631632958,Montreal,-73.627235801536,45.426855002884,1703094181341
1266442501455817,Montreal,-73.626170989659,45.431588442026,1703086672978
515947678003233,Montreal,-73.630873169238,45.422477750321,1605028579408
1110532087680196,Montreal,-73.670933762202,45.532021581211,1752081902428
1452822242533573,Montreal,-73.671759522407,45.534032768808,1752079372428
1076910876840324,Montreal,-73.67238896988,45.530494835844,1605215435278
532950799520780,Montreal,-73.670761477814,45.532009058852,1605214511689
456448628781214,Montreal,-73.670474758139,45.532391884747,1547667213489
1397496898628233,Montreal,-73.671929138723,45.533887821443,1752079400430
271931367971258,Montreal,-73.670796707667,45.532321181862,1548336528653
131686999007518,Laval,-73.779738535861,45.545950000618,1520713326073
2306319266170813,Montreal,-73.67087253443,45.532266929826,1522597173500
507130673658980,Laval,-73.779759349241,45.546002736052,1520709619479
214089657192184,Montreal,-73.671196130599,45.532311760938,1572710845809
416832980310724,Montreal,-73.670763581788,45.532259027445,1654018249476
800729383878188,Laval,-73.779729569183,45.548736297831,1521319064503
303911817945095,Montreal,-73.670876010319,45.532221347976,1553692485322
293323509023787,Laval,-73.779018696141,45.548171780101,1520796135104
1308011824369522,Montreal,-73.670907138293,45.532019353678,1752081027715
152834786848265,Laval,-73.858165076572,45.522799778071,1557735291000
1625416378791287,Montreal,-73.670297854645,45.532208229908,1773521244991
167448308626968,Laval,-73.779640249176,45.54866549593,1527552310697
139463254831155,Laval,-73.780234524386,45.524436051188,1520712959297
914442689336967,Laval,-73.778934937081,45.547965304527,1520791131542
191086736171473,Laval,-73.780494445009,45.52109722684,1557734362000
563469599402782,Montreal,-73.86590209138,45.503527798339,1605719340662
330428645085116,Laval,-73.782745157994,45.527448862512,1520709881476
215119793754773,Laval,-73.782828434044,45.527441269673,1520710837237
1739162563580640,Montreal,-73.865627817718,45.499728384113,1605714388797
514604612905800,Laval,-73.780038205346,45.524319897002,1584024001814
918799076789397,Montreal,-73.864745097205,45.503965951103,1700155703445
8373249102782752,Montreal,-73.608767540696,45.62035852985,1699628910976
561976346323109,Montreal,-73.864551183039,45.497662521091,1605713429807
2823818051204095,Laval,-73.781388757058,45.525787811237,1527551935182
1562271097985690,Montreal,-73.60232,45.61964,1720028661000
1291896951941677,Montreal,-73.858528924519,45.50115568818,1605881952336
316382373272103,Laval,-73.78003045663,45.524401575626,1577373092651
1467632267482742,Montreal,-73.604952538187,45.623565261981,1709306045683
902703240584697,Laval,-73.781369126465,45.525828730809,1527551217315
833537388691832,Montreal,-73.602223857586,45.619402480386,1569335999000
164945558885522,Laval,-73.627243881986,45.676632259505,1433070934488
1151016519774444,Montreal,-73.604565366992,45.623538745636,1699110482095
771776855411554,Bas-Saint-Laurent,-65.992293568764,48.577740950741,1751298942000
563374429502760,Montreal,-73.608819255055,45.620390044747,1720027369000
1771269787033804,Montreal,-73.678063987865,45.431979656101,1710510791250
1478671696164966,Montreal,-73.588752098795,45.469436819525,1702840723995
1268029471231541,Montreal,-73.608698669753,45.620271922333,1699629451524
858559206922135,Montreal,-73.677755886591,45.431892702648,1764363018923
939616967981041,Montreal,-73.592666062898,45.468829734912,1608319278567
1541748633113928,Montreal,-73.678300428349,45.430187636762,1703089709452
864539565769183,Montreal,-73.588602093273,45.469515805186,1703083709427
834935682136464,Montreal,-73.6774729565,45.431975315364,1710511891000
1285227496707277,Laval,-73.764249702133,45.589283152876,1758369456938
1839958770289183,Laval,-73.764727216301,45.589184539218,1758367329464
892723199626402,Montreal,-73.593928838631,45.466459408155,1717088327000
514094411450804,Montreal,-73.590803208165,45.46646560381,1702756866190
1155657052404216,Laval,-73.690618380805,45.669236185651,1722018036100
795746721374347,Montreal,-73.635685306766,45.448816269072,1550783000828
1779692639350352,Laval,-73.70621297594,45.582712467483,1761391948998
2534009746989067,Montreal,-73.590660823602,45.466550245026,1717095578000
1476746142879020,Laval,-73.789171224614,45.535843158046,1709474006850
793163855708308,Laval,-73.690544047157,45.669565251037,1681115988543
1333007071885527,Laval,-73.706256396485,45.582382921999,1761386614069
882671182829843,Montreal,-73.635549583805,45.448983300865,1697793031516
304133244583251,Laval,-73.788709445784,45.535693979829,1548438030682
662955476327420,Montreal,-73.593068446004,45.466644425392,1717165487000
3000359743530477,Montreal,-73.63500193827,45.449043592459,1502729207137
1643929529488328,Montreal,-73.588666149456,45.469568648108,1702840184747
859184929857068,Centre-du-Quebec,-71.614588325613,45.890081811088,1765056091398
267430386014608,Montreal,-73.641329405416,45.455166639194,1703158124083
1062133974834066,Laval,-73.789295183544,45.535880043174,1722859917225
2769086896549180,Laval,-73.78909455833,45.533852182289,1571867307864
1359361454611493,Montreal,-73.635913624585,45.448765974852,1679501388000
442419868800404,Laval,-73.788718049167,45.535822663378,1724151406033
1121523805756024,Montreal,-73.641947432731,45.454310839317,1714414827031
219111326392904,Laval,-73.789316066593,45.535888171517,1545925285027
1030933685779751,Montreal,-73.632948622352,45.450353168864,1761469439366
1730607097379706,Laval,-73.789117792899,45.535797699969,1696532886105
1003973814556854,Bas-Saint-Laurent,-67.016737,48.804963,1719670700000
669166211965113,Montreal,-73.641062837019,45.45540695244,1703164779683
1125646221283127,Abitibi-Temiscamingue,-77.141958335583,48.863927760344,1531236265000
1170812093357658,Laval,-73.789319444444,45.535930555556,1497963651000
351800977764167,Bas-Saint-Laurent,-66.944112,48.808784,1719671042000
1192738221833031,Montreal,-73.529743085569,45.557287035522,1699296330101
2925645044316354,Montreal,-73.634626051902,45.449309875615,1415259685000
1206471776465356,Laval,-73.789319444444,45.535930555556,1497963651000
1117525781992023,Abitibi-Temiscamingue,-77.140420320847,48.866839583943,1531236253000
314994406819575,Montreal,-73.635108842222,45.448958062546,1551999489172
1852336848620398,Bas-Saint-Laurent,-66.920719,48.805542,1719671176000
258348103791149,Laval,-73.789192089582,45.535855649204,1693500724254
2316446892043188,Montreal,-73.529619274949,45.557563183704,1699296769950
543735920115343,Abitibi-Temiscamingue,-77.137327779374,48.872558333316,1531236229000
7324068964364347,Montreal,-73.529987205872,45.557212651202,1719759446000
306163450916619,Abitibi-Temiscamingue,-77.136680555644,48.874036112076,1531236223000
1242090090325617,Montreal,-73.529815631427,45.55723826053,1699297013522
1199076831148668,Montreal,-73.537904463505,45.540601447486,1700404740346
1073718590615161,Montreal,-73.5292815,45.556258,1717766054000
375474030460839,Laval,-73.784103887977,45.552228489377,1520287105790
1472718526404120,Montreal,-73.53804423624,45.540595519897,1552835596028
1806524136193081,Laval,-73.783611914281,45.55216285341,1520283293534
2593811110801927,Laval,-73.692668056116,45.594948669833,1703017792482
941829973025908,Laval,-73.785201316454,45.553536245198,1522596592385
1270169687490100,Montreal,-73.643619079501,45.570713028389,1699645376559
1297244224314800,Laval,-73.693973037813,45.599176966237,1703016609456
221905902803803,Laval,-73.773462610941,45.57548940309,1543697790296
145519104218365,Laval,-73.785414229971,45.553524193463,1521399819830
451679291264715,Montreal,-73.643578643533,45.570759548911,1699645377000
3471632086435072,Laval,-73.692710744917,45.59285476041,1703017369525
1275881197160969,Montreal,-73.644106471422,45.568170059636,1699645162750
1374359766280435,Montreal,-73.643575110187,45.570642343771,1465581513808
1282292609851258,Montreal,-73.643394205118,45.572096591172,1699721116666
975629356587926,Laval,-73.731828505631,45.564624906274,1571504309191
499077236451285,Montreal,-73.644040640596,45.568141892484,1699645163467
536019252482720,Montreal,-73.498327004658,45.651863897104,1605804869527
1472921703039240,Laval,-73.724379041942,45.560456097429,1571418298357
1285599439094493,Montreal,-73.643326981934,45.572068288676,1699721116249
1510852246798420,Centre-du-Quebec,-71.655057480056,45.88332866831,1765055681055
214603246905338,Laval,-73.724627088261,45.560719357762,1571264194212
1981170935665037,Montreal,-73.501906201447,45.651496120448,1698770106980
513229351622081,Montreal,-73.601333769737,45.592517332727,1699459865519
320084842822021,Laval,-73.73091019048,45.566325012337,1572710432541
1072365451196523,Montreal,-73.501686452527,45.65132091545,1698769835909
1543089166298589,Montreal,-73.600283942714,45.595590051405,1699456507049
901693582064666,Montreal,-73.501306037592,45.651402749262,1698770101655
575693524911612,Montreal,-73.570071262764,45.606242520351,1699454295475
878758127674212,Montreal,-73.598435327894,45.597595226938,1570042949000
1112367100312986,Montreal,-73.501576834505,45.651305214849,1698782407895
519316014416875,Montreal,-73.573111221911,45.601013423874,1699624503740
898616162206217,Montreal,-73.60148917198,45.592521388802,1699460599819
8958860394145978,Montreal,-73.505549064422,45.647981486683,1605799617161
745423986487064,Laval,-73.762987574936,45.564154857558,1655244686177
1588561828751717,Montreal,-73.575323378588,45.602114723871,1699453878331
1280659359588465,Montreal,-73.505476984846,45.648217574139,1751648574286
1310051340773499,Laval,-73.763902943845,45.567989739972,1759061775671
2231881420601416,Laval,-73.665723019885,45.603008833755,1751662871757
1605784537002351,Montreal,-73.573069154436,45.600972344538,1711376647790
1259512592105422,Montreal,-73.61338296649,45.52280671264,1750184699001
1201440990918035,Montreal,-73.499254286789,45.653512736264,1605800638029
2941841186098845,Laval,-73.763875218577,45.567885641711,1522596777488
10052226561539157,Laval,-73.661282810086,45.603294691537,1751633462699
1063395282144004,Montreal,-73.573459246041,45.601050988222,1699202516775
1202464487533118,Montreal,-73.617682264441,45.521622070387,1718295012000
817746212496045,Laval,-73.763723389393,45.566704963823,1543698027273
780534880832817,Montreal,-73.6177098364,45.521579950441,1608396007528
1640637750129594,Montreal,-73.575675400563,45.602029346835,1699454202196
1640466830080900,Montreal,-73.61686926381,45.521136252053,1750095236857
3612532279075690,Montreal,-73.569999013386,45.606599505458,1713219364800
1062699725968366,Montreal,-73.613514342498,45.522869689831,1750182544144
745277700413705,Montreal,-73.5314714,45.6446397,1679489575000
1084667416646430,Montreal,-73.617615800255,45.521538288069,1603469445931
293505905749006,Centre-du-Quebec,-71.873224741068,46.365953297314,1572610911523
1068347248253510,Montreal,-73.53012586964,45.645633776672,1699120944548
308589997451909,Centre-du-Quebec,-71.888011946575,46.355434706187,1572610856023
1349786702671674,Montreal,-73.613505881416,45.522917336774,1608396791024
340204172384382,Montreal,-73.531168893381,45.644734670543,1711831798000
164325192746111,Laval,-73.773719408623,45.580093115904,1654017844479
1351440805239651,Centre-du-Quebec,-71.870409389281,46.368509107477,1407158053000
1754379641998432,Montreal,-73.616806099535,45.521245918481,1701273927000
1427751337669890,Montreal,-73.530598138037,45.645781126341,1654104835235
759840362794890,Montreal,-73.531086715439,45.644920491097,1711825913000
2761723747471020,Centre-du-Quebec,-71.873389910617,46.365841012482,1465818657000
3021523181452450,Laval,-73.773570395102,45.579952092114,1554580236514
1631666810747230,Montreal,-73.616929992438,45.521109007388,1701273930090
456959802274935,Centre-du-Quebec,-71.887751174567,46.356179284466,1407158117000
1988839494602681,Laval,-73.773463173915,45.580080048553,1525689405776
1555706438370207,Montreal,-73.616759827569,45.521295809079,1701273647165
332777828230579,Laval,-73.773566027786,45.580107351897,1528981684232
365805071537940,Centre-du-Quebec,-71.873389910617,46.365841012482,1465818657000
523628533981122,Montreal,-73.926696617767,45.492717314537,1723735620000
221134036141009,Laval,-73.77526696921,45.580988568709,1548533104555
556467973528109,Montreal,-73.926740971567,45.492731509269,1700153935301
1335163420687184,Montreal,-73.616656589563,45.521412214183,1701273644333
320564936171620,Laval,-73.775567575181,45.581061309834,1553715212315
1752745285386866,Laval,-73.812995809168,45.553258940068,1759061637991
186459323339673,Laval,-73.775671655299,45.581144674388,1522273239210
475527048835402,Montreal,-73.922702748484,45.495870411108,1723742648000
2384909345230521,Laval,-73.814188665722,45.559051038637,1709473902500
1055233952922080,Laval,-73.813754012971,45.559131961902,1724151522350
1065352301483676,Montreal,-73.642515124693,45.471866381724,1605299610961
137113982245461,Laval,-73.814701142505,45.558294362256,1653071909295
1064811541944768,Montreal,-73.929829523778,45.491574221478,1700153957261
1115477423630830,Montreal,-73.64524861741,45.465119911284,1569619051000
154630663292999,Laval,-73.81416435438,45.558944911606,1545925173027
419045831247830,Montreal,-73.631220273487,45.59604710911,1720109384000
1662330768052207,Montreal,-73.644625976637,45.470343603626,1701363420107
292620992415639,Laval,-73.814711201305,45.558974250399,1545925173065
1483022425742671,Montreal,-73.648424290875,45.471177392469,1605297983121
1746813282824568,Montreal,-73.626947344464,45.593741233479,1699641158274
247699700484649,Laval,-73.814213888889,45.558997222222,1497963537000
1059000072173211,Montreal,-73.645341722771,45.464902401,1701361381964
281892816999086,Laval,-73.813739100448,45.558972573434,1548438140948
2284818623258863,Montreal,-73.627177286879,45.593282638754,1699798941181
1432153838237019,Gaspesie-Iles-de-la-Madeleine,-65.799079304151,49.209789205755,1751387191000
957774242779925,Montreal,-73.644659610979,45.470356956771,1701363419842
1544814649500201,Montreal,-73.626579930386,45.593770485493,1699798964016
229832078473437,Laval,-73.7903345655,45.527847125424,1572718220081
1058511675823052,Montreal,-73.645195103353,45.465099371947,1701361379804
710793610190403,Centre-du-Quebec,-72.377413590517,45.974837875365,1655493548163
1245964936545762,Montreal,-73.651137629168,45.584359857189,1699636547743
1085691189826773,Montreal,-73.64521211663,45.464640481708,1605287616615
1035401280679386,Centre-du-Quebec,-72.382955964922,45.978367176012,1655493576095
1659614354755612,Montreal,,,1749908845366
2842875152556269,Montreal,-73.65296,45.58616,1720117360000
1052622689861078,Montreal,-73.652020648641,45.584092482797,1699721425230
2617339045231653,Laval,-73.771098835914,45.570561459259,1543697935442
849037940720384,Montreal,-73.651109830987,45.584478762586,1699644095726
1079077573911452,Montreal,-73.6527167,45.5866583,1568984067000
1618919198837314,Montreal,-73.610822118595,45.600185145788,1699457262969
540662311889699,Montreal,-73.615864806789,45.604797297249,1699460278278
1747818498760000,Laval,-73.751320664773,45.57575109525,1548335608930
1278950469924640,Montreal,-73.615603302616,45.604885489878,1720108494000
2645834879099649,Laval,-73.773417541342,45.584041196666,1758369345493
1291308196064089,Laval,-73.752353731829,45.642215373631,1756827845406
898556728958635,Laval,-73.751597482297,45.57576497205,1722858827262
1115492173587632,Laval,-73.772100039924,45.584764886247,1758367423809
1235958484311031,Montreal,-73.616194058975,45.604670118248,1720108593000
1052825000049422,Laval,-73.748373775628,45.642568585629,1756827787849
292669009233197,Laval,-73.749121967846,45.574421624782,1514573238814
519065582444652,Centre-du-Quebec,-72.438138888889,45.824910833333,1606571250000
1061545122344907,Montreal,-73.615933036854,45.607959849994,1699633935636
1024712396291257,Laval,-73.75233424452,45.641861882099,1756827650462
1694042580806692,Laval,-73.74864005291,45.574231933945,1553807877216
1078640623920674,Montreal,-73.540158413632,45.505653054416,1710524299600
2575935262711045,Laval,-73.74929149175,45.574580889624,1548533019812
1116089186601451,Montreal,-73.614577554978,45.601693969853,1699460099556
600030467836863,Laval,-73.756301763135,45.553318624409,1520791345566
275696124338452,Laval,-73.748922342231,45.574249327681,1572720148754
132471848810784,Laval,-73.784221382698,45.592044022839,1550350042953
1165636853861437,Laval,-73.751684028281,45.575909661771,1571866508945
934125164079458,Laval,-73.763460851264,45.554457070447,1522007052436
1466925946977109,Laval,-73.74901102676,45.574378731608,1524603894058
300483401785414,Laval,-73.761671451312,45.55342015491,1583851991650
219888986303623,Laval,-73.749579130637,45.574234149721,1551107673631
170385775009379,Laval,-73.763992711571,45.554530912252,1583861727779
1017673172637754,Montreal,-73.700872835798,45.448009024946,1703157481400
891645163069295,Montreal,-73.877932325786,45.504450561623,1605729679046
2856043287946893,Laval,-73.757459491945,45.55288173677,1520795874916
547768683480150,Laval,-73.751675241694,45.575876915434,1654278106317
1221774998997133,Montreal,-73.699636815538,45.454995024984,1722860190799
1001779388736538,Montreal,-73.875556888225,45.509798310338,1746991695164
1461130421239577,Montreal,-73.58255501889,45.487587583445,1702667452834
1600438957318402,Montreal,-73.8748131,45.5047693,1746991056756
425646852558671,Montreal,-73.700877683215,45.44813669427,1502729474232
1108984552956860,Montreal,-73.582249272432,45.487464404389,1505155416193
2667744296912444,Montreal,-73.582548432165,45.487746746211,1756587754040
1560745504537461,Montreal,-73.70078788018,45.454445969202,1702826520525
375505478885686,Montreal,-73.8755827,45.5099364,1723745073000
2950646525224434,Montreal,-73.70079315,45.44812575,1415260158000
1080944370695366,Laval,-73.756127351668,45.572554732092,1759061800445
2962310627254589,Montreal,-73.8808676,45.5094909,1723744287000
2999168467061068,Montreal,-73.579649277251,45.488383060934,1652631312580
1879763725858265,Laval,-73.756175587106,45.572843466839,1722858843528
2792295900932885,Montreal,-73.8803883,45.5061186,1723744732000
316652136486600,Montreal,-73.58256475855,45.487590587461,1532264904255
530317718351208,Laval,-73.762827680949,45.568068507662,1543698058385
485760482761697,Centre-du-Quebec,-71.908781439947,46.340676644011,1572610778023
1555410985076073,Montreal,-73.582569297497,45.487732549709,1702667009919
912497945984100,Laval,-73.762924563467,45.56796296321,1521314081784
1057624845533027,Montreal,-73.549256688944,45.600467217357,1693495666652
264448752078536,Centre-du-Quebec,-71.908917613035,46.340589523882,1465818527000
132751099930032,Montreal,-73.582700100484,45.487812591698,1697793508800
892930696155620,Montreal,-73.546148463392,45.605418036141,1569349906000
582984673146937,Laval,-73.759059194044,45.572407977,1654001218539
1046336809230886,Centre-du-Quebec,-71.901754242425,46.3462444153,1407158168000
1145672875898253,Montreal,-73.582696258971,45.487672269168,1532275085222
283272893289858,Centre-du-Quebec,-71.89257511199,46.352203838996,1572610839023
219805016245515,Laval,-73.763079932668,45.568229702408,1522596780572
3404059803234069,Montreal,-73.5462507,45.6051648,1719500440000
24476533528658347,Montreal,-73.57953141818,45.487696826316,1704214639000
1470186467712139,Gaspesie-Iles-de-la-Madeleine,-64.859593,48.998554,1719846157000
455379132234653,Centre-du-Quebec,-71.892696282043,46.352732889544,1465983948000
1252209389146684,Montreal,-73.546192444427,45.605262990132,1699205791296
310969007365021,Montreal,-73.582619125458,45.487645452851,1569166518721
1323226415314257,Centre-du-Quebec,-71.772258350609,46.225953388953,1727610291027
1939961149748391,Montreal,-73.548748072888,45.604866492053,1699208512029
458985061847237,Centre-du-Quebec,-71.893883915734,46.351258596608,1465818582000
1209236280301508,Montreal,-73.548456016365,45.604947395748,1699207633445
1007716731040379,Montreal,-73.824526101521,45.512113890434,1700152232741
1777037093100883,Montreal,-73.546064393389,45.605408851686,1569348515000
838873238323742,Montreal,-73.8257813947,45.513725359702,1605886248013
896934515316603,Montreal,-73.553209535053,45.605997160616,1699208906050
548601940905798,Montreal,-73.8245361339,45.512403276459,1700152073552
1274251213909546,Montreal,-73.548704337344,45.60498432399,1569345090000
152660710617629,Laval,-73.649784442811,45.641076638003,1654001639584
7943941632372357,Montreal,-73.8224917,45.5127072,1722611243000
1728689994549474,Montreal,-73.548129325557,45.60479049169,1719501312000
2088644851474809,Laval,-73.647975881786,45.64350448623,1703013067360
1749996469159635,Montreal,-73.824679448322,45.512184040444,1722611131000
115318571528888,Laval,-73.658571632634,45.682578882256,1681116009197
3467481683507624,Laval,-73.646932502825,45.647351045555,1693496152661
1071367451320208,Montreal,-73.546015196419,45.60549213193,1699206817994
1198974407428070,Laval,-73.652744807545,45.684737867432,1681116364835
534976006152741,Montreal,-73.738670036461,45.525418575045,1605365953645
974037280034894,Laval,-73.749475524152,45.534001445352,1531333743683
3850588608531421,Montreal,-73.738430532068,45.525493939213,1605365825169
1098132311937621,Montreal,-73.741371906193,45.522559696913,1605364568998
236892824858461,Laval,-73.748944164988,45.534405278487,1583851619655
347237203399182,Laval,-73.749110780519,45.534409453154,1583862057711
1420229868327379,Laval,-73.750567839477,45.529843209789,1557733910000
6823791950970037,Laval,-73.739683075282,45.665777159865,1680979104160
1992492557861504,Montreal,-73.578648378812,45.587482292317,1699462517319
1633325367187192,Laval,-73.739849876055,45.665683275506,1680965240633
793867086535681,Laval,-73.74756398089,45.647263596537,1756827701721
758003019291135,Laval,-73.73982518864,45.665661152893,1680963809087
1296504821324527,Montreal,-73.569641990442,45.447464001471,1720888129662
478199492041063,Montreal,-73.569684723824,45.447435846565,1717171659000
8550559761688169,Montreal,-73.927137003559,45.481446298749,1700154084999
550352880930026,Montreal,-73.5699176,45.4479446,1717171021000
1066307408575231,Montreal,-73.927050191322,45.481366785916,1723735916000
1291144918803809,Laval,-73.780029289236,45.581711451642,1758367479781
1971907779624015,Laval,-73.640929674655,45.621711557841,1433071431866
1117782886377446,Montreal,-73.927414445624,45.481714776358,1723742356000
1135246204600865,Laval,-73.780477754491,45.581455247958,1758369301032
1080041505814084,Laval,-73.72375879576,45.563217605861,1571418422435
181735663859581,Laval,-73.79699844771,45.590138536804,1553808775859
1067390495032086,Montreal,-73.539373853514,45.656760372838,1699114892448
1061541048539864,Montreal,-73.746837451213,45.494173383215,1700070830269
1119941848501041,Laval,-73.720750140663,45.562463019271,1571264290194
297100462074722,Laval,-73.796904475916,45.589678024521,1553690646234
4098898530436576,Montreal,-73.539784493716,45.657069927579,1749914750507
272138514639896,Laval,-73.79684060339,45.589639800524,1548335446016
8365299000232328,Montreal,-73.746761610163,45.496003624735,1700070890938
1162525034258763,Laval,-73.796779287668,45.589632627703,1554580156137
1065266241704566,Montreal,-73.539647157041,45.656937200343,1699118474227
1406125123080276,Laval,-73.796659061212,45.589959662631,1548533173982
777003847169855,Laval,-73.620351288933,45.637841703616,1709306124600
559436179779098,Montreal,-73.748519779533,45.49303122735,1700071043551
1026405918540996,Laval,-73.7967706349,45.590038263623,1693496957655
3812375072413518,Laval,-73.621082647858,45.638652189007,1569332882000
1447257178959642,Laval,-73.797090974649,45.590175960457,1553715438588
308408997524047,Laval,-73.797059787012,45.590192805724,1548356940691
635237565860650,Bas-Saint-Laurent,-67.7310504,48.0370715,1755377833000
3429760973950793,Laval,-73.622553355542,45.639916162968,1693496018661
156998053100521,Laval,-73.796244885189,45.589409497989,1551107504881
825014518136877,Laval,-73.585675374729,45.694799099443,1433070278219
432494965411690,Centre-du-Quebec,-72.36964246024,45.978792733086,1655493498142
296957062037115,Laval,-73.796577559202,45.58993978945,1550350311043
446417761591617,Bas-Saint-Laurent,-66.76982,48.879449,1719673746000
164351502288982,Laval,-73.723199185211,45.570757214727,1571417860112
1059172176030017,Montreal,-73.539014078543,45.521263450022,1716146987000
1546429252755546,Montreal,-73.539134608431,45.521381685453,1713804053970
153180850151280,Laval,-73.72308315693,45.570817602213,1571418642367
1097557495303820,Montreal,-73.632734633481,45.573932894076,1699645715710
3658915884239804,Laval,-73.720058672016,45.568004790196,1758969735145
1116798486444334,Montreal,-73.631278875758,45.569182374049,1568746161000
1600263953966787,Montreal,-73.538859916686,45.521304231433,1716146431000
171070715018079,Laval,-73.720096464981,45.568051419537,1571264403286
1610303386142458,Montreal,-73.538775906166,45.521181086964,1679503677000
392814848523799,Laval,-73.720362240426,45.568605505256,1571435498948
8468778939825505,Montreal,-73.63255544039,45.573979779092,1699720673480
190940276274169,Laval,-73.723211046395,45.57079453565,1572717009111
1165431263932759,Montreal,-73.53882367076,45.521387872721,1551043820187
1127031255651098,Laval,-73.720191559378,45.568008776886,1758965387322
468790802280477,Montreal,-73.631874324075,45.569380735512,1718390340000
3879431878996146,Montreal,-73.53935811228,45.521303507679,1716567116000
1287701912226003,Montreal,-73.632233317881,45.569263909187,1718390628000
1124135539030902,Laval,-73.815187333018,45.559946084501,1709473898500
301637941487286,Montreal,-73.538940462584,45.521208309904,1551039350883
131006943179287,Laval,-73.643414113104,45.687880312458,1681116368939
146223531312098,Laval,-73.815317884499,45.560115058649,1653071904323
476458470328040,Montreal,-73.539254998812,45.521318405731,1465730187703
503107320836825,Centre-du-Quebec,-71.829649874181,46.396957351321,1572611076523
138651394968801,Laval,-73.81523547599,45.559986010297,1545925167323
1276004880066730,Montreal,-73.551138177106,45.490690628108,1718732479000
794090434576815,Centre-du-Quebec,-71.826355154238,46.39980201509,1407157892000
221525996057979,Abitibi-Temiscamingue,-78.018941666667,48.769944444444,1531119077000
220390544163604,Laval,-73.815023150437,45.5597286001,1696532776096
927062764725511,Montreal,-73.538934735843,45.521311322043,1502228271998
1746391849305279,Montreal,-73.551628408445,45.490873676168,1750279380858
364135878349675,Centre-du-Quebec,-71.826670772962,46.399651597709,1465983708000
1579225779688661,Laval,-73.814773153656,45.560069350861,1724151526783
1289780723041663,Laval,-73.74116603091,45.560813362378,1773521633025
732759214062133,Abitibi-Temiscamingue,-78.019958326308,48.769161114997,1531119073000
1103927827507503,Montreal,-73.539216551924,45.521401196906,1713822316516
1780693369527959,Bas-Saint-Laurent,-67.61144475,48.234703693478,1751115399000
1155806684939981,Centre-du-Quebec,-71.827647968138,46.39839354256,1572611083898
212409260556947,Laval,-73.815318764587,45.56005623688,1545925167426
1732357897641013,Montreal,-73.551144834355,45.490699913509,1750255415572
156329053032694,Laval,-73.740269293614,45.561306698678,1522000198060
1725769948259010,Montreal,-73.551686346829,45.49077248024,1702665046168
162205552388532,Centre-du-Quebec,-71.829638220212,46.396941980037,1465818817000
737569461213853,Laval,-73.74172595049,45.56763203974,1703012630291
1084827216859164,Montreal,-73.55163638459,45.490732329145,1750255246143
951660222256744,Centre-du-Quebec,-71.829638220212,46.396941980037,1465818817000
283181933536471,Laval,-73.742135313446,45.567265010995,1551107705594
562084303068036,Montreal,-73.55086798331,45.490916865592,1710524818500
217367370217500,Laval,-73.74133553552,45.567688727831,1572716076008
1334356558025636,Montreal,-73.551658062685,45.490723755389,1752001444858
1082440950156125,Montreal,-73.710372296118,45.538562792123,1699972144500
1399754113725894,Montreal,-73.551464103746,45.490823264075,1548430687350
819583145618080,Laval,-73.620345720254,45.694930188447,1433070544000
1061193601883620,Montreal,-73.710157217487,45.53875646476,1699972147127
1677351513101978,Bas-Saint-Laurent,-66.889352,48.801715,1719671431000
935967704667752,Laval,-73.683533724062,45.587787019735,1703017796953
1250668749610379,Montreal,-73.551196015878,45.490731832121,1717164198000
728048742442866,Laval,-73.621821920986,45.69508318736,1681116387625
1042110043788630,Laval,-73.683707838202,45.587948917985,1703016615161
1691007834432857,Montreal,-73.709516387313,45.538555791969,1571435942608
732569601249229,Montreal,-73.551487785779,45.490738377655,1653335120858
1044458054143716,Montreal,-73.922031003815,45.463542058755,1723568220000
329874736507123,Laval,-73.683607068765,45.587852366332,1703017373696
2209469939491759,Montreal,-73.551656026114,45.490754520472,1752172659571
1059190739281743,Montreal,-73.710480206273,45.538587314572,1568308979000
1476403840439229,Laval,-73.683625282383,45.588758842665,1750338233123
437284132323665,Montreal,-73.922329594864,45.463893351393,1700158602403
1101655891478542,Montreal,-73.7107368,45.538388,1720801021000
1116832805583018,Montreal,-73.92232366486,45.463940847591,1661259785676
1266161781077871,Montreal,-73.922297118977,45.463889404531,1727888318383
136265486191266,Gaspesie-Iles-de-la-Madeleine,-65.725290940673,48.31370222052,1691151484000
1115470230190545,Montreal,-73.690116833508,45.487071710202,1700236049752
410626168762813,Montreal,-73.922254521294,45.463836746482,1570728239000
708922911954264,Gaspesie-Iles-de-la-Madeleine,-65.729398900652,48.312550057861,1751291077000
1031600737246694,Montreal,-73.690100551102,45.486976991454,1546532738445
389608713079493,Bas-Saint-Laurent,-69.341092639718,47.72654102938,1407063962000
1012288694033115,Montreal,-73.922588589582,45.464191890142,1723568426000
1069766604149039,Montreal,-73.922357326867,45.46395500081,1727888012373
1212948523416443,Montreal,-73.690399468204,45.486796472084,1711827854000
1149772999624074,Montreal,-73.689926584724,45.487096847478,1720087391366
1054493676166589,Montreal,-73.928436827819,45.457885859052,1723574777000
1279697256777820,Montreal,-73.928366604352,45.457885692458,1700157374337
1045944873213948,Montreal,-73.928543314373,45.457810833129,1700299157150
212175910715784,Laval,-73.741840590928,45.568210040825,1572716082038
799830964292046,Laval,-73.786360721144,45.542765715608,1521318965495
1458176221707397,Laval,-73.742194322256,45.568111638971,1703012630524
1536161277041674,Montreal,-73.765057338718,45.497770603458,1700070011778
173144911385424,Laval,-73.78787410604,45.538183026997,1527552140177
247576120467386,Laval,-73.742168720891,45.567845362573,1514573201525
1265007644741312,Montreal,-73.764994631047,45.497769069908,1721668582000
301308708331692,Laval,-73.785151233513,45.543452894664,1520709649669
1576406130455353,Laval,-73.715873789543,45.592007654165,1761392115623
1245104106826323,Montreal,-73.691081049656,45.488080167851,1700235259551
601934946253649,Montreal,-73.765016333077,45.497794156721,1749766236084
1089296228259683,Laval,-73.787827225689,45.53821018695,1520713210008
1153662755926959,Laval,-73.715908685554,45.593142585905,1722858688039
1458627154818878,Montreal,-73.694566511955,45.488119192739,1702823102321
918471480223659,Montreal,-73.7642645,45.5023028,1720804691000
1654324415346539,Montreal,-73.694515037336,45.488148673856,1718205603500
2018637461803387,Laval,-73.660526265176,45.577352719065,1698073925977
1275533231258743,Laval,-73.71528811408,45.592994047486,1759061449553
1222525972383016,Montreal,-73.765014527306,45.497688515654,1720805939000
910835657233460,Laval,-73.660575,45.5771861,1570129447000
887375499685753,Laval,-73.715343427003,45.593023957532,1703013048941
1087701520030482,Montreal,-73.5262306,45.5010944,1604501051000
2112054475955990,Montreal,-73.767507270953,45.499265118038,1749766052091
1217776632611128,Montreal,-73.546002170512,45.489793715458,1710524727000
1292584864772368,Laval,-73.715238345827,45.593301567445,1693496458582
1529383714531364,Laval,-73.660408202916,45.576146521154,1698073634225
940830167925967,Montreal,-73.527607624118,45.502884854343,1718735156000
1337536727229952,Montreal,-73.767546569967,45.499276135216,1720805696000
1756534628290774,Montreal,-73.54599417427,45.489191125289,1750255288143
2324637621018132,Laval,-73.6605124,45.577112699999,1656116006352
902878204721900,Montreal,-73.522412150481,45.501260595943,1570549213000
922683824970138,Abitibi-Temiscamingue,-77.266914949948,47.637317162083,1531243000000
589824818972720,Laval,-73.715330967528,45.592841588341,1654001362686
1208672813767866,Montreal,-73.767466437202,45.499266715615,1730395475508
1115225496795676,Montreal,-73.522462794644,45.5014029348,1718736987000
1281851302224603,Abitibi-Temiscamingue,-77.268156993895,47.647800081553,1531242791000
546791477898403,Montreal,-73.545989562765,45.489146788691,1710526030000
170789088381985,Laval,-73.724967522942,45.551633952,1551107784863
1582839455692147,Montreal,-73.527584468587,45.502983430852,1570553160000
1341989460907077,Montreal,-73.545871074724,45.489742919835,1750255374144
1280774199603128,Montreal,-73.769988109876,45.499077072113,1730398326109
1075163563402603,Montreal,-73.701236226737,45.448006146546,1697792792300
132023278960596,Abitibi-Temiscamingue,-77.267001027689,47.639130941457,1531242992000
1116090820097755,Montreal,-73.525686481627,45.498298661262,1570552570000
3564260690466209,Laval,-73.725392956488,45.551957093469,1521314333606
1291130105330377,Laval,-73.795818231481,45.607828059449,1756648743912
226205069900237,Montreal,-73.701642648064,45.447944217224,1679500339000
2646839142370932,Montreal,-73.545650249582,45.48977648092,1718732561000
158233466180397,Laval,-73.724940908504,45.551615097838,1551107790968
870314090219649,Laval,-73.728525242223,45.550570081053,1531659484925
906924154716673,Montreal,-73.522977694675,45.500999275452,1604502155000
1900380267486770,Laval,-73.795806525323,45.607890247879,1756647055762
748587835805286,Abitibi-Temiscamingue,-77.268480999878,47.650296767844,1531242779000
1105822911271843,Montreal,-73.701941970071,45.447547847642,1607445802387
137963308277417,Laval,-73.723514271895,45.55043085077,1573324929566
928951254567782,Laval,-73.725334361878,45.551927172757,1543698256476
2954305384850410,Laval,-73.723496868191,45.551111014872,1572715960066
1367444330436240,Laval,-73.725172434735,45.55185051857,1654018043496
1475542439871320,Montreal,-73.701586019482,45.447746365826,1693504338135
1405514239816308,Laval,-73.723702045939,45.55059644216,1548335957841
2828242164154533,Laval,-73.725335976331,45.552030736476,1573324921571
2145095799221214,Montreal,-73.701421191539,45.447454734547,1607431219297
199742375316511,Laval,-73.723408794715,45.550879152526,1553807547422
371261214340740,Laval,-73.763951488769,45.565968200934,1543698035388
354978757256915,Montreal,-73.7012504,45.4479676,1704231225000
1458542581152432,Laval,-73.723518368002,45.550217804782,1571955811540
5890870377604849,Laval,-73.723515721079,45.550364518321,1543698265416
1157485904734048,Laval,-73.820132668952,45.564424606938,1545925146136
1027643345759256,Laval,-73.765213985082,45.567731409785,1722858870763
468998960828163,Laval,-73.723429168223,45.550318794924,1572710624562
273266117829036,Laval,-73.820103007255,45.564474687013,1550595367868
1106174133858522,Laval,-73.820012902479,45.564373486697,1709473879000
215387046760726,Laval,-73.771830840888,45.560976879395,1521399644883
1061635968754541,Montreal,-73.554575764071,45.544732901555,1608297885007
1223836141956146,Laval,-73.820097803475,45.564966664994,1724151550816
230755658848456,Laval,-73.764394835278,45.567398767509,1521314073523
911113637584611,Montreal,-73.561673657974,45.54863871252,1608298911210
350991453789435,Laval,-73.820151950221,45.564625253587,1653071883272
1302379954706444,Laval,-73.764196962062,45.567865844445,1759061774836
559503736543188,Montreal,-73.705251561895,45.478536531461,1700237379133
8594454080602735,Montreal,-73.558939551773,45.550988973601,1608299976392
3938695826213719,Laval,-73.765644629799,45.567592654365,1571866582950
123768736393294,Laval,-73.820315024695,45.56470083653,1497963511000
326860218856828,Montreal,-73.5548769,45.5440493,1465729685671
2011069119410314,Montreal,-73.705281868888,45.478438884706,1702824028214
465406018051409,Laval,-73.771648252642,45.560925586284,1583852053782
305241037801826,Montreal,-73.68062699504,45.505375023365,1526523968166
137249418333132,Laval,-73.820316433233,45.564702076526,1497963511000
752351712751054,Montreal,-73.70536385632,45.478343158322,1658163050273
1124260281429976,Laval,-73.764594689076,45.568003272272,1572717369074
1255326228925615,Montreal,-73.587321597358,45.472101572812,1702840788260
325835349108525,Montreal,-73.705840206603,45.472133900879,1531333118888
1083554886794600,Montreal,-73.675421477986,45.509591483727,1700060395787
495151606297416,Gaspesie-Iles-de-la-Madeleine,-65.187375645307,49.151497871676,1719870341000
1051666675242363,Montreal,-73.705709103463,45.472034351398,1548437662168
1579099236068231,Montreal,-73.591603751719,45.472425818863,1702841003167
1296455301349193,Montreal,-73.674651450114,45.509230015723,1700059994347
1618482372058325,Montreal,-73.699811686895,45.47979318969,1718212353850
1290264929478810,Laval,-73.750146782896,45.597300867482,1755171476977
508011484910834,Montreal,-73.680513264217,45.50538224148,1720086021366
1227633361788912,Montreal,-73.58899317273,45.472483677157,1701369757103
6656823684369710,Gaspesie-Iles-de-la-Madeleine,-65.470369,48.11866,1691305525000
581199693334550,Montreal,-73.705679350197,45.472013105226,1654000477502
1868078417109122,Laval,-73.749558502033,45.598992250049,1758369588194
2533592023616705,Abitibi-Temiscamingue,-76.865736105217,47.310405555145,1531244789000
919988013320996,Montreal,-73.680552612152,45.50538987718,1699985722632
24482538264707245,Laval,-73.749390500104,45.599085857105,1758971129859
225435557151329,Gaspesie-Iles-de-la-Madeleine,-65.472533,48.123434,1691305592000
1073976693858147,Montreal,-73.58810251151,45.472502822607,1717086879000
1578432829446770,Montreal,-73.699817753946,45.479857846603,1711388880639
392434465159348,Abitibi-Temiscamingue,-76.878201889986,47.315968076794,1531244747000
1151383790210318,Laval,-73.749285519984,45.599294242011,1758367138065
1067958688314673,Montreal,-73.675766936827,45.509803058527,1700060327953
1259452668811295,Montreal,-73.590604654685,45.472233128073,1608319481890
1951491279035111,Laval,-73.810373538206,45.567975948649,1756648509010
1086086953677542,Laval,-73.748918016311,45.599393957939,1755173230981
111925720963290,Abitibi-Temiscamingue,-76.85530163696,47.302926295274,1531244837000
1462024400809618,Laval,-73.721543779567,45.539875093597,1557733401000
519766487608220,Laval,-73.7164083,45.5360417,1568304090000
1053593502906552,Montreal,-73.604306631745,45.584170411923,1699625934096
1122508521603581,Laval,-73.716051915564,45.543760329176,1521999985294
1383368848698481,Laval,-73.716274261959,45.543902227037,1537214942469
1607367140134494,Montreal,-73.604573047563,45.584187779503,1699457817176
1413049875738247,Laval,-73.716078305224,45.54346407757,1554580476091
1002953337741788,Laval,-73.677351856609,45.683547542732,1681116000455
1055090546178959,Laval,-73.802299950858,45.556793417726,1722858971906
280807554590800,Laval,-73.716071791327,45.543738717072,1703012620548
2051766495238710,Montreal,-73.608378961104,45.589492706278,1699456655652
1092111153078142,Laval,-73.801791314419,45.556593226948,1759061672818
1683000419208476,Montreal,-73.532237562275,45.600140893979,1607716972207
1206164803163940,Laval,-73.716168397318,45.543484410694,1571435908617
422414870664909,Montreal,-73.608401046381,45.589358565823,1570043825000
115249893959864,Laval,-73.80260790176,45.55665526981,1571867053834
1728670867319017,Laval,-73.71612488228,45.543522921057,1548336025268
582132914248230,Montreal,-73.534809916596,45.604421257826,1607699756574
183980490162678,Laval,-73.797037331046,45.558299040287,1572717470101
423311423908611,Montreal,-73.533342868571,45.607465128411,1607704864774
1327299774989304,Montreal,-73.530130160933,45.60377390939,1607699352483
1096019865417890,Montreal,-73.533340747301,45.603324206253,1607705045476
166639045400340,Centre-du-Quebec,-72.100054689051,46.190524591216,1572609946523
1877387476011935,Laval,-73.724087528888,45.630438637682,1703016332631
1189100732214561,Laval,-73.726308953785,45.673342714118,1722018281803
1911264035967231,Montreal,-73.5331619,45.6076577,1717598859000
1973819406692122,Montreal,-73.617582272139,45.511064596236,1750093991715
1265011698240065,Laval,-73.724696149961,45.631000364968,1722858357959
1169161454291825,Laval,-73.725476700829,45.67831090511,1722018350998
1244247226611204,Montreal,-73.537878930527,45.606927594883,1699203351995
1105227751767482,Laval,-73.724161790566,45.631036672148,1759061791687
1094182972263556,Montreal,-73.617983591403,45.511133241911,1608395447872
1075764250889131,Montreal,-73.537089382159,45.605351162522,1607699789291
1216110952944972,Montreal,-73.658452009331,45.558223539249,1720199287000
1303377971450714,Montreal,-73.6591114105,45.558446558412,1752259177857
521852943986098,Montreal,-73.906215094626,45.458339112306,1605619696498
1449442895725441,Montreal,-73.659194026098,45.558073310421,1699892282449
516987184644973,Montreal,-73.906627487085,45.45830281206,1605619511906
1286574983007459,Montreal,-73.523264285246,45.612563172747,1751642523572
1077878780598056,Montreal,-73.658964085216,45.558476429187,1699892277000
1063109091728224,Montreal,-73.522717404581,45.612810104347,1607705575449
880862320803175,Montreal,-73.906223903101,45.458167913532,1723567668000
1603354480616450,Montreal,-73.658913104504,45.558394611795,1605452240945
1218420849367281,Montreal,-73.658880901165,45.558338406038,1568400076000
1145046954346880,Montreal,-73.522920524969,45.612746802064,1751643146428
1088408749402713,Montreal,-73.658789442548,45.558365920531,1720198944000
1064224765437427,Laval,-73.671095374242,45.560313970581,1699889291181
183567830308027,Laval,-73.875463110267,45.525798613245,1568898977000
3641559252640599,Laval,-73.6689746,45.5618894,1720195465000
501089601083181,Laval,-73.8755880606,45.525838733665,1568889397000
464662654622547,Laval,-73.87187868576,45.522408634252,1557735467000
514162591379800,Laval,-73.670522743354,45.560930104278,1699889301000
1294490501722893,Laval,-73.670808681014,45.560386655385,1605453410608
3369674453164588,Montreal,-73.69733059191,45.445426150415,1607441750152
834350640502283,Laval,-73.780499665096,45.567874319206,1583852142704
1221519456681603,Montreal,-73.552100826062,45.487906830135,1752001384858
1207855523632418,Montreal,-73.899022527745,45.503203256962,1700154664292
598147197815201,Laval,-73.788006300885,45.560421045339,1522596680390
1206254433778753,Montreal,-73.899053082636,45.503324667827,1723737409000
668150225214242,Centre-du-Quebec,-72.201727171209,46.072541401421,1703360985000
1243251347125767,Montreal,-73.532789150982,45.654116497304,1699114091198
380365043268539,Laval,-73.780869906411,45.567901301728,1583861608690
333025898388643,Laval,-73.724333302753,45.56992879238,1571417893038
394176736959402,Montreal,-73.531099186193,45.654782666536,1699113719492
169405365007362,Laval,-73.724116797405,45.574862853234,1571866148975
1162396442418437,Laval,-73.724073043793,45.57166700886,1758969865066
1602605780334726,Montreal,-73.620105507295,45.486511135012,1701195994299
1330965061201914,Montreal,-73.537852578082,45.654680554551,1699114874944
1234547124427856,Montreal,-73.620695329525,45.487656768125,1701195271279
2241016692935940,Montreal,-73.625515574529,45.487878046085,1701195336374
405829555811123,Laval,-73.711210592043,45.678728178659,1722018274171
216243754678110,Montreal,-73.625676718098,45.48770732628,1697815076650
138152762136622,Montreal,-73.625439097524,45.487926073051,1652632157574
1195545561538673,Montreal,-73.621961206077,45.483577974897,1608389618975
563688439646894,Montreal,-73.621138845595,45.485200590499,1608389353460
563403992828630,Montreal,-73.588324187373,45.549484093561,1570210751000
523502753759448,Montreal,-73.737945677735,45.522861112209,1700143806022
1638540923392453,Montreal,-73.737973644579,45.522842343136,1700143806333
1304147364539496,Laval,-73.786490625482,45.613920462451,1756648890016
1509920002968101,Montreal,-73.734024789807,45.487833388036,1700073984406
527841640042240,Montreal,-73.737860710283,45.523940134179,1605365908712
546294504830128,Centre-du-Quebec,-72.424985136023,45.847196512716,1745338249000
701644652899095,Laval,-73.786798977154,45.613689193858,1756647341255
479977721720646,Montreal,-73.737945248542,45.522504694819,1605365436032
2876042875903917,Montreal,-73.733887823194,45.487740680276,1720806724000
768179437683906,Laval,-73.786649326186,45.613834880484,1654017093515
2869686193179876,Laval,-73.695017817389,45.680494247324,1722018167231
139720434847208,Laval,-73.78146579296,45.56831504276,1583861603750
446758137294427,Centre-du-Quebec,-72.274803539006,45.997654968679,1655493052092
944420442905578,Bas-Saint-Laurent,-69.301137408391,47.708435669774,1407063819000
1515473958659622,Laval,-73.769280826304,45.559217020058,1583861684767
324830345652259,Laval,-73.781157504676,45.568241908189,1583852148748
160114316039217,Bas-Saint-Laurent,-69.29153479267,47.703454746906,1406548590000
476499590436539,Laval,-73.771825531036,45.552825125906,1521393044774
160957909297248,Laval,-73.769654899424,45.559636838514,1583852041726
131569538955728,Laval,-73.765509926777,45.556071044298,1522007068314
202072031758799,Laval,-73.769987987687,45.559947971622,1521399618911
480210116637794,Laval,-73.732106378866,45.564827091631,1571504306184
490656242376525,Laval,-73.739786221783,45.562803014874,1572710526616
1065784685246588,Montreal,-73.6132311,45.6324285,1720026075000
1251443917076829,Laval,-73.739276636065,45.561895255041,1773521560058
1280372012992353,Montreal,-73.612943280534,45.632067329096,1699025222944
1371737453211169,Laval,-73.739997916116,45.56638884066,1572716065130
525898716849653,Montreal,-73.623973689301,45.463111694226,1701364868598
27294219366888843,Montreal,-73.885741486386,45.464322016861,1700161294609
561389742940720,Montreal,-73.612900511232,45.632920976441,1699024008633
1592625828347431,Montreal,,,1728126783313
1089551832539873,Montreal,-73.884337473222,45.464143018117,1605630499096
427737227024004,Montreal,-73.623786335486,45.463160419552,1569587521000
1691866521527478,Laval,-73.795624957089,45.608045319432,1756648746706
2357040634631997,Montreal,-73.885971776945,45.464201385076,1605629898797
843050104383170,Montreal,-73.6134317016,45.63254858249,1720026764000
1931830733946822,Montreal,-73.623758808744,45.463223813318,1701368673122
1069079328639658,Laval,-73.794754779301,45.609058514374,1756647039454
1394479595098599,Montreal,,,1749908931652
10023618224388512,Montreal,-73.64249878952,45.556873436763,1749907359471
3191773294291994,Montreal,-73.623996422675,45.461456167885,1701363865821
1128506365853290,Montreal,-73.642045966901,45.556789644511,1755950143416
257253616090881,Centre-du-Quebec,-72.556837904766,45.874498579791,1572608194523
2096541667190787,Laval,-73.795711147477,45.608030814565,1654017263473
1275946236676755,Montreal,-73.610048110358,45.633217774656,1607787790283
1195619658183609,Montreal,-73.718883727307,45.438906908804,1710449544039
1061254291873125,Montreal,-73.624004856646,45.463094927373,1701364868898
933453507414054,Centre-du-Quebec,-72.556248141617,45.87597440763,1407160665000
441773115159501,Montreal,-73.642260383823,45.556764878656,1699725324376
1285178103086422,Laval,-73.714779916807,45.554498204315,1758965339483
1238170053904405,Montreal,-73.718639590718,45.438897723748,1710449608288
869082708689019,Montreal,-73.624067045065,45.463057681438,1701368675692
674982134799842,Centre-du-Quebec,-72.556842861772,45.874464539894,1703353654000
1681818338958640,Montreal,-73.718622232849,45.438889803645,1698422868083
1961646337951092,Laval,-73.712338072098,45.559118704228,1758969571106
1051348393441729,Montreal,-73.650004058594,45.553381114589,1699887778000
1055477626321933,Montreal,-73.624065695387,45.463022461684,1718976359000
2917403375246155,Centre-du-Quebec,-72.561802496448,45.870284871908,1465816031000
460806813684346,Montreal,-73.716578376415,45.43919688282,1607448824104
801616837407744,Laval,-73.713916633033,45.559064827829,1571435644462
553212703099540,Laval,-73.7559788537,45.643454489747,1654015973520
164540539368106,Montreal,-73.6240019735,45.463072798021,1653583381383
308781100651537,Centre-du-Quebec,-72.558457056373,45.873141460915,1406535959000
1570799440184587,Montreal,-73.642628034672,45.556935081549,1720200680000
1090266219147336,Montreal,-73.719114021192,45.438898509547,1710449546254
824814849560421,Montreal,-73.62397271505,45.461434534099,1701363865046
305654234451608,Centre-du-Quebec,-72.562942762122,45.870402891447,1465986483000
1289433249176246,Laval,-73.734553124176,45.583578788159,1758965165559
2891581127671249,Montreal,-73.642347320608,45.556705299522,1699724699895
1621065475422524,Montreal,-73.624138792532,45.461418108113,1701363743813
177608291951738,Laval,-73.739143251608,45.583883272938,1693496587667
423686443757926,Montreal,-73.642564160485,45.55676669217,1699724698000
406588002490759,Montreal,-73.624131087232,45.461457504969,1701359410911
1549684339747650,Laval,-73.739193312959,45.570677830869,1755171762888
488809815703249,Laval,-73.734662140072,45.583888103637,1571866304995
1483030709549787,Laval,-73.73922413356,45.57073087236,1755783477029
1030740712183489,Montreal,-73.642405732714,45.556804896762,1699725325333
1474963659886738,Montreal,-73.624131122749,45.461457489058,1701359410911
2193511334427312,Laval,-73.734702381524,45.583665333828,1755171688605
1702387467121279,Laval,-73.739097149184,45.570847696073,1758970829309
658929953061289,Laval,-73.738047200441,45.583960693844,1703012638432
1110876540956405,Laval,-73.739943155686,45.56930772932,1755173192609
870472895139421,Laval,-73.739191366229,45.583603256696,1722858775752
1501600951160798,Laval,-73.739939416752,45.569324103272,1758969923541
134261882093146,Laval,-73.739381934004,45.583760289329,1572717234006
894148738883601,Montreal,-73.658054282982,45.560004023971,1699892186333
1320812075001096,Laval,-73.637502494266,45.661992869197,1433071036790
142648151690838,Laval,-73.73941074617,45.584258668946,1654278056292
845047191128481,Montreal,-73.659556987566,45.560133646004,1605452662334
120942746684789,Laval,-73.641445394785,45.656138375134,1433071156480
556812193480866,Montreal,-73.658010519198,45.560080220911,1699892185360
1348918170127149,Laval,-73.763088782023,45.589963506031,1758369463403
1083378682936870,Montreal,-73.533019922355,45.599996123698,1699210396281
493771627164762,Laval,-73.763939838619,45.589652520443,1758367324668
3623168734672572,Montreal,-73.532876705401,45.599965286101,1693488728918
1085602742499225,Montreal,-73.530556527385,45.599858495862,1717603825000
1800774207461876,Montreal,-73.530393200758,45.600080185054,1751642245858
1173149079795030,Laval,-73.710683333333,45.544913888889,1557733193000
1612749292654716,Montreal,-73.566350352837,45.47190938292,1701445926246
3452454198394145,Montreal,-73.556167077984,45.665694086857,1606926932756
559524073117402,Montreal,-73.580813509906,45.583907288334,1699462557849
990138776461193,Montreal,-73.566083063464,45.471952808736,1717178801000
1777655682769884,Montreal,-73.559839563369,45.66447587184,1699032532197
1749881819172880,Montreal,-73.580246360427,45.577984132021,1568729782000
1220307569091499,Montreal,-73.565819095706,45.464065860708,1608321592855
1513656109309963,Montreal,-73.560558647309,45.664435599605,1568992522000
2459702520887039,Montreal,-73.583127292269,45.582525187539,1699459344371
1340552743703073,Montreal,,,1749908997218
1873471203602661,Laval,-73.707960251282,45.615984030642,1759061654591
1592767278315847,Montreal,-73.580967291413,45.580998542302,1699462901354
1072602001234190,Montreal,-73.560158942335,45.664038774787,1699032823274
470236342294495,Laval,-73.721037454101,45.648707350683,1722017734548
576442841579213,Montreal,-73.5805577,45.5780551,1719510108000
4484324961846125,Montreal,-73.559804338642,45.664552604481,1719946446000
604849298189753,Laval,-73.721016170076,45.648658170903,1681115609055
570165552034852,Montreal,-73.7287929124,45.489490566377,1711387684734
1019211955994707,Montreal,-73.726716767161,45.489806262763,1697296425050
1785989005680939,Laval,-73.670993899419,45.598628811207,1751633647805
1464848924807961,Laval,-73.740616337775,45.615919929938,1758965154590
461490246382465,Montreal,-73.726941329041,45.495878772285,1568118076000
1065947068742261,Laval,-73.742787162772,45.605117059809,1758971205893
1060145219222665,Laval,-73.740702037434,45.615947442242,1755171652152
1391417634897419,Montreal,-73.726590923036,45.489657401281,1700577000750
1790159581861046,Laval,-73.740511896843,45.615928816864,1761391997463
2029225214200728,Montreal,-73.726847195828,45.495859664237,1700064906280
1050378487009952,Laval,-73.742895531009,45.605010192696,1758367530457
1340481630899130,Laval,-73.740613580609,45.615916114601,1761386603809
308851715194479,Montreal,-73.726613197162,45.489692549265,1697274782066
1283393396362043,Laval,-73.742925198384,45.604889640033,1758369662935
1942420466305754,Laval,-73.740692457082,45.615988088954,1760870421921
1459609092126891,Laval,-73.742836723652,45.60511048213,1755171361111
1164373881433377,Montreal,-73.726671655598,45.489659658355,1720196973016
1235332208281031,Laval,-73.740691221498,45.615941205868,1758367341685
1031722822179140,Laval,-73.742794850963,45.605095025613,1755173310102
1048920109575371,Montreal,-73.72695369437,45.489826591051,1697816443166
173777141413221,Montreal,-73.726450499388,45.489762900478,1508601643480
1081104136844823,Montreal,-73.631111324452,45.553883336333,1605456987768
321564113489739,Laval,-73.650179638624,45.687824802297,1654001829694
308160028547841,Montreal,-73.72674166466,45.48963487633,1693501094249
305523745285101,Laval,-73.651816046466,45.684936111704,1681116365202
3952663068326736,Montreal,-73.630476932679,45.554227052691,1605457601685
1261657858547342,Montreal,-73.726828892765,45.489638467658,1723638406450
248511111678968,Laval,-73.650043234026,45.68708221132,1709306364450
2285239388510294,Montreal,-73.627087918723,45.558030423614,1603388320000
1581888375354187,Montreal,-73.726369444444,45.489522222222,1497964002000
1032461125179235,Montreal,-73.627504371347,45.557932049483,1721071600654
260422909103790,Centre-du-Quebec,-72.151396644616,46.159013298586,1572609755523
402234428793557,Laval,-73.650007687067,45.687257801666,1703013505260
1160341465174604,Montreal,-73.727189895732,45.489838202148,1721917709650
562411532929121,Montreal,-73.631668210621,45.558757524604,1699723607905
515571999802041,Centre-du-Quebec,-72.15312196508,46.158431493181,1407159132000
190991889514932,Centre-du-Quebec,-72.150656394787,46.159396999908,1465817577000
490621122086651,Laval,-73.715147087224,45.561832917821,1571435571414
1156347832584617,Laval,-73.724949777234,45.599672957613,1761386841338
774453022037128,Laval,-73.713413356505,45.560045116088,1758965154590
1948318645901364,Laval,-73.724931655483,45.599761195467,1761392218267
328995171979042,Centre-du-Quebec,-72.154795210494,46.157486094076,1465984958000
1334000001850423,Laval,-73.713380989352,45.560201265805,1758969665367
5053402208029343,Laval,-73.725124092071,45.599806185441,1654277856306
1813764369494447,Laval,-73.783261531966,45.616231202328,1756647282864
257905979406150,Laval,-73.747243943957,45.535286098577,1531333759240
1278450123501647,Laval,-73.783140498195,45.616265194947,1756648940733
958119351603869,Laval,-73.747420900508,45.53521906397,1583851630783
439476484845270,Laval,-73.783678200962,45.615966285764,1654017056533
822825268658731,Laval,-73.747277081269,45.535366379887,1583862044775
574387803532681,Laval,-73.742420532043,45.532076750387,1557733714000
835766848094622,Bas-Saint-Laurent,-67.250126,48.720517,1719667796000
969052804959831,Laval,-73.727828856851,45.646190937995,1722017690379
1221077705441756,Laval,-73.726759281289,45.646611861536,1681115606619
2555052238134051,Laval,-73.764329616947,45.526875092724,1531333572245
2953028124929225,Laval,-73.764338786982,45.527019292971,1584023916895
747052642641292,Laval,-73.764643084769,45.526912145461,1583939924738
1543885805816003,Laval,-73.764439825949,45.52700832856,1557734112000
647024491703402,Laval,-73.678101442391,45.597341014577,1750337313814
319261156382089,Laval,-73.764259734197,45.52690077363,1583785670692
1257729415762079,Laval,-73.678624547942,45.595214203487,1750338117019
3078459819098285,Laval,-73.76399954883,45.527131553743,1577372990620
1703706640289587,Laval,-73.677976023764,45.599349523164,1750336526922
1375321001041256,Centre-du-Quebec,-71.527955468799,45.862906662852,1765056674249
2184646115234971,Bas-Saint-Laurent,-67.035209,48.796474,1719670616000
3626792344209167,Bas-Saint-Laurent,-67.028109,48.798326,1719670642000
1128963492632618,Laval,-73.83617385223,45.559841832269,1759061413809
748395076992007,Laval,-73.690333775673,45.663743364078,1681115986274
991986585750985,Laval,-73.689052499716,45.660144996762,1722017982379
329155540248965,Gaspesie-Iles-de-la-Madeleine,-65.19281,49.128495,1719842935000
1373877736855579,Laval,-73.690782914903,45.607985319137,1703013054914
465669472825080,Gaspesie-Iles-de-la-Madeleine,-65.192645425642,49.144660768806,1719870388000
562989118736721,Laval,-73.690961097787,45.607947431576,1654001455623
1698365690996144,Gaspesie-Iles-de-la-Madeleine,-65.188932,49.149608,1719870351000
1141840502952266,Laval,-73.62842089349,45.672419013388,1433070960556
6433707439999904,Laval,-73.691843250423,45.60764900615,1693496364639
438069488851195,Centre-du-Quebec,-72.475432387583,46.324245613299,1715246851695
1081494710718835,Laval,-73.779942752821,45.619430312872,1756648629255
1124142258560365,Centre-du-Quebec,-72.473162287008,46.325904332735,1696348512000
1081828572306497,Laval,-73.73168120779,45.581009177336,1520431050417
24263687493290224,Laval,-73.780000416606,45.619424318375,1756647191856
1002003838593100,Centre-du-Quebec,-72.473121201257,46.325890697767,1715259553108
2861256770931781,Laval,-73.731479874742,45.580921798978,1758965230624
138442851563342,Laval,-73.731446191149,45.581185308667,1571866237986
558312182350510,Laval,-73.779865428262,45.619617863982,1654016998541
244177847482712,Laval,-73.731410211809,45.581076070069,1572717133071
497492028120605,Laval,-73.740599360636,45.546339933036,1531334184903
515176774306419,Laval,-73.796288753841,45.542997770063,1724151444300
178246410850673,Laval,-73.743521797865,45.549163262066,1531342267181
733066374801999,Laval,-73.796726290317,45.543482663189,1654000920506
248249227097455,Laval,-73.740210699341,45.547768853543,1531343453551
247646853776298,Laval,-73.797080290029,45.54374282055,1548438068450
1688824071890543,Gaspesie-Iles-de-la-Madeleine,-64.757616,48.963576,1719846809000
1552679355486522,Laval,-73.797416020918,45.543672690361,1709473972350
291653079169227,Laval,-73.797129939202,45.543632179461,1548420412557
327143615597555,Laval,-73.797729295858,45.543909625053,1545925246025
1170692040412207,Laval,-73.797790103996,45.543955004374,1653071980340
1343313142767736,Laval,-73.76398652157,45.527006342835,1531333575278
1740545219489384,Laval,-73.797116221798,45.543718890053,1583940129862
822778705000044,Laval,-73.763577436472,45.527321153128,1557734102000
391001942036872,Laval,-73.797713255441,45.543872513978,1497963611000
306351634198231,Laval,-73.756231530079,45.525113970283,1583785775618
5456421924429686,Laval,-73.763743892143,45.527224974317,1577372988627
1364077002166702,Bas-Saint-Laurent,-69.380553702651,47.534867516597,1765143549413
313845474417345,Gaspesie-Iles-de-la-Madeleine,-65.705671,48.32687,1691154575000
1868111610004100,Laval,-73.756211429349,45.525135587867,1583939810865
927064415511982,Centre-du-Quebec,-72.209883486591,46.482180507403,1696347180000
3496926293968814,Gaspesie-Iles-de-la-Madeleine,-65.709200095701,48.323172489186,1691151759000
1697765930408926,Laval,-73.755991005107,45.525273431066,1584023744648
147435594946926,Laval,-73.674346173268,45.683641920997,1681116001522
1066031135492369,Gaspesie-Iles-de-la-Madeleine,-65.705596354684,48.327018534917,1751204902000
291341966042734,Laval,-73.763747461033,45.527072887019,1583785674569
1427943542155210,Laval,-73.724920263963,45.552442679934,1773521438990
507491247042352,Centre-du-Quebec,-72.817197941009,46.066143648514,1502212692254
1372380163142882,Laval,-73.725059994975,45.552249728627,1547667397155
914235763452810,Laval,-73.725247702311,45.552470788853,1703012624051
479897303123910,Laval,-73.725215431229,45.552379557741,1553807555563
1107968236390556,Laval,-73.725455990414,45.552016186814,1522596966551
1445028622506105,Laval,-73.770416800468,45.53423639889,1544296886909
468398817767950,Laval,-73.725491234938,45.552486040869,1516987936898
331307495081120,Laval,-73.725140016927,45.552317046773,1548356674820
2932880853622802,Laval,-73.766406325404,45.535827804247,1544296922876
2024795407661726,Laval,-73.725487981035,45.552254959016,1572710612568
580680552905203,Laval,-73.732070134084,45.558648888575,1522000067330
523832041964590,Laval,-73.724967466039,45.551633892988,1551107784595
520621506011625,Laval,-73.731624960334,45.558245041927,1572716004179
1201516276943497,Laval,-73.739662546607,45.547664592623,1531343463162
1095693270953829,Laval,-73.725539943337,45.552102776024,1543698255424
877359240869484,Laval,-73.698138588859,45.653013513658,1722017851790
508313880309087,Laval,-73.739583701168,45.547558726658,1531334224962
190265386667377,Laval,-73.698115615268,45.653077580013,1681115617430
483643032959410,Laval,-73.739948880726,45.544948855542,1531342300307
297071652030664,Centre-du-Quebec,-72.306826635236,46.059509471564,1572609196023
1356254598583479,Centre-du-Quebec,-72.306275861185,46.060066384358,1703360609500
1030011638567694,Laval,-73.787366324197,45.533963753126,1722859925984
2977303105882260,Centre-du-Quebec,-72.306649228401,46.060302053311,1407159667000
1113757025812602,Laval,-73.787559970786,45.534147186067,1545925293502
1866918926808146,Centre-du-Quebec,-72.280019752001,46.06914507489,1572609278023
471926317444731,Laval,-73.787370382685,45.529122848333,1572718249212
466679654637373,Centre-du-Quebec,-72.305655803708,46.06074149421,1465985487000
499713711170877,Laval,-73.787556058532,45.529642745513,1520712118530
1517325175756784,Centre-du-Quebec,-72.0923804,46.0149831,1703361536500
1082007316134008,Laval,-73.661395927073,45.624429131743,1703013061854
1098249228675252,Laval,-73.740021521519,45.521862266955,1605364592374
1422386891957624,Centre-du-Quebec,-72.093839785581,46.014425899961,1703361355333
1340135779935201,Laval,-73.787599516605,45.534175600635,1693500732241
460004661898015,Centre-du-Quebec,-72.302013618271,46.061195126837,1465817041000
309533141566150,Laval,-73.660250771599,45.626376350475,1693496249569
1299391414230596,Laval,-73.748548361289,45.650267054225,1722700421809
737846577267516,Centre-du-Quebec,-72.097397483354,46.010666709359,1655492353170
312143807207431,Laval,-73.787751781782,45.53405674228,1520709811669
891030474776422,Abitibi-Temiscamingue,-76.917044473869,47.33024444436,1531244619000
6167728333284022,Laval,-73.748456420859,45.650297182186,1680865272657
537635804577228,Laval,-73.66008008364,45.626384906218,1654001571524
510512010303415,Laval,-73.787678632215,45.534033902223,1572717751154
219481334015665,Laval,-73.748427679449,45.650404039559,1680979090647
2673066812826107,Abitibi-Temiscamingue,-76.920592152069,47.334952808822,1531244598000
1077628790108398,Laval,-73.787615988287,45.534349256731,1709474013550
1030318822377677,Laval,-73.748965625379,45.64831779607,1756827680074
1358270844539145,Laval,-73.787361111111,45.533961111111,1497963661000
5506586779441413,Laval,-73.748555968567,45.650114050657,1680965257049
1704198397082060,Bas-Saint-Laurent,-66.831214,48.869852,1719673306000
1206533050775150,Bas-Saint-Laurent,-66.834885,48.865736,1719673269000
2123619121112263,Centre-du-Quebec,-72.643255410405,46.242386190778,1502210454175
275676702099242,Centre-du-Quebec,-72.549945400508,46.333752572815,1696349289000
884108941309012,Centre-du-Quebec,-72.547073392641,46.331651652714,1774897520000
1317581913760193,Centre-du-Quebec,-72.546701621547,46.330948825794,1774898192000
872053366711090,Centre-du-Quebec,-72.54862696468,46.335139490857,1502136548552
2066189557446888,Centre-du-Quebec,-72.547670747987,46.332380859192,1774898512000
1439951123680687,Cote-Nord,-63.470008450038,51.114142754853,1749648580884
1439912447132709,Centre-du-Quebec,-72.547896530985,46.332303560743,1774897275000
694462950235279,Cote-Nord,-63.454075493145,51.11874246157,1749648361165
1154257276590509,Cote-Nord,-63.455136688302,51.11872896392,1749640559822
173397625150002,Centre-du-Quebec,-72.169240144226,45.988171474957,1655492629066
453200306552802,Centre-du-Quebec,-72.186012299998,45.9930172,1655492710176
1469711657728980,Gaspesie-Iles-de-la-Madeleine,-65.567886971181,49.099282876056,1751376758000
25311532351830886,Centre-du-Quebec,-71.570837064899,45.873993910102,1765056375988
1453333461967039,Abitibi-Temiscamingue,-78.5949826,47.8575982,1627049709476
3932391743534566,Centre-du-Quebec,-72.279749293541,46.06933064974,1572609279023
693366519300657,Gaspesie-Iles-de-la-Madeleine,-65.144994,48.406945,1691323577000
1011779030015057,Gaspesie-Iles-de-la-Madeleine,-65.149962751336,48.405340606781,1691323202000
452891794150450,Centre-du-Quebec,-71.899934128312,45.808947052661,1719326516032
2067209103462593,Centre-du-Quebec,-72.754160955142,46.159916084101,1502211898945
861930741965234,Gaspesie-Iles-de-la-Madeleine,-65.234035,48.114796,1691314789000
1116594052737566,Bas-Saint-Laurent,-67.143475,48.816961,1719669992000
365547816640279,Bas-Saint-Laurent,-67.069513,48.804522,1719670390000
919352458851613,Centre-du-Quebec,-72.683207782742,46.13217316404,1502211279462
669369628613011,Centre-du-Quebec,-72.313062869232,46.055657039006,1703360584500
174135714581693,Centre-du-Quebec,-72.311580554372,46.05712965122,1465985507000
476177276932872,Centre-du-Quebec,-72.310746139284,46.057168917085,1572609182022
865900090662923,Centre-du-Quebec,-72.331921423188,46.040166209102,1572609093523
4050413141701617,Centre-du-Quebec,-72.311634329387,46.057105704957,1407159681000
611760028633054,Gaspesie-Iles-de-la-Madeleine,-65.956444188397,48.521845628728,1751298630000
825028578128522,Centre-du-Quebec,-72.312872792597,46.055737249701,1465817006000
441840795382955,Gaspesie-Iles-de-la-Madeleine,-65.278117,49.04717,1719842135000
1007500423796931,Gaspesie-Iles-de-la-Madeleine,-65.274122,49.059095,1719871115000
458450805261278,Centre-du-Quebec,-72.668403820913,46.278485208482,1502123779116
165124122207820,Centre-du-Quebec,-72.66794703411,46.278605457751,1502123817876
494570146486836,Gaspesie-Iles-de-la-Madeleine,-65.748029,48.991115,1719691107000
141160292364118,Gaspesie-Iles-de-la-Madeleine,-65.177948826115,48.344131579035,1691319969000
331815582610684,Gaspesie-Iles-de-la-Madeleine,-65.175073457351,48.354348185431,1691320107000
529441251401066,Centre-du-Quebec,-72.611642940504,46.216261009664,1502210828569
838941751117115,Gaspesie-Iles-de-la-Madeleine,-65.833092,48.895997,1719785814000
780088221230987,Bas-Saint-Laurent,-67.027429,48.7178689,1756756500000
484003769591653,Abitibi-Temiscamingue,-79.437735166652,47.628147862043,1531059524000
340370584092572,Abitibi-Temiscamingue,-79.442013889449,47.624716638358,1531059501000
793393246419098,Bas-Saint-Laurent,-67.3155583,48.1672906,1757274781000
168123681896943,Centre-du-Quebec,-72.585625156593,45.850220971397,1407160815000
673065798021018,Gaspesie-Iles-de-la-Madeleine,-65.35102,48.123488,1691313520000
314023053517439,Centre-du-Quebec,-72.603132662538,45.836278948363,1407160876000
229505946245063,Gaspesie-Iles-de-la-Madeleine,-65.334349,48.125676,1691313581000
1705584696301926,Centre-du-Quebec,-72.583584617788,45.851405774387,1572608078023
1469413510436903,Bas-Saint-Laurent,-66.704126,48.919554,1719674078000
817791455593876,Centre-du-Quebec,-72.591212325976,45.846334341525,1465986598000
381035217836331,Centre-du-Quebec,-72.584994437935,45.85018632845,1703353537000
164953782223814,Centre-du-Quebec,-72.843478099687,46.034624698498,1502212898145
1349768022072922,Centre-du-Quebec,-72.584612277253,45.850524729181,1406535855000
497006938157897,Centre-du-Quebec,-72.58983856,45.84631304,1406535836000
738367034853227,Centre-du-Quebec,-72.4768748,45.9188148,1703359691500
313979033461843,Centre-du-Quebec,-72.476612713983,45.919169091059,1572608497023
254835544089652,Centre-du-Quebec,-72.481866592143,45.912806091784,1703353931000
481557583172490,Centre-du-Quebec,-72.488036886556,45.909889804575,1572608448523
144252511008112,Centre-du-Quebec,-72.481812766349,45.915068488232,1407160352000
1900127664077072,Bas-Saint-Laurent,-67.519575412875,48.373802366795,1751113455000
1453914571984445,Bas-Saint-Laurent,-67.482976,48.644296,1719664111000
5270803869660374,Abitibi-Temiscamingue,-79.437968286424,47.428114986435,1531057008000
547843004203729,Saguenay-Lac-Saint-Jean,-72.046481620082,48.428231134722,1683375460000
911638706286553,Abitibi-Temiscamingue,-79.437772222222,47.433927777778,1531057031000
980286943051664,Saguenay-Lac-Saint-Jean,-72.043774488453,48.429015119903,1694796784000
1435581614251055,Gaspesie-Iles-de-la-Madeleine,-65.844987696109,49.164783182215,1751388237000
568547471966564,Gaspesie-Iles-de-la-Madeleine,-65.66234,48.225226,1691148196000
1049414164003486,Gaspesie-Iles-de-la-Madeleine,-65.851150972136,49.16076982608,1751388327000
566541668829685,Gaspesie-Iles-de-la-Madeleine,-65.667052,48.224111,1691148132000
867292165153244,Centre-du-Quebec,-72.367874476349,46.429891714523,1696351619000
1037920746739060,Centre-du-Quebec,-72.537476512495,45.891257937899,1572608278523
7341697242548436,Centre-du-Quebec,-72.535593866448,45.892864617953,1703353743000
1615828539196398,Bas-Saint-Laurent,-66.951988,48.806721,1719671004000
153124776678486,Centre-du-Quebec,-72.53637431185,45.892214616753,1465816136000
295858688877012,Centre-du-Quebec,-72.53654542377,45.892551422872,1407160537000
468309534281626,Centre-du-Quebec,-72.538811517833,45.891159586774,1465986383000
499501037848131,Centre-du-Quebec,-72.52593180363,45.90128370528,1406536106000
220152086540026,Centre-du-Quebec,-72.531405237889,45.896537640532,1406536079000
410816145124864,Centre-du-Quebec,-72.437148648711,46.344308455337,1715248505721
1262204324757079,Centre-du-Quebec,-72.442101939793,46.342287555577,1715259424746
767549743903082,Centre-du-Quebec,-72.130241231351,46.171924791246,1572609829523
296053768683936,Centre-du-Quebec,-72.135500912657,46.169140930506,1407159073000
2967249590080700,Centre-du-Quebec,-72.44244530224,46.34215634845,1715255043568
1859226574245474,Centre-du-Quebec,-72.135998529307,46.168368745125,1465817627000
667213372039969,Centre-du-Quebec,-72.442125265727,46.342328627343,1696348383000
229367122318809,Centre-du-Quebec,-72.131329904532,46.171801630577,1465984878000
451032917897169,Bas-Saint-Laurent,-66.829842184686,48.870345296461,1719673317000
469375151009252,Centre-du-Quebec,-72.13308322282,46.170164314075,1465817637000
1035464614766181,Bas-Saint-Laurent,-66.829691,48.860626,1719673199000
231250065433296,Centre-du-Quebec,-72.142722674463,46.164300258181,1572609785523
291534155803215,Centre-du-Quebec,-72.143332538829,46.163883330397,1465817602000
792191901439948,Abitibi-Temiscamingue,-79.409352777836,47.797422222201,1531060252000
4403287919683726,Abitibi-Temiscamingue,-79.409247444598,47.784647046176,1531060204000
1087928073554045,Bas-Saint-Laurent,-68.069621580165,48.659332922454,1759914464829
1142559067818818,Bas-Saint-Laurent,-68.069926590024,48.659260887658,1759850289671
1985476862252776,Bas-Saint-Laurent,-68.069880150967,48.659458456794,1759851856935
1631142407582373,Bas-Saint-Laurent,-67.459705176223,48.418554068348,1751113057000
292115649122621,Centre-du-Quebec,-72.663899000296,46.146060836305,1502211194134
1007721354280934,Gaspesie-Iles-de-la-Madeleine,-65.282107,49.019022,1719871300000
1420465418492914,Gaspesie-Iles-de-la-Madeleine,-65.286051,49.021219,1719841990000
2205000419876000,Bas-Saint-Laurent,-67.494773,48.634426,1719663954000
476450126742066,Abitibi-Temiscamingue,-78.12775088281,48.571945584336,1531117834000
366156824839462,Abitibi-Temiscamingue,-78.128516068395,48.571952105051,1531117880000
5530247970318628,Centre-du-Quebec,-72.348993067068,45.996007524813,1655493362110
218929654181904,Saguenay-Lac-Saint-Jean,-71.686709607031,48.388523301636,1683373967000
6915904405155928,Centre-du-Quebec,-72.2019513817,46.498432327506,1696346948000
1251803549036734,Saguenay-Lac-Saint-Jean,-71.678988634492,48.370227840799,1687689856000
6869852153032130,Saguenay-Lac-Saint-Jean,-70.107117666089,48.35427335035,1684496570000
4616626121697699,Centre-du-Quebec,-72.64093776875,46.164989674092,1502211083588
1017133252648144,Gaspesie-Iles-de-la-Madeleine,-65.72166,48.30209,1691150430000
1115550399823011,Centre-du-Quebec,-72.400279250836,45.982928647305,1703360014000
830445818789464,Gaspesie-Iles-de-la-Madeleine,-65.725557,48.309972,1691150931000
382447539971690,Centre-du-Quebec,-72.403309568069,45.980305939117,1572608794523
1085079785693911,Centre-du-Quebec,-72.133050651207,45.986055308643,1655492496064
1022961739173838,Centre-du-Quebec,-72.321342588547,46.388617982206,1715248651067
1196377084168394,Centre-du-Quebec,-72.404045686512,45.980297187187,1465985877000
329253143525831,Centre-du-Quebec,-72.317851109799,46.390390417451,1715249798363
1333716203675727,Centre-du-Quebec,-72.400817396481,45.982356956251,1465816651000
1030569301328349,Centre-du-Quebec,-72.313029413861,46.3917050979,1696347871000
958281446353163,Bas-Saint-Laurent,-67.538094923473,48.143165030992,1751117167000
591586838524389,Centre-du-Quebec,-72.549689134429,46.30046154717,1597425467000
712410121553229,Bas-Saint-Laurent,-68.799143833955,47.376265712998,1765206641847
1878861605950066,Centre-du-Quebec,-72.53130340685,46.286857469638,1715259810999
774811387345836,Saguenay-Lac-Saint-Jean,-70.510090266685,48.272789271755,1684507424000
111583467827860,Centre-du-Quebec,-72.540586111111,46.292072222222,1597426469000
1070422240617135,Centre-du-Quebec,-72.549198027105,46.300306557968,1696348846000
524963851844590,Abitibi-Temiscamingue,-79.519868500127,48.95197704829,1430145375535
1758767387627601,Centre-du-Quebec,-71.939867924361,46.316708905703,1572610656023
823210718294563,Centre-du-Quebec,-72.09987481971,46.190602240343,1572609947523
803477983920589,Centre-du-Quebec,-71.941551208541,46.315617134135,1572610650023
351251856422186,Centre-du-Quebec,-72.077199394997,46.204092499748,1465817827000
171590008114476,Centre-du-Quebec,-72.07495110971,46.205449259877,1572610043522
297134202030726,Centre-du-Quebec,-71.940023359018,46.316590625757,1465818397000
210131820750565,Centre-du-Quebec,-72.075231757468,46.205276102394,1572610042487
502123732452747,Saguenay-Lac-Saint-Jean,-71.133567771964,48.097246207849,1722175075000
558198755146142,Centre-du-Quebec,-71.936102946944,46.319474423392,1407158301000
194417812367796,Centre-du-Quebec,-72.076651162287,46.204935340333,1407158872000
350957654700865,Gaspesie-Iles-de-la-Madeleine,-65.133952465562,49.21613540103,1719869891000
1041812533967528,Saguenay-Lac-Saint-Jean,-71.130822206352,48.083444588411,1722175219000
2641378892652619,Centre-du-Quebec,-71.942929615907,46.314753731841,1465818387000
2922545444651860,Centre-du-Quebec,-72.075697979311,46.205013534603,1406537677000
560143341641518,Centre-du-Quebec,-71.93875047,46.31780496,1407158310000
404250635342098,Gaspesie-Iles-de-la-Madeleine,-65.133965321204,49.216138249922,1719869854000
3854181438013279,Centre-du-Quebec,-72.072380064646,46.207571485369,1465984678000
924648271682368,Centre-du-Quebec,-71.941423912918,46.31614836244,1407158317000
493141215460054,Centre-du-Quebec,-72.075729990485,46.204971746013,1465817831000
500440835754212,Gaspesie-Iles-de-la-Madeleine,-65.528922,49.105794,1719769201000
966791407398823,Centre-du-Quebec,-71.93793416935,46.318416120267,1465984118000
1680332686122575,Gaspesie-Iles-de-la-Madeleine,-65.532200333953,49.091343382716,1719692453000
725038543716459,Gaspesie-Iles-de-la-Madeleine,-65.532078673269,49.091187184446,1751376498000
259592387136729,Centre-du-Quebec,-72.635455554457,45.80915573788,1703353315000
139958721514112,Centre-du-Quebec,-72.634102098116,45.810255583297,1572607867022
2613623538986983,Cote-Nord,-63.064074478001,50.309208255394,1752055019833
220682512800948,Centre-du-Quebec,-72.631605293865,45.812889828207,1407160991000
1016294989421555,Bas-Saint-Laurent,-67.464438,48.656725,1719664383000
1960981357603923,Saguenay-Lac-Saint-Jean,-72.171182237777,48.278019079805,1694799921000
4272192032833035,Centre-du-Quebec,-72.638535546547,45.806623651023,1465815721000
1538031830462702,Bas-Saint-Laurent,-67.473326,48.651604,1719664270000
1059387071698195,Saguenay-Lac-Saint-Jean,-72.177481347767,48.262998200786,1683377529000
691134259442646,Saguenay-Lac-Saint-Jean,-72.171453149099,48.279765332249,1687692988000
923286181836954,Bas-Saint-Laurent,-69.229187224734,47.683371937906,1406548785000
354307166763379,Bas-Saint-Laurent,-69.213096456698,47.68927324932,1407063529000
1000654057129548,Bas-Saint-Laurent,-69.212901346102,47.689321125587,1406548835000
439049329032331,Bas-Saint-Laurent,-66.780195981665,48.870457588951,1719673671000
135901218557525,Abitibi-Temiscamingue,-78.112555555556,48.692519444444,1531118523000
4019565894789852,Abitibi-Temiscamingue,-78.114194962418,48.69792175507,1531118545000
1291600359373367,Cote-Nord,-63.289253950736,50.286200605172,1752054776750
370199454333375,Abitibi-Temiscamingue,-78.112691665161,48.692041665846,1531118521000
213727921783523,Centre-du-Quebec,-72.4791914,45.887104,1703354242000
470155220952554,Centre-du-Quebec,-71.919110061927,46.33256512283,1572610737023
794016024822747,Centre-du-Quebec,-71.917063985309,46.334808356572,1465984038000
782793767351194,Gaspesie-Iles-de-la-Madeleine,-65.543329209273,48.993858094644,1719692843000
3705841686395324,Gaspesie-Iles-de-la-Madeleine,-65.016682,49.023258,1719844200000
828693931065602,Centre-du-Quebec,-71.91027447588,46.339633734154,1465818522000
360317340163459,Gaspesie-Iles-de-la-Madeleine,-65.543902,48.994337,1719768728000
729314776776599,Bas-Saint-Laurent,-67.3176907,48.1843393,1757266839000
776897488411494,Bas-Saint-Laurent,-67.3203771,48.177869,1757274867000
1429666201454721,Bas-Saint-Laurent,-67.3112153,48.1930036,1757265338000
793942493173615,Bas-Saint-Laurent,-67.331562,48.1994678,1757265041000
1419927345362238,Bas-Saint-Laurent,-67.040058,48.795499,1719670598000
545451311119091,Saguenay-Lac-Saint-Jean,-70.676772262403,48.431306502759,1684498249000
1487390632275667,Bas-Saint-Laurent,-67.0622553,48.7240117,1756756152000
1506191237181269,Bas-Saint-Laurent,-67.063571266554,48.741299149607,1756755980000
1089723369968136,Bas-Saint-Laurent,-67.0618117,48.7261046,1756756120000
2624912904507599,Bas-Saint-Laurent,-67.549173857274,48.197602268394,1757258612000
784530077868568,Bas-Saint-Laurent,-67.5457948,48.1860243,1757259805000
1172965534853352,Bas-Saint-Laurent,-67.547959,48.1847887,1757258984000
2005629250273422,Bas-Saint-Laurent,-67.5357297,48.1923885,1757260066000
662178822198245,Gaspesie-Iles-de-la-Madeleine,-65.479766,48.151261,1691307794000
230758036597958,Gaspesie-Iles-de-la-Madeleine,-65.450263,48.15332,1691141330000
295922029681542,Gaspesie-Iles-de-la-Madeleine,-65.453594,48.153598,1691307918000
1257142168982351,Bas-Saint-Laurent,-67.584594178647,48.015192987247,1755375395000
1016759979797740,Bas-Saint-Laurent,-67.488336,48.560916,1719663033000
327141822131916,Bas-Saint-Laurent,-68.830682579729,47.630510232903,1406550118000
282053756906318,Bas-Saint-Laurent,-69.459138274355,47.778333565201,1406548008000
1976370633221387,Bas-Saint-Laurent,-69.463912762063,47.570408011075,1765143215422
309419813873376,Abitibi-Temiscamingue,-77.145561114984,48.567849988168,1531238330000
305266907842902,Abitibi-Temiscamingue,-77.143074013365,48.569910757991,1531238320000
523904092112197,Bas-Saint-Laurent,-68.868182997046,47.669076379556,1406549869000
269802318148829,Bas-Saint-Laurent,-68.860414011828,47.663525097155,1406549904000
1226252081405637,Gaspesie-Iles-de-la-Madeleine,-65.717045,48.28696,1691150174000
6385102934900882,Gaspesie-Iles-de-la-Madeleine,-65.71966,48.297073,1691150348000
1029564068564351,Bas-Saint-Laurent,-67.381834,48.711876,1719666809000
1327726488868087,Bas-Saint-Laurent,-67.615802341542,48.501734507755,1755959439000
967125635542954,Bas-Saint-Laurent,-66.8251695,48.7798697,1756043666000
1506348590786273,Bas-Saint-Laurent,-66.8122885,48.7867449,1756042523000
1404606380763716,Cote-Nord,-68.19558993854,49.235670858071,1751886009302
461218724961088,Abitibi-Temiscamingue,-77.995,48.792722222222,1531119239000
140978721334427,Abitibi-Temiscamingue,-77.993466697455,48.792711110707,1531119243000
2781709001993489,Bas-Saint-Laurent,-67.390313,48.705041,1719666675000
570835325175612,Saguenay-Lac-Saint-Jean,-70.536103742274,48.274661065911,1684507350000
1495258511556161,Bas-Saint-Laurent,-68.88407377329,47.393705138811,1765203656877
1394522918049976,Saguenay-Lac-Saint-Jean,-70.5300247,48.2747114,1684507367000
1732290760924710,Gaspesie-Iles-de-la-Madeleine,-65.700657,49.01544,1719691377000
989677133250339,Bas-Saint-Laurent,-67.3346312,48.2223951,1757264859000
1240487497814387,Gaspesie-Iles-de-la-Madeleine,-65.65042590017,48.416868348484,1751212913000
307150998486586,Gaspesie-Iles-de-la-Madeleine,-65.294755,48.11673,1691313792000
1417446812444958,Gaspesie-Iles-de-la-Madeleine,-65.650604,48.417072,1691158521000
749362143625313,Gaspesie-Iles-de-la-Madeleine,-65.271506,48.102125,1691314490000
1041879273479468,Gaspesie-Iles-de-la-Madeleine,-65.649504,48.415909,1691157533000
1047715057489418,Gaspesie-Iles-de-la-Madeleine,-65.649186668334,48.415555058946,1751210813000
799478111553431,Saguenay-Lac-Saint-Jean,-71.772334909572,48.426640572389,1683374346000
1210115120333341,Gaspesie-Iles-de-la-Madeleine,-65.44706,48.931804,1719872107000
424548840576975,Gaspesie-Iles-de-la-Madeleine,-65.836796,48.992159,1719690677000
197187373258506,Saguenay-Lac-Saint-Jean,-70.061649401649,48.347075266801,1684496420000
1433138600560650,Saguenay-Lac-Saint-Jean,-70.0707114,48.3462781,1684496451000
268805182539293,Gaspesie-Iles-de-la-Madeleine,-65.625777,48.211047,1691160802000
442022408631317,Gaspesie-Iles-de-la-Madeleine,-65.662735,49.177098,1719770603000
999960671451689,Gaspesie-Iles-de-la-Madeleine,-64.764296,48.354157,1691330902000
2886647551652484,Abitibi-Temiscamingue,-77.359502850739,47.998747464911,1531241193000
1206148336503968,Bas-Saint-Laurent,-68.769644398829,47.601289851821,1406550371000
1329712065412859,Cote-Nord,-63.458160384911,50.902670009906,1749551939325
1148250478935123,Abitibi-Temiscamingue,-77.359633287627,47.998297117737,1531241261000
2142266299528402,Cote-Nord,-63.458178062653,50.902357851238,1749561561264
683261581412822,Gaspesie-Iles-de-la-Madeleine,-65.967494959602,48.530695806693,1751298682000
1540622313845165,Bas-Saint-Laurent,-69.203842742418,47.457283464647,1765201509862
490905429976265,Gaspesie-Iles-de-la-Madeleine,-64.778958,48.963234,1719846715000
781578100794166,Gaspesie-Iles-de-la-Madeleine,-65.436079,48.985217,1719751634000
3295434694016576,Abitibi-Temiscamingue,-77.385786114041,48.121280555556,1531240605000
24388982154085009,Cote-Nord,-62.055022194176,50.231362801694,1752067444458
495382135042845,Abitibi-Temiscamingue,-77.385786114041,48.121280555556,1531240605000
841907971150383,Gaspesie-Iles-de-la-Madeleine,-65.440452,49.014481,1719840823000
1221339989471906,Bas-Saint-Laurent,-66.751569724513,48.816575658918,1751469680691
811577508097283,Bas-Saint-Laurent,-67.5503539,48.2032481,1757258570000
2235177686918454,Gaspesie-Iles-de-la-Madeleine,-65.725743462701,49.209647835209,1751379417000
1154868352503640,Gaspesie-Iles-de-la-Madeleine,-65.725477251239,49.208584275582,1719772009000
465683191202914,Abitibi-Temiscamingue,-79.262167320967,48.195295995192,1531062700000
160596917055057,Gaspesie-Iles-de-la-Madeleine,-65.421324,48.176002,1691142851000
2673158606377692,Bas-Saint-Laurent,-66.8586156,48.766336,1756044286000
6188402221249778,Saguenay-Lac-Saint-Jean,-71.018087721541,48.353439697393,1684500980000
986683409348966,Saguenay-Lac-Saint-Jean,-71.018639394111,48.354033693456,1685538291000
1391672364665443,Bas-Saint-Laurent,-68.627972878498,47.540138212487,1407061464000
475108403820679,Abitibi-Temiscamingue,-77.311798402292,47.783785137655,1531242141000
534226974234109,Abitibi-Temiscamingue,-77.311399153374,47.78278220448,1531242145000
607923164722033,Gaspesie-Iles-de-la-Madeleine,-65.65925,48.242047,1691148544000
392751397139007,Gaspesie-Iles-de-la-Madeleine,-65.242953,49.135117,1719842633000
806396999978667,Abitibi-Temiscamingue,-79.411002760316,47.270594452884,1531055587000
854787733214202,Gaspesie-Iles-de-la-Madeleine,-65.251688,49.122232,1719842542000
495538286216691,Gaspesie-Iles-de-la-Madeleine,-65.254535,49.129809,1719870707000
942016866621879,Abitibi-Temiscamingue,-79.411002764337,47.270594457857,1531055587000
462686263068784,Bas-Saint-Laurent,-66.890195891814,48.803074002363,1719671440000
290575360743598,Bas-Saint-Laurent,-66.916334538359,48.814537796717,1719671642000
810416411329496,Bas-Saint-Laurent,-67.278526858836,48.037364174276,1757272813000
754605220646453,Bas-Saint-Laurent,-67.262838,48.0414771,1757273009000
877809019794573,Abitibi-Temiscamingue,-78.701675007273,48.221919444067,1531066309000
474912910624518,Abitibi-Temiscamingue,-78.709250000853,48.221255556936,1531066290000
1620976385251760,Bas-Saint-Laurent,-67.264780251484,48.09188123392,1751126087000
777568601542323,Bas-Saint-Laurent,-67.2616924,48.088995,1757274195000
643393223887155,Saguenay-Lac-Saint-Jean,-70.822380308652,48.053709500323,1685536202000
623085717233736,Bas-Saint-Laurent,-67.6558498,48.4337495,1755960073000
1830959144440051,Bas-Saint-Laurent,-67.4617088,48.2408743,1757260566000
1048297910716565,Bas-Saint-Laurent,-67.07037699018,48.739012017597,1756755830000
316742086476479,Abitibi-Temiscamingue,-77.085201022066,48.730722970246,1531237682000
530440091671466,Bas-Saint-Laurent,-68.846159722406,47.653769979791,1406549976000
270957574730890,Abitibi-Temiscamingue,-77.088039607064,48.737332134305,1531237656000
825794099525328,Bas-Saint-Laurent,-67.343644,48.700581,1719666996000
921115518639042,Bas-Saint-Laurent,-68.854481771601,47.659577154496,1406549929000
303054504611245,Abitibi-Temiscamingue,-77.09681758178,48.752918784984,1531237594000
141879087843154,Abitibi-Temiscamingue,-77.09250555734,48.746777779636,1531237620000
734790254195593,Bas-Saint-Laurent,-68.598513223811,47.532741838437,1407061377000
139305874839600,Abitibi-Temiscamingue,-77.342745081275,47.807119054516,1531242021000
758063364907934,Abitibi-Temiscamingue,-77.341292831809,47.804888033811,1531242031000
263197019516994,Saguenay-Lac-Saint-Jean,-70.880166266553,48.333734485636,1684505877000
5978223332306328,Saguenay-Lac-Saint-Jean,-70.88210630579,48.336952370109,1684502203000
519479524525241,Bas-Saint-Laurent,-66.036596469166,48.598502122407,1751299198000
1862184084424938,Bas-Saint-Laurent,-67.3458323,48.2150385,1757264937000
1253412639573981,Bas-Saint-Laurent,-66.042595621609,48.591617414439,1751299260000
2393015634446159,Bas-Saint-Laurent,-67.309236346834,48.195722198098,1757265370000
639002414991665,Gaspesie-Iles-de-la-Madeleine,-65.177225,48.135009,1691315186000
650219893739516,Gaspesie-Iles-de-la-Madeleine,-65.179969,48.132437,1691315150000
1332379308454456,Bas-Saint-Laurent,-67.0076315,48.6794142,1756757593000
316075626581248,Abitibi-Temiscamingue,-79.428745313831,47.628096334991,1531059546000
1298087428633146,Bas-Saint-Laurent,-67.112488734845,48.770024355626,1756754578000
466360334471529,Abitibi-Temiscamingue,-79.426177818417,47.628244361897,1531059554000
1054996066814450,Bas-Saint-Laurent,-67.506013024707,48.383668752653,1751113347000
976594666859172,Saguenay-Lac-Saint-Jean,-71.068944133693,48.395421611365,1684500489000
31136035032677667,Bas-Saint-Laurent,-66.7681464,48.766414,1756040014000
643060477282473,Saguenay-Lac-Saint-Jean,-71.069624493962,48.37956531831,1685538449000
171043114823751,Abitibi-Temiscamingue,-79.342780555556,47.1026,1531054345000
372175747447618,Abitibi-Temiscamingue,-79.359824998142,47.109433330523,1531054396000
1248771619483186,Cote-Nord,-68.126324609334,51.297434748389,1728063354714
1146495740781312,Bas-Saint-Laurent,-67.099524717771,48.762226077343,1756754730000
1904157066825207,Bas-Saint-Laurent,-67.2804977,48.0628759,1757273390000
801691248868976,Bas-Saint-Laurent,-67.072129559672,48.740176130904,1756755792000
575033157703046,Saguenay-Lac-Saint-Jean,-70.2976874,48.0385926,1662556967000
772595271754046,Bas-Saint-Laurent,-67.281621,48.711193,1719667541000
10053049331460100,Bas-Saint-Laurent,-67.335612670308,48.126257641458,1751123816000
4142109412737246,Bas-Saint-Laurent,-67.329255233548,48.12566449073,1751124255000
2464885387029590,Bas-Saint-Laurent,-66.712367,48.999589,1719674947000
779007410438163,Saguenay-Lac-Saint-Jean,-70.718307038608,48.310025562373,1684506679000
848987763817627,Bas-Saint-Laurent,-67.275902,48.701751,1719667635000
924328245529480,Saguenay-Lac-Saint-Jean,-72.081892312556,48.428412484097,1687692259000
115983441488403,Saguenay-Lac-Saint-Jean,-72.082639301211,48.427515844042,1683376557000
621141216763888,Saguenay-Lac-Saint-Jean,-72.081535235936,48.42922716075,1694799210000
1168862641897037,Bas-Saint-Laurent,-68.982529209781,47.425923687261,1765202731903
1167161898947625,Bas-Saint-Laurent,-68.842484756927,47.381487637541,1765203848846
697932098189977,Bas-Saint-Laurent,-69.184511800012,47.694050890197,1407063444000
1337800440438778,Saguenay-Lac-Saint-Jean,-71.895785957004,48.41503544431,1694796281000
458328251911611,Bas-Saint-Laurent,-69.1774317463,47.695128101622,1406548938000
732160919291769,Cote-Nord,-63.449858900847,51.024609107773,1749558197807
1150705236200233,Bas-Saint-Laurent,-67.281335989195,48.707874433805,1719667564000
467603841181110,Bas-Saint-Laurent,-69.19583154003,47.691997899995,1406548900000
1062726239153342,Cote-Nord,-63.449565161185,51.02449260264,1749554469776
929284054591567,Abitibi-Temiscamingue,-77.11706389317,48.791697238332,1531236605000
366295201450011,Abitibi-Temiscamingue,-77.114189750724,48.791200762888,1531237329000
757541414963683,Abitibi-Temiscamingue,-77.11532170263,48.79092228856,1531236613000
571053618511659,Saguenay-Lac-Saint-Jean,-71.114767436689,48.337740420175,1685538842000
252918349911913,Abitibi-Temiscamingue,-77.114233564916,48.791266574215,1531237391000
502970124167730,Bas-Saint-Laurent,-68.813006627979,47.618496624876,1406550208000
1203722003499645,Bas-Saint-Laurent,-68.810127110245,47.6165385061,1407062127000
459607792007528,Bas-Saint-Laurent,-68.826415540118,47.627232745242,1406550143000
301791214723355,Abitibi-Temiscamingue,-78.83064200397,48.214116546222,1531065960000
135553191922881,Abitibi-Temiscamingue,-78.838408303283,48.214105557186,1531065940000
463168374910680,Abitibi-Temiscamingue,-77.183311109341,48.457224998106,1531238773000
331494669899552,Bas-Saint-Laurent,-67.153514,48.79136,1719669629000
1395907684122819,Abitibi-Temiscamingue,-77.181891666727,48.460811105853,1531238759000
723254405677468,Bas-Saint-Laurent,-69.232330775729,47.683229833039,1407063589000
309175873950891,Abitibi-Temiscamingue,-77.19177778135,48.447663889162,1531238815000
475870560283911,Abitibi-Temiscamingue,-77.188444450193,48.44993055349,1531238803000
2302817156557745,Saguenay-Lac-Saint-Jean,-70.080115093634,48.209679773193,1684508871000
1486319195692548,Bas-Saint-Laurent,-67.764761,48.0708955,1755378353000
1063267008780271,Cote-Nord,-68.232396420874,51.623486951797,1728066663571
1592449894821145,Bas-Saint-Laurent,-66.893856527411,48.796820289375,1719671387000
638847357713075,Saguenay-Lac-Saint-Jean,-71.247899093401,48.204032642502,1685540296000
519879552723141,Abitibi-Temiscamingue,-79.42307222208,47.707511111137,1531059874000
501398134548286,Abitibi-Temiscamingue,-79.423047220211,47.706452777521,1531059870000
1378769665835001,Abitibi-Temiscamingue,-77.093930561924,48.954366663515,1531235871000
3880457575343354,Abitibi-Temiscamingue,-77.099944461116,48.951044437826,1531235891000
1463636411334478,Bas-Saint-Laurent,-67.1649542,48.704123,1756747230000
758565057089304,Bas-Saint-Laurent,-67.1732409,48.6821492,1756745987000
1728216071158771,Bas-Saint-Laurent,-67.1630115,48.6815033,1756746059000
139099881532589,Abitibi-Temiscamingue,-77.39669179961,48.09301984304,1531240724000
284421063891082,Bas-Saint-Laurent,-69.253858139577,47.690174714632,1407063662000
783568505879064,Bas-Saint-Laurent,-69.256030268653,47.690649845763,1406548702000
501554810985931,Abitibi-Temiscamingue,-77.390821474711,48.084987996886,1531240776000
2104094623412600,Saguenay-Lac-Saint-Jean,-73.307756234873,48.283709565788,1754232669000
1880984818717550,Abitibi-Temiscamingue,-77.943105555556,48.792619444444,1531119376000
1504939480877070,Saguenay-Lac-Saint-Jean,-73.302880713801,48.282575863399,1754229548000
528120864852678,Abitibi-Temiscamingue,-77.944608334695,48.792625001568,1531119372000
141084651366016,Abitibi-Temiscamingue,-77.128307802899,48.859700286811,1531236307000
2856889204529435,Abitibi-Temiscamingue,-77.131597221214,48.859972227503,1531236299000
1158270309805438,Bas-Saint-Laurent,-69.476377181301,47.574893615883,1765143170780
228791099899358,Saguenay-Lac-Saint-Jean,-71.042537941852,48.443615157105,1684499400000
1898563677314844,Cote-Nord,-68.026320918173,51.746484169682,1728067762571
1188347816673188,Bas-Saint-Laurent,-67.5484392,48.248395,1757257788000
512040537307630,Bas-Saint-Laurent,-68.657244849397,47.547511997612,1407061552000
1287476952912541,Bas-Saint-Laurent,-67.7946363,48.3987614,1755971031000
1678028816209083,Bas-Saint-Laurent,-67.181382951715,48.752382663314,1756753850000
309478564068719,Abitibi-Temiscamingue,-77.09926118611,48.645141265424,1531238012000
3186279771552856,Bas-Saint-Laurent,-67.136376,48.679511,1756746437000
476358133568465,Abitibi-Temiscamingue,-77.099385106281,48.644608354437,1531238014000
1076040881180846,Bas-Saint-Laurent,-67.3705359,48.2556366,1757264377000
1213355473940898,Bas-Saint-Laurent,-67.3936984,48.2516517,1757264061000
519852632358213,Abitibi-Temiscamingue,-79.258697218803,47.935205558709,1531061377000
199135385357608,Abitibi-Temiscamingue,-79.259147220601,47.936141671555,1531061381000
377107586882818,Abitibi-Temiscamingue,-79.438074260417,47.519034159214,1531057429000
828402665937260,Bas-Saint-Laurent,-67.089970857001,48.815078515893,1719670266000
271519608028190,Abitibi-Temiscamingue,-79.438075224848,47.524482492876,1531057449000
302478708143439,Abitibi-Temiscamingue,-78.459966667214,48.226247222175,1531066925000
760099896421368,Cote-Nord,-61.937737740998,50.227971918683,1752066892916
907452371622117,Bas-Saint-Laurent,-68.753354901002,47.376838894109,1765206788908
3942266805899046,Abitibi-Temiscamingue,-78.456000291142,48.2273068958,1531066935000
1220043550021380,Bas-Saint-Laurent,-68.777731358524,47.375812563559,1765206710826
3238944802931299,Bas-Saint-Laurent,-66.8309716,48.7799527,1756043692000
847572921405850,Bas-Saint-Laurent,-69.357620499939,47.527829195639,1765143644983
3495163163954085,Bas-Saint-Laurent,-66.8301973,48.7928186,1756042855000
1266378131593487,Saguenay-Lac-Saint-Jean,-73.096712063459,48.325523687117,1754239376033
1734691483830579,Bas-Saint-Laurent,-66.8472248,48.7740733,1756044088000
1906174713448490,Bas-Saint-Laurent,-67.7877783,48.4233918,1755964294000
1238453194964103,Bas-Saint-Laurent,-67.7698585,48.4216693,1755963513000
786773893837751,Bas-Saint-Laurent,-67.4366358,48.2753336,1757260820000
1225026899665625,Bas-Saint-Laurent,-67.4313772,48.275032,1757261378000
1132989882198582,Bas-Saint-Laurent,-66.043879038201,48.576173563094,1751299348000
174979848861871,Saguenay-Lac-Saint-Jean,-70.292592059855,48.215926073278,1684508178000
1189418585970831,Bas-Saint-Laurent,-68.949387847471,47.415457732041,1765202851858
738916478926092,Cote-Nord,-62.798537233845,50.306808488161,1752056043416
1459930918684375,Cote-Nord,-62.805673094563,50.291375622417,1752056249291
2298643287238232,Bas-Saint-Laurent,-68.020093795373,48.664903607038,1759844615556
261946976309364,Saguenay-Lac-Saint-Jean,-71.070191849751,48.394294339002,1684500587000
326603802321697,Bas-Saint-Laurent,-69.108542229829,47.691092557267,1406549129000
533858024852504,Bas-Saint-Laurent,-69.28567816353,47.700745070433,1407063765000
1076210261049279,Bas-Saint-Laurent,-68.018742320225,48.665238234741,1759844873157
645857930731780,Saguenay-Lac-Saint-Jean,-71.08165063205,48.383609064382,1685538608000
1102467738718031,Bas-Saint-Laurent,-68.018954133886,48.665087078831,1759919441969
957198642371668,Saguenay-Lac-Saint-Jean,-71.071966096698,48.382527425846,1685538461000
170075868235516,Bas-Saint-Laurent,-69.283329238334,47.69956810219,1406548615000
1114316414149046,Bas-Saint-Laurent,-68.01882873114,48.664798333232,1759917095410
575818559990455,Bas-Saint-Laurent,-69.270139937161,47.693990751386,1406548658000
1107699371536981,Bas-Saint-Laurent,-68.019200275067,48.665203634247,1759919010404
1163833371933882,Bas-Saint-Laurent,-68.019378667275,48.66513305319,1759917954362
1448502959561894,Bas-Saint-Laurent,-68.020547863012,48.665045116586,1759844506983
1390261265842760,Bas-Saint-Laurent,-68.019267074717,48.664902568286,1759845539132
1328363362399981,Bas-Saint-Laurent,-68.019013943642,48.665099056738,1759844067980
1479432402671895,Bas-Saint-Laurent,-67.494043,48.557563,1719662979000
635711852921913,Bas-Saint-Laurent,-67.0118649,48.7001146,1756757125000
768228862621197,Bas-Saint-Laurent,-67.0194188,48.7099464,1756756612000
1755303481673771,Bas-Saint-Laurent,-67.448419,48.663481,1719664787000
122638497217072,Saguenay-Lac-Saint-Jean,-70.0668612,48.1327611,1662565458000
1385520665167170,Abitibi-Temiscamingue,-79.398291668635,47.814836111957,1531060342000
980853740021929,Saguenay-Lac-Saint-Jean,-71.864394448071,48.430185431167,1683374733000
475409343743810,Abitibi-Temiscamingue,-79.394086111111,47.815327777778,1531060354000
1546816726149789,Saguenay-Lac-Saint-Jean,-71.852376780357,48.437712513532,1694796029000
346794651644514,Bas-Saint-Laurent,-66.703083,48.920119,1719674083000
785270570712419,Bas-Saint-Laurent,-67.0060332,48.6803,1756757581000
989187569945647,Bas-Saint-Laurent,-67.00447899147,48.687175922769,1756757263000
702226412964319,Bas-Saint-Laurent,-69.348210697679,47.527617321149,1765143680298
1928775987270946,Abitibi-Temiscamingue,-77.181769446994,48.477283333851,1531238695000
952516915513667,Bas-Saint-Laurent,-69.210196098284,47.690380031911,1406548845000
1266726637962637,Bas-Saint-Laurent,-66.8608905,48.7684374,1756044264000
898513211001611,Abitibi-Temiscamingue,-77.181424993209,48.476805556268,1531238697000
909196579931601,Abitibi-Temiscamingue,-78.114058333333,48.754844444444,1531118780000
1481025352314877,Bas-Saint-Laurent,-69.204713572007,47.691335279501,1407063505000
795296907791490,Abitibi-Temiscamingue,-78.114088886772,48.751550003179,1531118765000
167697649578932,Saguenay-Lac-Saint-Jean,-71.670383382518,48.237770774958,1683373327000
2893749900840048,Bas-Saint-Laurent,-69.147300040494,47.693526409897,1406549019000
1373963067622663,Bas-Saint-Laurent,-66.8151983,48.7664804,1756042259000
765427671030304,Bas-Saint-Laurent,-69.16257883008,47.694389570005,1406548989000
303982031198659,Abitibi-Temiscamingue,-77.153088926246,47.565724853396,1531243443000
1200430118560791,Bas-Saint-Laurent,-66.8027607,48.7624033,1756041875000
758840998776982,Bas-Saint-Laurent,-69.162971114872,47.694515056135,1407063390000
189711306309701,Abitibi-Temiscamingue,-77.151296293704,47.561267026112,1531243460000
1502411744130260,Bas-Saint-Laurent,-67.5199954,48.1991,1757260134000
1437229713592501,Abitibi-Temiscamingue,-77.9304239,47.199722,1627306533418
1128856511833599,Saguenay-Lac-Saint-Jean,-70.020385694363,48.100171844286,1684509471000
2358117954647534,Bas-Saint-Laurent,-68.9299352817,47.403347039276,1765202975905
25231465623183926,Bas-Saint-Laurent,-68.917165410891,47.395016302913,1765203040881
175742251097007,Abitibi-Temiscamingue,-77.360877775951,47.954855551191,1531241443000
522717685559142,Abitibi-Temiscamingue,-77.360870538494,47.957493268254,1531241433000
1471901187500517,Cote-Nord,-61.532757901399,50.18557633028,1752065010625
708176518760332,Bas-Saint-Laurent,-67.608157351509,48.202748267566,1751115601000
1670720010285246,Bas-Saint-Laurent,-67.4310017,48.2429476,1757262556000
774287535532156,Bas-Saint-Laurent,-67.4152512,48.2452158,1757262360000
642460322248671,Bas-Saint-Laurent,-67.430439,48.2467684,1757262857000
1316337516829372,Bas-Saint-Laurent,-67.4159906,48.2574877,1757263268000
1328209778920586,Bas-Saint-Laurent,-67.4520591,48.2313788,1757260520000
782732923287267,Saguenay-Lac-Saint-Jean,-71.458315241204,48.029682181717,1683372312000
761532632346310,Saguenay-Lac-Saint-Jean,-71.437726111181,48.011719723074,1683372228000
4374968136119244,Bas-Saint-Laurent,-69.311787074266,47.505806060047,1765143872786
857295813893844,Bas-Saint-Laurent,-69.291643056136,47.495778351064,1765145683745
797809386189534,Bas-Saint-Laurent,-67.7535871,48.4668969,1755962977000
394669161520897,Abitibi-Temiscamingue,-77.944638884809,48.927316648765,1531119936000
949930369096310,Abitibi-Temiscamingue,-77.94961388902,48.946252777603,1531120008000
1496812348077439,Bas-Saint-Laurent,-68.836901423506,47.378704313237,1765203873805
1167852668794577,Bas-Saint-Laurent,-69.289914284223,47.496976015366,1765145702803
1237159214763001,Bas-Saint-Laurent,-67.4714644,48.2168478,1757260394000
1199804318143333,Bas-Saint-Laurent,-69.284095346622,47.490305747813,1765199116003
809673718063314,Bas-Saint-Laurent,-67.2014922,48.6610463,1756745443000
983434586615114,Bas-Saint-Laurent,-67.216966,48.749706,1719669244000
1045399644038840,Bas-Saint-Laurent,-67.538414233508,48.848682253782,1697532871000
518202209206239,Bas-Saint-Laurent,-69.061118152372,47.668277286652,1406549288000
1677558779108296,Abitibi-Temiscamingue,-79.377545861528,47.131950155098,1531054495000
1226725711978618,Bas-Saint-Laurent,-67.540464247972,48.84819644058,1697533032000
1127823681035290,Bas-Saint-Laurent,-69.071689644397,47.680317933903,1406549258000
144411220981274,Abitibi-Temiscamingue,-77.95695277754,48.955408330337,1531120052000
225667615565430,Abitibi-Temiscamingue,-79.378255450905,47.139986177524,1531054526000
2950691318500694,Bas-Saint-Laurent,-67.535006560895,48.852935630814,1519758032470
914959382621136,Abitibi-Temiscamingue,-77.952697219604,48.964322224041,1531120086000
770011120552545,Bas-Saint-Laurent,-67.525224846168,48.843646371856,1519675803079
297576995927379,Saguenay-Lac-Saint-Jean,-70.043440744665,48.183237846722,1684509089000
566955898937632,Saguenay-Lac-Saint-Jean,-70.03703575169,48.167409901816,1687271515000
1246455782698719,Saguenay-Lac-Saint-Jean,-72.267948993183,48.060327018552,1694800881000
303244941480752,Abitibi-Temiscamingue,-79.268094446071,48.062575000256,1531062014000
1138759964763527,Cote-Nord,-63.451379021206,50.254253968789,1752053634916
1409398786846421,Bas-Saint-Laurent,-65.989790179766,48.572478547593,1751298918000
1278771396056824,Saguenay-Lac-Saint-Jean,-72.269618810236,48.05976401824,1683378382000
954145128458035,Abitibi-Temiscamingue,-79.262733334139,48.051436113189,1531061970000
1178061763588895,Saguenay-Lac-Saint-Jean,-72.262608510249,48.061796527449,1687693937000
1513010196731277,Cote-Nord,-68.179384155571,49.310375042041,1751886108034
785480279994451,Saguenay-Lac-Saint-Jean,-72.16680769714,48.285337673941,1694799893000
366355334910928,Abitibi-Temiscamingue,-77.350661109443,48.217222225025,1531240230000
1286770005310344,Saguenay-Lac-Saint-Jean,-72.163066975709,48.287443596357,1687692948000
1245567259194062,Abitibi-Temiscamingue,-77.347205473248,48.222173082193,1531240210000
817284849925034,Saguenay-Lac-Saint-Jean,-72.160294569975,48.289895704794,1683377184000
181848064520341,Saguenay-Lac-Saint-Jean,-71.238641537939,48.111914756563,1685540638000
2106033039928202,Bas-Saint-Laurent,-67.2295941,48.6644743,1756745225000
803473956970009,Abitibi-Temiscamingue,-78.547536045077,48.226941503267,1531066705000
294946128966868,Abitibi-Temiscamingue,-78.544616666657,48.226019443387,1531066713000
1093994149258507,Bas-Saint-Laurent,-66.971019569988,48.690565003082,1751471741404
1454331245819108,Bas-Saint-Laurent,-67.4506202,48.2255011,1757260490000
3794039950924287,Saguenay-Lac-Saint-Jean,-71.138072,48.285525,1722172718000
992635508140073,Abitibi-Temiscamingue,-77.391355553163,48.112925001676,1531240639000
2014239379310189,Bas-Saint-Laurent,-68.897273453936,47.389607279021,1765203165836
479247183417193,Abitibi-Temiscamingue,-77.392019440651,48.11192499938,1531240643000
826948669388332,Bas-Saint-Laurent,-67.431098,48.685767,1719666373000
523230045354221,Abitibi-Temiscamingue,-79.281163888889,47.012922222222,1531053554000
470761187584627,Abitibi-Temiscamingue,-77.360801652186,47.976692960855,1531241361000
1121774215848481,Saguenay-Lac-Saint-Jean,-70.6007281,48.4138464,1684498032000
1256567808100602,Abitibi-Temiscamingue,-79.280049997712,47.005194442738,1531053520000
504646057566780,Abitibi-Temiscamingue,-77.360823729101,47.973502409954,1531241373000
658068163526261,Bas-Saint-Laurent,-67.3087997,48.146441,1757274607000
310608460499896,Abitibi-Temiscamingue,-78.883719444449,48.215025000232,1531065818000
338053831005917,Abitibi-Temiscamingue,-78.861547222222,48.217730555556,1531065878000
405035601924683,Bas-Saint-Laurent,-66.72626,48.903392,1719673953000
712424361405807,Bas-Saint-Laurent,-67.263394053159,48.079827374724,1751126207000
895671147676508,Abitibi-Temiscamingue,-76.954446999119,47.346761283973,1531244477000
2769772323221615,Bas-Saint-Laurent,-67.2631609,48.0799436,1757274107000
215562236697690,Abitibi-Temiscamingue,-76.956624900531,47.348830506173,1531244468000
1924397994770719,Bas-Saint-Laurent,-67.2796692,48.0633283,1757273386000
1970054916492889,Abitibi-Temiscamingue,-77.261847220842,48.367638889645,1531239525000
283602236758355,Abitibi-Temiscamingue,-77.254548745113,48.375949310633,1531239489000
575069891433940,Saguenay-Lac-Saint-Jean,-70.3721181,48.2388181,1684507917000
234054931657255,Bas-Saint-Laurent,-69.439909486399,47.765646159058,1406548109000
732769104067958,Bas-Saint-Laurent,-69.424467268127,47.758990162901,1406548146000
1092134649801243,Bas-Saint-Laurent,-67.0087896,48.7102363,1756756708000
755205963929782,Bas-Saint-Laurent,-67.7472058,48.0502467,1755378048000
934697160616670,Abitibi-Temiscamingue,-79.473096297422,47.608347453272,1531059337000
4238084906414990,Bas-Saint-Laurent,-67.251485500591,48.649699053977,1756745027000
1202657243538659,Abitibi-Temiscamingue,-79.474376448202,47.607549842266,1531059329000
652175687386661,Bas-Saint-Laurent,-67.7903892,48.4472957,1755973464000
1920598928102837,Abitibi-Temiscamingue,-79.314527780354,47.827986110743,1531060564000
569556877343783,Abitibi-Temiscamingue,-78.567292975346,48.234311835004,1531066649000
812113983019073,Abitibi-Temiscamingue,-79.312941666667,47.827955555556,1531060568000
485071349359892,Abitibi-Temiscamingue,-78.579161112231,48.234427782816,1531066619000
1050896597239800,Bas-Saint-Laurent,-67.251123176877,48.650551142982,1756745035000
1321684389674575,Bas-Saint-Laurent,-67.132393161047,48.766749548637,1756754416000
782606974291013,Bas-Saint-Laurent,-66.8450734,48.7395314,1756044654000
796347019506036,Bas-Saint-Laurent,-67.130638333918,48.76860352631,1756754462000
1984908458937448,Bas-Saint-Laurent,-67.706182,48.469946,1755960891000
1334661604297856,Cote-Nord,-63.396412120822,50.878619626152,1749562135492
1017010480601809,Cote-Nord,-63.396827702911,50.878760827535,1749551701154
495347242725143,Saguenay-Lac-Saint-Jean,-70.671216953646,48.299658819881,1684506803000
1412219156244684,Saguenay-Lac-Saint-Jean,-70.650120714055,48.288211426228,1684506866000
3409739169324694,Bas-Saint-Laurent,-67.461271550672,48.594851853362,1719663473000
1106618459843791,Abitibi-Temiscamingue,-76.969153941738,47.371925237346,1531244373000
1177722446800791,Bas-Saint-Laurent,-67.323473,48.705777,1719667156000
282444963421028,Abitibi-Temiscamingue,-76.964322224834,47.365508334842,1531244401000
873647911244250,Bas-Saint-Laurent,-67.33988,48.69837,1719667013000
1470825480957018,Bas-Saint-Laurent,-67.616033694925,48.169148960239,1751116043000
1179628797066912,Bas-Saint-Laurent,-69.045896083835,47.433953323648,1765202187915
279976747181723,Abitibi-Temiscamingue,-79.416084552314,47.741254984131,1531060018000
959407598544091,Saguenay-Lac-Saint-Jean,-71.26173511899,48.092155431255,1685540729000
370833848330012,Bas-Saint-Laurent,-68.725263387895,47.587876065847,1407061813000
776976966351696,Abitibi-Temiscamingue,-79.423125,47.728975,1531059954000
215929707001161,Bas-Saint-Laurent,-68.723704561665,47.587605975943,1406550573000
1260706708429916,Saguenay-Lac-Saint-Jean,-72.2208228,48.8938397,1719939425000
776114944051326,Saguenay-Lac-Saint-Jean,-71.23939871522,48.14337761039,1685540525000
1528640831712484,Bas-Saint-Laurent,-68.996908855976,47.449110097625,1765202588919
505488205958932,Bas-Saint-Laurent,-66.059210288618,48.608122169546,1751304259000
1450806845933828,Bas-Saint-Laurent,-67.609413870524,48.164470131231,1751116157000
506579608484618,Bas-Saint-Laurent,-66.993919361288,48.806546326048,1719670821000
476622463391566,Abitibi-Temiscamingue,-78.890577779261,48.214133331983,1531065800000
299567398395170,Abitibi-Temiscamingue,-78.908408333304,48.214144444435,1531065754000
1764088171202700,Bas-Saint-Laurent,-66.092663013556,48.661503002304,1751305520000
509449067540672,Bas-Saint-Laurent,-69.323719768993,47.719534577557,1407063901000
1430898048030705,Bas-Saint-Laurent,-66.092197776924,48.656782957968,1751304893000
711857038300704,Bas-Saint-Laurent,-66.058172179849,48.634013398724,1751304555000
1071124026806387,Bas-Saint-Laurent,-68.691320590287,47.558041993282,1407061655000
287238220444259,Saguenay-Lac-Saint-Jean,-71.097965238207,48.369265723655,1685538706000
1371079337523999,Bas-Saint-Laurent,-67.527429697401,48.364302580846,1751113515000
471804644077098,Bas-Saint-Laurent,-68.711649686092,47.580294972763,1406550607000
448701427059119,Bas-Saint-Laurent,-68.713174846867,47.582981563653,1407061774000
243989317521931,Bas-Saint-Laurent,-68.708272387908,47.573674172039,1406550628000
1489161868920236,Bas-Saint-Laurent,-67.465018503051,48.416387592079,1751113081000
513885329631330,Abitibi-Temiscamingue,-78.033550798632,48.763610546213,1531119029000
786697683752041,Bas-Saint-Laurent,-67.10057,48.7633992,1756754712000
466839497979128,Abitibi-Temiscamingue,-78.04324168627,48.764311112717,1531119003000
450852442680668,Abitibi-Temiscamingue,-77.266595704585,47.691905713528,1531242619000
1115704605600609,Abitibi-Temiscamingue,-77.266595839032,47.691905669669,1531242619000
954627921822351,Bas-Saint-Laurent,-69.351581464729,47.730813416367,1407064002000
233949375188639,Abitibi-Temiscamingue,-79.248969428247,48.034613901364,1531061770000
795499344357856,Bas-Saint-Laurent,-69.119118023222,47.691909917744,1406549095000
291097875845896,Abitibi-Temiscamingue,-79.248480557264,48.03338889576,1531061760000
1180865974023659,Bas-Saint-Laurent,-68.902771729866,47.388582595077,1765203108919
174779294523219,Abitibi-Temiscamingue,-77.164366654869,47.576997212945,1531243390000
1290537129414657,Bas-Saint-Laurent,-67.772559,48.4501197,1755963289000
694202840107644,Bas-Saint-Laurent,-67.291118920933,48.111278916163,1751125895000
478654544859953,Bas-Saint-Laurent,-67.45405,48.601223,1719663575000
175323001167777,Abitibi-Temiscamingue,-77.163227199362,47.573254698107,1531243404000
765099859564033,Bas-Saint-Laurent,-67.7829675,48.4495427,1755973822000
1574614683676664,Bas-Saint-Laurent,-67.2891794,48.1105693,1757274361000
1404267057297884,Bas-Saint-Laurent,-67.7897725,48.4475368,1755973470000
1300004031748549,Bas-Saint-Laurent,-67.1472869,48.6976203,1756746999000
216642709956993,Abitibi-Temiscamingue,-77.333822235613,48.23541939419,1531240143000
1699078114007472,Bas-Saint-Laurent,-67.156678,48.6985974,1756747162000
783096850790496,Bas-Saint-Laurent,-67.3569144,48.1760698,1757267253000
1127442857774348,Abitibi-Temiscamingue,-77.334952781871,48.242433336018,1531240116000
1815424619392574,Bas-Saint-Laurent,-67.1599356,48.6808473,1756746075000
1324069842835701,Bas-Saint-Laurent,-67.3491103,48.1728927,1757267428000
746628184665808,Bas-Saint-Laurent,-66.799979,48.7572083,1756041993000
1488148559268194,Bas-Saint-Laurent,-66.7702169,48.7693435,1756040056000
1282377616087809,Bas-Saint-Laurent,-69.348227908173,48.02463171481,1728078488728
1270140308103259,Bas-Saint-Laurent,-67.592597828905,48.253069858963,1751115281000
1068666302111894,Bas-Saint-Laurent,-67.792193412432,48.42439381037,1755963869000
1464394014762903,Bas-Saint-Laurent,-67.8012583,48.4258949,1755972563000
2782498192011421,Abitibi-Temiscamingue,-77.351732112682,47.872081731678,1531241768000
935042710973970,Saguenay-Lac-Saint-Jean,-70.735527640561,48.316880755474,1684506629000
802712592103598,Bas-Saint-Laurent,-67.792209193425,48.424402716802,1755964180000
2298473290283794,Bas-Saint-Laurent,-67.512154085265,48.849209801736,1559383268220
739280683431904,Abitibi-Temiscamingue,-77.345892049851,47.884240136681,1531241720000
501937877624024,Abitibi-Temiscamingue,-77.14801095978,47.554031059281,1531243488000
194145432524882,Abitibi-Temiscamingue,-77.143975306396,47.545876070598,1531243520000
1194193422673295,Bas-Saint-Laurent,-69.153956670583,47.454754095865,1765201723915
472706003975312,Abitibi-Temiscamingue,-77.96101944629,49.002908329991,1531120242000
189215483037700,Abitibi-Temiscamingue,-77.96146944549,49.006213885961,1531120255000
1161069531804952,Bas-Saint-Laurent,-67.360049,48.710125,1719666922000
1293341128321705,Bas-Saint-Laurent,-67.6993968,48.4624152,1755960787000
1296424722272351,Bas-Saint-Laurent,-67.6717217,48.4500211,1755960237000
1373553766344229,Abitibi-Temiscamingue,-78.109808338741,48.661641669071,1531118351000
493687275508714,Saguenay-Lac-Saint-Jean,-70.283599699972,48.0854992,1662557822000
1873505646460516,Bas-Saint-Laurent,-66.869938,48.843217,1719672960000
708311110369949,Bas-Saint-Laurent,-68.763670899827,47.597711890195,1407061944000
116630400473607,Bas-Saint-Laurent,-68.755617749999,47.59306958,1406550493000
1491594325451203,Bas-Saint-Laurent,-67.1846065,48.727925,1756753550000
146275057458743,Abitibi-Temiscamingue,-77.340494939061,47.904097748254,1531241644000
1485216049339318,Bas-Saint-Laurent,-67.1704172,48.7125247,1756747304000
4047382708656767,Abitibi-Temiscamingue,-79.266136109576,48.123205555551,1531062412000
290967815842961,Abitibi-Temiscamingue,-77.346604869119,47.911576871453,1531241612000
367854571333474,Abitibi-Temiscamingue,-79.265997222384,48.121191666651,1531062404000
984231852113170,Bas-Saint-Laurent,-68.874633465697,47.672361731247,1406549842000
464411144829526,Abitibi-Temiscamingue,-79.264333003762,48.11811314081,1531062390000
1190923258036192,Abitibi-Temiscamingue,-78.958168812664,48.220918456099,1531065508000
4621578744524609,Abitibi-Temiscamingue,-78.969483068655,48.223609617048,1531065300000
628359735535836,Saguenay-Lac-Saint-Jean,-71.019673954503,48.45150127249,1684499272000
1491519874513353,Abitibi-Temiscamingue,-78.600561112491,48.232541666798,1531066565000
753927827031481,Cote-Nord,-68.516086133095,49.372775676627,1751897316596
954829502380771,Saguenay-Lac-Saint-Jean,-71.690257410256,48.292860605411,1683373545000
288257379600574,Abitibi-Temiscamingue,-78.598127684993,48.232536042758,1531066571000
654714332779179,Saguenay-Lac-Saint-Jean,-71.690732037136,48.29565928928,1687689508000
1198350445428545,Cote-Nord,-63.498163061158,51.161611919865,1749646978925
1514056262927109,Cote-Nord,-63.497934846125,51.161216074275,1749641137428
1067334440908626,Saguenay-Lac-Saint-Jean,-71.0597531,48.367785,1684500865000
1279900150418888,Cote-Nord,-68.545275408857,49.574546652171,1751911933319
1381346562711892,Saguenay-Lac-Saint-Jean,-71.058730108523,48.367702659037,1685538397000
807166561250983,Saguenay-Lac-Saint-Jean,-72.1628642,48.4467644,1696437805000
1145964166561989,Saguenay-Lac-Saint-Jean,-72.163665864615,48.446982093307,1696437799000
1271576104011526,Saguenay-Lac-Saint-Jean,-71.131810588115,48.163164357752,1722174184000
539368897079251,Abitibi-Temiscamingue,-78.829877778473,48.214122248993,1531065962000
3894546807307474,Abitibi-Temiscamingue,-77.284492069664,48.348071386106,1531239681000
318531299707796,Abitibi-Temiscamingue,-79.249027797503,47.890636721319,1531060931000
469471887467406,Abitibi-Temiscamingue,-77.053336145127,47.441516681404,1531244019000
801550303806207,Abitibi-Temiscamingue,-77.284499997241,48.348063892166,1531239681000
154496503213835,Abitibi-Temiscamingue,-78.825230421743,48.21388445365,1531065974000
265457848605573,Abitibi-Temiscamingue,-79.249113889304,47.899955555851,1531060969000
478691166684124,Abitibi-Temiscamingue,-78.806236107141,48.209941664841,1531066034000
2198160300315941,Abitibi-Temiscamingue,-77.057019459789,47.4427333201,1531244009000
505423051674840,Saguenay-Lac-Saint-Jean,-72.2432664,48.1034297,1683378198000
1257620641608740,Saguenay-Lac-Saint-Jean,-72.241151294065,48.106020683961,1687693752000
321031400418732,Saguenay-Lac-Saint-Jean,-72.2442281,48.1024647,1694800699000
606730078050717,Saguenay-Lac-Saint-Jean,-72.241698345064,48.104842230956,1683378191000
288569113739213,Saguenay-Lac-Saint-Jean,-72.245189594171,48.101404535319,1687693771000
685990993066783,Saguenay-Lac-Saint-Jean,-72.242139064356,48.104673648798,1694800689000
224923863574691,Saguenay-Lac-Saint-Jean,-72.226043325341,48.167719976198,1694800423000
201107049350425,Saguenay-Lac-Saint-Jean,-72.226305909372,48.167514711384,1683377931000
930422528041053,Saguenay-Lac-Saint-Jean,-72.215815,48.1734447,1687693433000
1601948620785272,Cote-Nord,-62.644696170641,50.295876837753,1752056516416
1381203802836926,Cote-Nord,-67.983102645213,51.769226301992,1728068057715
1177943423263969,Cote-Nord,-67.99082627942,51.765242881936,1728068001285
166462299632470,Saguenay-Lac-Saint-Jean,-71.407951539208,47.965011177862,1687687906000
899105507846873,Saguenay-Lac-Saint-Jean,-71.40451869458,47.960282718752,1683371937000
281707551279648,Saguenay-Lac-Saint-Jean,-71.415639183475,47.975565649743,1694788210000
785445083058379,Saguenay-Lac-Saint-Jean,-71.129832699999,48.412969,1692788771636
2713489602181331,Saguenay-Lac-Saint-Jean,-73.269901023967,48.220206005625,1754228644000
1180246383563167,Saguenay-Lac-Saint-Jean,-73.304041054876,48.311359817116,1754230229001
1800860267200135,Saguenay-Lac-Saint-Jean,-73.267270000152,48.228500708038,1754228868000
761564209746270,Saguenay-Lac-Saint-Jean,-73.303848578768,48.311459161917,1754229994000
1725899471376940,Saguenay-Lac-Saint-Jean,-73.303117440908,48.31110822424,1754231005000
625749636244109,Saguenay-Lac-Saint-Jean,-70.487719878502,48.270645540101,1684507491000
722274914139984,Cote-Nord,-62.295780983045,50.267472637802,1752058016291
790493865848684,Saguenay-Lac-Saint-Jean,-72.250149356684,48.077763284261,1687693865000
298588379559778,Saguenay-Lac-Saint-Jean,-72.251043280335,48.083260915082,1694800776000
1712421349208747,Saguenay-Lac-Saint-Jean,-72.251004217562,48.083505875441,1683378277000
1379371639345760,Saguenay-Lac-Saint-Jean,-72.105926220314,48.358585822666,1694799540000
805066821331956,Saguenay-Lac-Saint-Jean,-72.106135543998,48.357559148085,1687692601000
908321600455706,Saguenay-Lac-Saint-Jean,-72.105560186132,48.359569356407,1683376854000
794124778943428,Saguenay-Lac-Saint-Jean,-70.717957532526,48.443670254353,1684498366000
6741909275854250,Saguenay-Lac-Saint-Jean,-70.235689393892,48.393427927792,1684496946000
7190660904384738,Saguenay-Lac-Saint-Jean,-70.253038544939,48.397093942513,1684496997000
961630161547608,Saguenay-Lac-Saint-Jean,-70.764094910191,48.343105140699,1684506499000
813066810050176,Saguenay-Lac-Saint-Jean,-70.766524018332,48.343832706182,1687268809000
962002839025289,Saguenay-Lac-Saint-Jean,-71.110325738651,48.261275500882,1722173110000
2002258753542352,Saguenay-Lac-Saint-Jean,-71.108428,48.259823,1722173125000
1075711740942297,Cote-Nord,-68.115356481522,51.310271642181,1728063433286
2184846331899315,Cote-Nord,-68.123518007107,51.326252674891,1728064004715
1102404764668117,Cote-Nord,-61.913558091946,50.237950917832,1752066958250
648858940984581,Cote-Nord,-61.903075155551,50.236616806753,1752066811041
1076221921066381,Cote-Nord,-63.346546108425,50.857654478078,1749550875303
791734386873369,Cote-Nord,-61.919948246861,50.238616379602,1752066807916
1894265944717866,Cote-Nord,-63.346647350969,50.857654449519,1749562250040
137564919331275,Saguenay-Lac-Saint-Jean,-70.819805802568,48.078096314527,1685536305000
1282372312656571,Saguenay-Lac-Saint-Jean,-70.741001057293,48.318367252641,1684506614000
1915597378812890,Saguenay-Lac-Saint-Jean,-70.825884312219,48.092749715904,1685536388000
804366611100979,Saguenay-Lac-Saint-Jean,-70.74800849274,48.327855893101,1687268887000
749479751259426,Cote-Nord,-61.618129460186,50.163322876065,1752065315208
1033128135365617,Saguenay-Lac-Saint-Jean,-71.430836593993,47.977407907302,1755172247717
1163512794362783,Saguenay-Lac-Saint-Jean,-71.429930826448,47.977534173645,1694792433000
781711534534901,Cote-Nord,-63.466180214447,50.260112686103,1752053576916
3021505224695931,Cote-Nord,-61.469055639977,50.167742292502,1752064640416
543257737772086,Saguenay-Lac-Saint-Jean,-70.145276120427,48.361893676683,1684496691000
1216087299667172,Saguenay-Lac-Saint-Jean,-71.106688682159,48.238961973188,1722173337000
673898402376683,Cote-Nord,-61.610060670216,50.171529405757,1752065273208
1974256420076868,Cote-Nord,-61.604250572396,50.184567104447,1752065271041
912760416452761,Saguenay-Lac-Saint-Jean,-70.2015331,48.3832197,1684496844000
1425714961848138,Cote-Nord,-63.179511463154,50.618968253659,1752075359666
1166859025482490,Cote-Nord,-63.179819840978,50.618443341219,1752075763833
1167475754355940,Saguenay-Lac-Saint-Jean,-71.146964122481,48.153682043526,1722174399000
1889945795154883,Cote-Nord,-63.274962270037,50.650089997204,1748937939949
2959833144198068,Cote-Nord,-63.27472843173,50.650320315333,1748936377987
1417565772915025,Cote-Nord,-63.275091954851,50.65008153206,1748937615654
726584706497156,Cote-Nord,-63.274872550116,50.650525659113,1748936818511
1736499606947000,Cote-Nord,-63.274879755693,50.650160782762,1748937825848
1717374478889283,Cote-Nord,-63.301765378541,50.696896401149,1749548288822
730490243262548,Cote-Nord,-63.301892177431,50.698286982061,1749564519266
1166848557198232,Saguenay-Lac-Saint-Jean,-70.084318699972,48.130732399972,1662565543000
1265696677533883,Saguenay-Lac-Saint-Jean,-70.576002777778,48.027880555556,1661684021215
1685421232339277,Cote-Nord,-63.249903863815,50.333941566597,1749487285231
1243790650817524,Cote-Nord,-63.249923025278,50.333871612496,1749487369215
761008333075586,Cote-Nord,-63.250005689653,50.334018369674,1752072746041
1441172613362211,Saguenay-Lac-Saint-Jean,-70.391108958646,48.426306883945,1684497397000
604867871195954,Saguenay-Lac-Saint-Jean,-70.229258839738,48.218482637243,1662559527000
1206349980762135,Saguenay-Lac-Saint-Jean,-70.203977390368,48.198190387402,1684508528000
3383259781907900,Saguenay-Lac-Saint-Jean,-70.219014299972,48.229568499972,1662559767000
1888323154872645,Saguenay-Lac-Saint-Jean,-70.462900616328,48.434886391347,1684497596000
1069308365377403,Cote-Nord,-68.622410373127,49.466608606682,1751897369215
1444340729435895,Saguenay-Lac-Saint-Jean,-71.072772285395,48.42255773663,1684499666000
2068945643293442,Saguenay-Lac-Saint-Jean,-71.070416666667,48.415596099998,1668100857409
213933767800063,Saguenay-Lac-Saint-Jean,-71.070387700002,48.4155736,1668374243992
250567624190867,Saguenay-Lac-Saint-Jean,-70.6817014,48.432735,1684498263000
665448868780187,Saguenay-Lac-Saint-Jean,-72.004617079476,48.418822658484,1687691185000
863819901916553,Saguenay-Lac-Saint-Jean,-72.00438801967,48.418828169135,1694796667000
1387241062121907,Saguenay-Lac-Saint-Jean,-72.015249384337,48.422887878023,1683375274000
1631219450679284,Saguenay-Lac-Saint-Jean,-70.863008509616,48.260195507418,1685537316000
781128163166593,Saguenay-Lac-Saint-Jean,-71.063981133805,48.668607749998,1664110841205
1667155763712057,Saguenay-Lac-Saint-Jean,-70.889644999009,48.275211340323,1685537402000
541335250993494,Saguenay-Lac-Saint-Jean,-71.063987400002,48.668606099997,1664110807126
1058350375737419,Cote-Nord,-63.450744274568,51.052512828519,1749554835675
1287214686451379,Cote-Nord,-63.450869612921,51.052514723868,1749558285695
643388963873818,Saguenay-Lac-Saint-Jean,-70.2508083,48.1788548,1662559102000
567137092201697,Saguenay-Lac-Saint-Jean,-70.02137735437,48.138226842894,1684509285000
213899767639250,Saguenay-Lac-Saint-Jean,-71.104286141568,48.351982606436,1685538777000
196077636151630,Saguenay-Lac-Saint-Jean,-70.021349336885,48.138488984808,1662566198000
560068906308021,Saguenay-Lac-Saint-Jean,-71.2398614,48.1727481,1685540415000
834563071417582,Saguenay-Lac-Saint-Jean,-70.045447206472,48.341667198879,1684496367000
1942386719452957,Saguenay-Lac-Saint-Jean,-70.871762252773,48.125560147546,1685536603000
624707712912623,Saguenay-Lac-Saint-Jean,-71.46360918449,48.036563568018,1683372342000
260279153324397,Saguenay-Lac-Saint-Jean,-70.996394482324,48.462047406368,1684499174000
1402169223892921,Saguenay-Lac-Saint-Jean,-70.8385631,48.203965,1685537051000
6485293214822213,Saguenay-Lac-Saint-Jean,-70.4877314,48.4333664,1684497667000
2193303477726045,Saguenay-Lac-Saint-Jean,-71.25231313861,48.208058293732,1685540279000
1046701397135998,Cote-Nord,-68.228754248824,51.563622288689,1728066258143
895774965408111,Cote-Nord,-68.217868297118,51.646171317141,1728066780715
1054642295511625,Saguenay-Lac-Saint-Jean,-71.61000127353,48.160994746553,1683372978000
932905831289558,Saguenay-Lac-Saint-Jean,-71.398252933436,47.951489815923,1683371900000
1035336052013035,Cote-Nord,-61.769260279284,50.13000927207,1752065750541
5652327541534219,Saguenay-Lac-Saint-Jean,-71.70875164796,48.414945810319,1683374146000
207761198751192,Saguenay-Lac-Saint-Jean,-70.846223258627,48.244317501135,1685537227000
632954588872185,Saguenay-Lac-Saint-Jean,-71.0619991331,48.400851819797,1684500107000
176430231723913,Saguenay-Lac-Saint-Jean,-71.053319813198,48.413361222372,1684499870000
794977971932941,Saguenay-Lac-Saint-Jean,-71.574267654163,48.134593197381,1683372838000
1349367675612781,Saguenay-Lac-Saint-Jean,-70.153204807406,48.201034743348,1684508666000
1026266529698920,Cote-Nord,-63.310033131766,50.679572874984,1749565774363
3902900380021949,Cote-Nord,-63.305545465238,50.665035611449,1749565691714
3577608302534864,Cote-Nord,-63.307789625004,50.665257385473,1749547186149
3319466788194802,Cote-Nord,-63.309801896869,50.679406953901,1749547326423
958959411971625,Saguenay-Lac-Saint-Jean,-70.978129594393,48.460332067963,1684499123000
489056380679051,Saguenay-Lac-Saint-Jean,-71.105617,48.204067,1722173723000
885637162988563,Saguenay-Lac-Saint-Jean,-71.10840477698,48.219981559578,1722173530000
424565537403974,Saguenay-Lac-Saint-Jean,-71.098533396494,48.027249715246,1722176164000
830598072588784,Saguenay-Lac-Saint-Jean,-71.09445412553,48.02217601565,1722176230000
1483376259742772,Cote-Nord,-63.273710746739,50.297865255487,1752054841750
3356441177974209,Saguenay-Lac-Saint-Jean,-70.2764564,48.105657499972,1662557997000
762607971510829,Saguenay-Lac-Saint-Jean,-70.2777571,48.1282957,1662558212000
579442023869160,Saguenay-Lac-Saint-Jean,-70.2910205,48.078355299972,1662557737000
4093713690892407,Cote-Nord,-63.449909619304,51.118939184585,1749640496659
738244692068606,Cote-Nord,-63.449785911077,51.118894314318,1749648389827
1685600088737288,Cote-Nord,-63.443166279073,51.110318309132,1749557289631
1052193073647763,Cote-Nord,-63.443080804042,51.110358828672,1749556459820
783457899779839,Saguenay-Lac-Saint-Jean,-70.828664966378,48.111222557542,1685536469000
6877768552253178,Saguenay-Lac-Saint-Jean,-70.333524295007,48.235512154004,1684508018000
955892402393608,Saguenay-Lac-Saint-Jean,-71.133980109874,48.316983472287,1685539701000
1794025407659257,Saguenay-Lac-Saint-Jean,-71.13314407673,48.317610706034,1685538971000
1098620938280710,Cote-Nord,-68.148636785649,51.924039300019,1728076642429
870716087951681,Saguenay-Lac-Saint-Jean,-71.160043691063,48.12182289004,1722174737000
543090358419742,Cote-Nord,-68.154189049701,51.92412426036,1728076520750
1102303987895025,Cote-Nord,-68.729438311448,50.632255871691,1728056193750
6016023461780290,Saguenay-Lac-Saint-Jean,-70.256815593092,48.400099129072,1684497015000
1514422196036247,Saguenay-Lac-Saint-Jean,-71.418248251478,47.979914722957,1694788228000
951797322595191,Saguenay-Lac-Saint-Jean,-71.428497287536,48.000950053107,1687688058000
1419979955750304,Saguenay-Lac-Saint-Jean,-71.426537114133,47.999284270847,1755171711551
1813496839599543,Saguenay-Lac-Saint-Jean,-73.283241377362,48.218526688444,1754228540000
1289579622566892,Saguenay-Lac-Saint-Jean,-71.426692313537,47.999404556733,1755181816237
967305471250027,Saguenay-Lac-Saint-Jean,-71.639770457882,48.192337278041,1683373126000
718344477846620,Saguenay-Lac-Saint-Jean,-73.275330224897,48.21988433789,1754228606000
329923252855755,Saguenay-Lac-Saint-Jean,-71.42712752366,47.999716326232,1694793013000
2185220138650698,Cote-Nord,-61.448843782285,50.169104361891,1752064578416
225169020235118,Saguenay-Lac-Saint-Jean,-70.429134148017,48.430164027044,1684497499000
1690933068007206,Saguenay-Lac-Saint-Jean,-70.410218135372,48.427536382991,1684497447000
973175364038871,Saguenay-Lac-Saint-Jean,-70.683935656794,48.30574852311,1684506764000
151514511049785,Saguenay-Lac-Saint-Jean,-71.651723236325,48.209092792588,1683373203000
1315419402691129,Saguenay-Lac-Saint-Jean,-70.879697721819,48.443868471987,1684498802000
1419638975846004,Cote-Nord,-63.252696815196,50.485945537014,1749541977390
1809964123251465,Cote-Nord,-63.252757154019,50.485872559043,1749568070485
2571525533185166,Cote-Nord,-63.563808862607,50.257223829057,1752053338250
1928142404643155,Cote-Nord,-63.252946135093,50.486262469108,1752076402458
1095195385386104,Cote-Nord,-63.252204864082,50.48503426238,1752074400916
1419968162378527,Cote-Nord,-68.458425698811,49.366856088755,1751897166112
1284230219830194,Cote-Nord,-61.736835086495,50.136507593286,1752065656541
994705201940715,Saguenay-Lac-Saint-Jean,-71.730760376882,48.418990218451,1683374216000
1258285491477167,Saguenay-Lac-Saint-Jean,-70.818523088442,48.448435644031,1684498629000
1161675825796462,Cote-Nord,-61.660871929737,50.152817874445,1752065453208
1254101916464354,Cote-Nord,-61.669197226753,50.152812061524,1752065507833
755188875553141,Saguenay-Lac-Saint-Jean,-70.2716539,48.150660199972,1662558397000
1467157477134424,Saguenay-Lac-Saint-Jean,-70.263066499972,48.155411899972,1662558882000
1198423117935370,Cote-Nord,-68.126750388483,51.676892198765,1728067234143
1288765822076676,Saguenay-Lac-Saint-Jean,-70.634736603957,48.419188092466,1684498126000
1270666760283843,Saguenay-Lac-Saint-Jean,-72.2314781,48.1563597,1687693516000
180293514959015,Saguenay-Lac-Saint-Jean,-71.700010091502,48.41105880763,1683374102000
6150850791667983,Saguenay-Lac-Saint-Jean,-72.23183588385,48.154828555032,1683377983000
692463879428993,Saguenay-Lac-Saint-Jean,-72.231065813445,48.158891659541,1694800461000
288437086858870,Saguenay-Lac-Saint-Jean,-70.911937305317,48.330547356932,1685537799000
763765578757035,Saguenay-Lac-Saint-Jean,-70.890479547486,48.336384860985,1684501551000
138120385594372,Saguenay-Lac-Saint-Jean,-70.615425,48.049083333333,1661686550626
190108800648653,Saguenay-Lac-Saint-Jean,-70.497754710839,48.426868234332,1684497707000
207300548840858,Saguenay-Lac-Saint-Jean,-72.237980563695,48.108781555395,1694800671000
818258953022178,Saguenay-Lac-Saint-Jean,-72.239658609425,48.107028644086,1683378182000
1610954052720879,Saguenay-Lac-Saint-Jean,-72.238640367489,48.108887196008,1687693741000
549274634245948,Cote-Nord,-68.217446110447,51.409459276822,1728065423286
538589209116224,Cote-Nord,-68.212984062826,51.400814085758,1728065376571
24007566185531024,Cote-Nord,-62.780662978918,50.313528829598,1752056103416
796050818620322,Saguenay-Lac-Saint-Jean,-70.26064697036,48.200345168638,1684508338000
813590619714749,Saguenay-Lac-Saint-Jean,-71.007063544017,48.347564691529,1684501012000
1281571799173868,Saguenay-Lac-Saint-Jean,-71.006192660442,48.348281741029,1685538254000
1091150265763942,Saguenay-Lac-Saint-Jean,-71.128824717673,48.089219597585,1722175162000
5962861827144362,Saguenay-Lac-Saint-Jean,-70.3110364,48.4080381,1684497173000
1455217612310913,Cote-Nord,-63.258871774714,50.618571291588,1749566093882
3008487249311309,Cote-Nord,-63.257788388601,50.618956050172,1749544947139
202030776026219,Saguenay-Lac-Saint-Jean,-71.666634340116,48.227330570231,1683373285000
904365360674272,Saguenay-Lac-Saint-Jean,-71.669780801068,48.236814301128,1683373323000
610196821043961,Saguenay-Lac-Saint-Jean,-70.962421428872,48.330457666526,1684501259000
659468016023840,Saguenay-Lac-Saint-Jean,-70.961166241935,48.329688938065,1685538042000
894038146206577,Cote-Nord,-68.17284226769,51.370068955408,1728064272285
485327841193659,Cote-Nord,-68.187213907432,51.376290468768,1728065222000
1226969388833412,Cote-Nord,-63.2646142244,50.350566348352,1749487524103
1050484193408508,Cote-Nord,-68.241024961847,51.536465299521,1728066116714
1056007669794583,Cote-Nord,-63.264590864349,50.35045331385,1749487424337
1907343163384143,Cote-Nord,-63.264717723582,50.350209496049,1752072850083
1052261989703951,Cote-Nord,-68.237228252899,51.54991268921,1728066185572
948311853117036,Saguenay-Lac-Saint-Jean,-70.610348058414,48.291230749644,1684507127000
2166798720754418,Cote-Nord,-63.327569266366,50.25918561169,1752054032916
433356379389385,Cote-Nord,-68.086737091482,51.704251494145,1728067416572
888437553351703,Cote-Nord,-68.091303872739,51.700701173383,1728067392571
701177462924518,Cote-Nord,-61.37195550856,50.182051254125,1752064407125
828844535444020,Saguenay-Lac-Saint-Jean,-72.126209971532,48.337717943041,1694799632000
515852410593219,Saguenay-Lac-Saint-Jean,-72.131852009573,48.331607586952,1683376983000
1379849029462621,Saguenay-Lac-Saint-Jean,-72.128544286758,48.335826709374,1687692705000
242001788369465,Saguenay-Lac-Saint-Jean,-72.13271591717,48.328655096968,1694799682000
595336405915334,Saguenay-Lac-Saint-Jean,-71.670883915486,48.356208761323,1687689786000
1450068108862783,Saguenay-Lac-Saint-Jean,-71.678360416718,48.36977090977,1683373878000
548862474099373,Saguenay-Lac-Saint-Jean,-71.674172316359,48.352404767899,1683373798000
967771151031012,Saguenay-Lac-Saint-Jean,-71.06902713442,48.433479723198,1684499592000
778192977272685,Saguenay-Lac-Saint-Jean,-71.243136526186,48.263540465593,1685540061000
170278805666032,Saguenay-Lac-Saint-Jean,-72.190933412541,48.244199536749,1683377612000
1403867810427525,Saguenay-Lac-Saint-Jean,-70.397695920059,48.24820008452,1684507844000
687934350035752,Saguenay-Lac-Saint-Jean,-72.191769609502,48.24295758589,1694800106000
684300496793548,Saguenay-Lac-Saint-Jean,-70.380380279679,48.241442224065,1684507893000
791045065847382,Saguenay-Lac-Saint-Jean,-72.190114670626,48.245129906502,1687693145000
265401356055109,Saguenay-Lac-Saint-Jean,-70.462422250569,48.260932710955,1684507570000
200473729590558,Saguenay-Lac-Saint-Jean,-70.626718286366,48.273774082856,1684506989000
179026327978113,Saguenay-Lac-Saint-Jean,-70.0964701,48.128611999972,1662565728000
249972020955379,Saguenay-Lac-Saint-Jean,-71.231362875929,48.031789717698,1685540964000
244992318077793,Saguenay-Lac-Saint-Jean,-71.83737986051,48.441588841472,1683374600000
3590034814548843,Saguenay-Lac-Saint-Jean,-71.835192058681,48.439754889608,1694795936304
672474611606616,Saguenay-Lac-Saint-Jean,-72.097541727308,48.389450942435,1694799422000
2371028936431682,Saguenay-Lac-Saint-Jean,-72.09818239622,48.391627771601,1683376736000
621117646653383,Saguenay-Lac-Saint-Jean,-72.097988804641,48.390262496545,1687692473000
622194656624466,Saguenay-Lac-Saint-Jean,-70.909654040717,48.447337315807,1684498896000
256415353453877,Saguenay-Lac-Saint-Jean,-71.874094379368,48.415609637246,1683374834000
868713987957246,Saguenay-Lac-Saint-Jean,-71.87622819937,48.414378038707,1694796222000
629959258586092,Saguenay-Lac-Saint-Jean,-71.871473325616,48.418798025757,1683374819000
1265133874132494,Saguenay-Lac-Saint-Jean,-70.110181059213,48.354066722945,1684496580000
201713182742997,Saguenay-Lac-Saint-Jean,-70.570553378309,48.411482918327,1684497947000
3587195018171111,Saguenay-Lac-Saint-Jean,-70.58809338631,48.411727877359,1684497996000
2504325669743138,Saguenay-Lac-Saint-Jean,-71.6363214,48.1826014,1683373086000
1205943210744191,Saguenay-Lac-Saint-Jean,-71.111075,48.189707,1722173881000
634352321475062,Saguenay-Lac-Saint-Jean,-71.5138574673,48.081889158861,1683372563000
1132449472056524,Cote-Nord,-68.606157808704,49.454029938964,1751897363776
4105681259672627,Cote-Nord,-68.602785632301,49.449273989771,1751897361474
1157281701635564,Saguenay-Lac-Saint-Jean,-71.640653881376,48.189147044047,1683373114000
776881290478276,Saguenay-Lac-Saint-Jean,-70.845035654362,48.121234688294,1685536529000
241034935266095,Saguenay-Lac-Saint-Jean,-71.528566357478,48.094750686809,1683372639000
605979088144127,Saguenay-Lac-Saint-Jean,-70.342566418896,48.415523029558,1684497263000
963139268432314,Saguenay-Lac-Saint-Jean,-70.638066996187,48.280974911516,1684506912000
923802322924860,Cote-Nord,-68.009947545464,51.754966650925,1728067895428
558741833340005,Cote-Nord,-68.21151613029,51.469896378236,1728065702000
1727458344807180,Cote-Nord,-63.259200920504,50.380100131372,1749487244323
1030291755907728,Cote-Nord,-63.259106436981,50.380184650421,1749487274821
1803667763844639,Cote-Nord,-63.259151741375,50.380044507466,1752073739750
3944402405825468,Cote-Nord,-62.816582242204,50.287448908945,1752056179291
1438856933462776,Cote-Nord,-66.342037128992,50.204558356801,1718912336000
1677416243003829,Cote-Nord,-66.342936111026,50.20547928131,1718912930000
827155015496679,Cote-Nord,-66.336074186107,50.207163411016,1717095474000
1306829520703722,Cote-Nord,-66.337125829518,50.206792873108,1718913513000
357386753740759,Cote-Nord,-66.33470770018,50.206991201315,1718911978000
1366631420700963,Cote-Nord,-66.336864659614,50.207399343117,1718908322000
713599390831701,Cote-Nord,-66.336357321267,50.207142964445,1718910760000
483915594149472,Cote-Nord,-66.336031062792,50.206391022698,1718911363000
762516150058957,Cote-Nord,-61.48038165168,50.170769138896,1752064671416
2725262007671299,Cote-Nord,-61.294609580375,50.19351703988,1752064174125
683118821448427,Cote-Nord,-62.340448182139,50.281087175781,1752057882291
2255040128300710,Cote-Nord,-62.361491011876,50.281281692593,1752057652875
1310567987164917,Cote-Nord,-62.414207502998,50.297855569445,1752057491875
1093805358935868,Cote-Nord,-62.852298783037,50.294071296175,1752056070291
3595796037395994,Cote-Nord,-68.511967136053,49.32590190901,1751897307920
2735089123356694,Cote-Nord,-61.336626669215,50.188950415978,1752064295125
719620067567518,Cote-Nord,-63.137872667638,50.317379064756,1752054807833
1062760085978043,Cote-Nord,-62.927543990644,50.288326000239,1752055860291
782114707830004,Cote-Nord,-63.156970125742,50.322874411071,1752054752833
750333747753764,Cote-Nord,-63.338930195241,50.257002357615,1752053999916
1120071016916521,Cote-Nord,-63.450110236893,50.949638381232,1749553038456
2190021224844837,Cote-Nord,-63.454710137366,50.920303173071,1749561340110
1087802346589182,Cote-Nord,-63.449948762455,50.949898635555,1749560491654
601375042491635,Cote-Nord,-63.238337482232,50.524794552844,1749543180422
1261101259123939,Cote-Nord,-63.238248196662,50.525020311812,1752076286208
722455010275623,Cote-Nord,-63.238667986191,50.524477493979,1749567965747
1295870498869296,Cote-Nord,-63.238258297885,50.524952855038,1752074641125
1513262342985731,Cote-Nord,-63.480163670031,51.118859300358,1749648463534
743086091584362,Cote-Nord,-63.48019700373,51.118921901472,1749640403866
1410367323406235,Cote-Nord,-62.595718777433,50.281411841934,1752056675416
1225961922358096,Cote-Nord,-63.250124762945,50.469977643527,1749569041459
1055439513199568,Cote-Nord,-63.241900854548,50.453624721658,1749542078358
1251257443125314,Cote-Nord,-63.250114905706,50.469958148094,1752074326916
1424411502087036,Cote-Nord,-63.250040760416,50.469910267084,1749541778759
759740129801004,Cote-Nord,-63.249921953901,50.469982785162,1752076486458
1263240441960478,Cote-Nord,-68.641401933604,49.720545742154,1751968458619
1361239838508984,Cote-Nord,-63.449803522121,51.053373609718,1749554849021
1785524639056209,Cote-Nord,-63.449885822543,51.053409097658,1749558267344
998037805523863,Cote-Nord,-63.45043838498,51.025194097357,1749554481554
23960314410272920,Cote-Nord,-63.450515543575,51.025130723803,1749558187697
799724202627636,Cote-Nord,-62.37798132434,50.287502691367,1752057599875
1169808564902995,Cote-Nord,-63.239093171207,50.455126874388,1749542094607
23862855393330610,Cote-Nord,-63.238954171367,50.455305877081,1749569173457
1081777820760127,Cote-Nord,-63.23892618831,50.45534602248,1752074239916
1254599136412598,Cote-Nord,-62.0421403425,50.228801228186,1752067400458
1047696453616661,Cote-Nord,-63.207801542179,50.558941352726,1749567643993
609114945593051,Cote-Nord,-63.206975004532,50.559593145228,1752076072791
632135183211527,Cote-Nord,-63.206806636278,50.559670739936,1749543131140
700780776325702,Cote-Nord,-63.207494482735,50.55914715779,1752074764541
949731570327234,Cote-Nord,-67.918122569372,51.782198847134,1728068399714
840580614961847,Cote-Nord,-63.29964000967,50.274037039036,1752054717750
24381305368186398,Cote-Nord,-63.321468384043,50.261718148026,1752054052916
1093147712876132,Cote-Nord,-63.270568613399,50.634520447577,1749565820710
1033952288881507,Cote-Nord,-63.270810543509,50.63478036787,1749545222014
1193367315223555,Cote-Nord,-68.158413663785,51.664028549813,1728067125143
1754244975487507,Cote-Nord,-63.224628079409,50.621572769587,1749543374416
2276744792728247,Cote-Nord,-63.224450519559,50.62134999933,1749565851273
1134440728543061,Cote-Nord,-63.360090048217,50.253599671162,1752053940916
1482122429608876,Cote-Nord,-62.754793516761,50.315444300582,1752056175416
1258028212202710,Cote-Nord,-63.099349622392,50.306234428715,1752054918833
532644756184598,Cote-Nord,-68.230384180806,51.605564011513,1728066489428
779547084582249,Cote-Nord,-63.601186951233,50.244804987563,1752053078250
1308279134638555,Cote-Nord,-63.304623338277,50.744470555026,1749564321802
1659264648110919,Cote-Nord,-63.304727048393,50.744699130395,1749548440807
580348888460304,Cote-Nord,-63.449525517619,50.912735730498,1749561445482
1063512849279309,Cote-Nord,-63.508047749165,50.265669859141,1752053446916
1464090437932689,Cote-Nord,-63.206171178163,50.560265853118,1749568117399
2161286351030655,Cote-Nord,-63.194443565697,50.572807834279,1752075999958
1230662968753415,Cote-Nord,-63.193883053426,50.573141082063,1749543297973
1408022470619138,Cote-Nord,-63.206388431123,50.560089182973,1749567636151
1090305846578320,Cote-Nord,-63.193977861158,50.573041223738,1752074839541
1077626884436283,Cote-Nord,-62.733434673324,50.319853012859,1752056236416
3913196228970385,Cote-Nord,-61.426847326834,50.176361455011,1752064511416
3711272002536163,Cote-Nord,-66.307532870698,50.214049193225,1718912211000
761729092842115,Cote-Nord,-66.309228709879,50.213794755575,1718908453000
492989863194824,Cote-Nord,-66.308104593408,50.21445167502,1718912813000
999945204973952,Cote-Nord,-66.308089794476,50.21404808946,1718913378000
1387376898619221,Cote-Nord,-66.309776983285,50.214021254895,1718910873000
490026283474602,Cote-Nord,-66.308135775293,50.214003561253,1718911477000
321252331047771,Cote-Nord,-66.30868086288,50.214112269658,1718912089000
1222764776187273,Cote-Nord,-63.497347620441,51.159784400582,1749646990136
1067422782115419,Cote-Nord,-63.497344349252,51.159932979889,1749641129119
1222042986286097,Cote-Nord,-63.48847603823,51.130379652896,1749648320958
1100927601959049,Cote-Nord,-68.552428638703,49.404380011289,1751897341787
1814240616158233,Cote-Nord,-61.645730995252,50.15291872299,1752065412208
620212630776379,Cote-Nord,-61.878027479664,50.228714226077,1752066468875
1817133595904256,Cote-Nord,-61.889894144693,50.229819404839,1752066759041
698506256268518,Cote-Nord,-63.360145303306,50.877035045178,1749550863225
1252619046597231,Cote-Nord,-63.360070777932,50.876966806562,1749561973530
1245853727196482,Cote-Nord,-63.386050617431,50.877500680666,1749562211602
1103742438246559,Cote-Nord,-63.385859769677,50.877590474498,1749551038266
559817836545773,Cote-Nord,-68.151910461132,51.28852606364,1728063264143
1051637773749696,Cote-Nord,-63.359537740488,50.876977916258,1749561978168
1447424816411921,Cote-Nord,-63.359737809364,50.877039452501,1749550859421
1219047206642461,Cote-Nord,-62.713035437621,50.320047593058,1752056290416
1278799870303313,Cote-Nord,-68.647972513777,49.705418385177,1751968437164
512751831554680,Cote-Nord,-68.069859366068,51.712785684087,1728067481000
1492590725429663,Cote-Nord,-61.924037473208,50.23903985553,1752066820916
1050990547018852,Cote-Nord,-62.962384028556,50.292459155682,1752055759291
1031137409000214,Cote-Nord,-63.449393608003,50.950475544574,1749560487516
1279205677243573,Cote-Nord,-63.449324261554,50.95045806041,1749553044095
1185727516573316,Cote-Nord,-63.433319552959,50.976577722708,1749552956374
1665060540820660,Cote-Nord,-63.433364204947,50.976497789754,1749560678507
3359473851015895,Cote-Nord,-68.193780253522,51.37895337742,1728065260429
705357395762334,Cote-Nord,-63.448907323059,51.006320609869,1749554757763
1212809640080457,Cote-Nord,-63.448997118404,51.006275270826,1749558441985
